YEAR,ACTUAL_FAULTS,PRED_FAULTS,SWITCH_ID,MODEL,PRED_FAULTS_INT,YEAR_FAULT_PROB_PCT
2024,2,5.0,1102,SeasonalBaseline,5,99.33
2018,2,0.14321104880253502,1103,SARIMAX,0,13.34
2019,2,4.509202385592979,1103,SARIMAX,5,98.9
2020,2,5.017697227710083,1103,SARIMAX,5,99.34
2021,2,4.274342831598752,1103,SARIMAX,4,98.61
2022,2,4.269918535384912,1103,SARIMAX,4,98.6
2023,1,4.284957453161151,1103,SARIMAX,4,98.62
2024,0,3.9026509385597,1103,SARIMAX,4,97.98
2025,1,0.6637171419171263,1103,SARIMAX,1,48.51
2017,2,11.174388907404264,1129,SARIMAX,11,100.0
2018,2,13.483396841625163,1129,SARIMAX,13,100.0
2019,1,1.8407844289418311,1129,SARIMAX,2,84.13
2020,2,14.49762990469012,1129,SARIMAX,14,100.0
2021,2,4.339919012670627,1129,SARIMAX,4,98.7
2017,2,0.0628075306946835,1133,"Blend[SARIMAX,NB]",0,6.09
2018,2,2.261136204146063,1133,"Blend[SARIMAX,NB]",2,89.58
2019,3,2.628224984647554,1133,"Blend[SARIMAX,NB]",3,92.78
2020,5,3.0055822445417113,1133,"Blend[SARIMAX,NB]",3,95.05
2021,2,2.439544691395861,1133,"Blend[SARIMAX,NB]",2,91.28
2022,4,2.1866077488885534,1133,"Blend[SARIMAX,NB]",2,88.77
2023,2,2.0151916571283617,1133,"Blend[SARIMAX,NB]",2,86.67
2024,2,1.9288782200493984,1133,"Blend[SARIMAX,NB]",2,85.47
2025,1,0.5755516330483738,1133,"Blend[SARIMAX,NB]",1,43.76
2017,1,0.2678571429205674,1135,SARIMAX,0,23.5
2018,0,4.00119040360885,1135,SARIMAX,4,98.17
2019,2,0.26787269737711394,1135,SARIMAX,0,23.5
2020,1,2.631756301764635,1135,SARIMAX,3,92.8
2021,0,2.800007675295692,1135,SARIMAX,3,93.92
2022,0,2.2400061403196316,1135,SARIMAX,2,89.35
2023,0,1.866671783629556,1135,SARIMAX,2,84.54
2024,0,1.6000043858926989,1135,SARIMAX,2,79.81
2025,1,0.46666667935067907,1135,SARIMAX,0,37.29
2018,2,15.01057427971653,1143,SARIMAX,15,100.0
2019,0,0.2903025577535522,1143,SARIMAX,0,25.2
2020,0,0.0015293347448893044,1143,SARIMAX,0,0.15
2021,0,0.0007282453528992193,1143,SARIMAX,0,0.07
2022,0,0.0003930943110304401,1143,SARIMAX,0,0.04
2023,1,1.8595765647929117,1143,SARIMAX,2,84.43
2024,0,2.4415948530427887,1143,SARIMAX,2,91.3
2025,1,0.14754363449188146,1143,SARIMAX,0,13.72
2016,1,2.5741206652929796,1151,SARIMAX,3,92.38
2017,0,1.8410805259209644,1151,SARIMAX,2,84.14
2018,0,0.41071448496673796,1151,SARIMAX,0,33.68
2019,2,0.6718324923716191,1151,SARIMAX,1,48.92
2020,1,5.392165644419187,1151,SARIMAX,5,99.54
2021,0,4.3393281249870554,1151,SARIMAX,4,98.7
2022,1,2.3571116811636195,1151,SARIMAX,2,90.53
2023,1,2.767898324834952,1151,SARIMAX,3,93.72
2024,2,2.4780028882984504,1151,SARIMAX,2,91.61
2017,2,2.807676481664986,1159,SARIMAX,3,93.97
2018,0,1.268733768536581,1159,SARIMAX,1,71.88
2019,0,0.19404145190697902,1159,SARIMAX,0,17.64
2020,0,0.04097741335130488,1159,SARIMAX,0,4.01
2021,0,0.00896952216317114,1159,SARIMAX,0,0.89
2022,5,3.8038576503624197,1159,SARIMAX,4,97.77
2023,1,2.280857392314154,1159,SARIMAX,2,89.78
2017,2,0.0001257302939701611,1163,SARIMAX,0,0.01
2018,0,16.406123044542916,1163,SARIMAX,16,100.0
2019,0,3.9390632531009206,1163,SARIMAX,4,98.05
2020,0,2.4583863099934837,1163,SARIMAX,2,91.44
2021,1,1.6858151991724482,1163,SARIMAX,2,81.47
2022,0,3.7851304592441264,1163,SARIMAX,4,97.73
2023,0,2.728970146133473,1163,SARIMAX,3,93.47
2024,0,2.0045274248844605,1163,SARIMAX,2,86.53
2025,1,1.0000000000000073,1163,SARIMAX,1,63.21
2019,1,4.012273011656103,1171,SARIMAX,4,98.19
2020,1,5.027422395541047,1171,SARIMAX,5,99.34
2021,0,3.3152847087881807,1171,SARIMAX,3,96.37
2022,1,1.5962656985339696,1171,SARIMAX,2,79.73
2017,1,2.25,1172,SeasonalBaseline,2,89.46
2018,2,3.25,1172,SeasonalBaseline,3,96.12
2017,1,3.051672070603545e-06,1192,SARIMAX,0,0.0
2018,0,1.9999943222945862,1192,SARIMAX,2,86.47
2019,0,2.026759779883539e-14,1192,SARIMAX,0,0.0
2020,0,4.31325483788555e-21,1192,SARIMAX,0,0.0
2021,1,6.103334798650106e-06,1192,SARIMAX,0,0.0
2022,2,2.0,1192,SARIMAX,2,86.47
2019,1,20.0,1193,SARIMAX,20,100.0
2020,2,100.33526136574018,1193,SARIMAX,100,100.0
2021,0,181.99963189867583,1193,SARIMAX,182,100.0
2022,1,21.000000002921148,1193,SARIMAX,21,100.0
2017,1,2.1664892139385987,1196,SARIMAX,2,88.54
2018,2,4.9070448185502045,1196,SARIMAX,5,99.26
2019,1,2.128322244618419,1196,SARIMAX,2,88.1
2020,1,1.206335172770819,1196,SARIMAX,1,70.07
2017,11,5.984779154770629,1285,SARIMAX,6,99.75
2018,5,16.69149640868395,1285,SARIMAX,17,100.0
2019,3,3.8081332420488936,1285,SARIMAX,4,97.78
2017,2,7.446550903814188,1289,SARIMAX,7,99.94
2018,2,8.18167509111058,1289,SARIMAX,8,99.97
2019,1,2.8726462487433917,1289,SARIMAX,3,94.35
2020,0,2.246027361161204,1289,SARIMAX,2,89.42
2021,0,1.0498042914749097,1289,SARIMAX,1,65.0
2022,1,0.7235060689587165,1289,SARIMAX,1,51.5
2023,1,2.582090946426698,1289,SARIMAX,3,92.44
2024,2,2.8451941308388857,1289,SARIMAX,3,94.19
2016,1,1.6026473362649294,22001,SARIMAX,2,79.86
2017,1,2.2368097361555384,22001,SARIMAX,2,89.32
2018,2,8.445102982939481,22001,SARIMAX,8,99.98
2019,0,4.198327664067128,22001,SARIMAX,4,98.5
2020,2,2.240189684881167,22001,SARIMAX,2,89.36
2021,2,3.67069833957576,22001,SARIMAX,4,97.45
2022,2,3.1419467093967066,22001,SARIMAX,3,95.68
2023,1,2.401255295506761,22001,SARIMAX,2,90.94
2020,1,3.395902029446808,33001,SARIMAX,3,96.65
2021,2,6.08568279848159,33001,SARIMAX,6,99.77
2022,0,2.9488588737960857,33001,SARIMAX,3,94.76
2023,0,0.27537991911106674,33001,SARIMAX,0,24.07
2024,2,1.9999908173959389,33001,SARIMAX,2,86.47
2016,2,2.0760554129836702e-29,33002,SARIMAX,0,0.0
2017,0,0.8666666666666667,33002,SARIMAX,1,57.96
2018,0,0.5333333333333333,33002,SARIMAX,1,41.34
2019,0,0.5333333333333333,33002,SARIMAX,1,41.34
2020,1,0.6666666666666666,33002,SARIMAX,1,48.66
2021,2,0.8666666666666667,33002,SARIMAX,1,57.96
2022,1,0.2,33002,SARIMAX,0,18.13
2017,3,6.826923268750144,33011,SARIMAX,7,99.89
2018,1,6.19971224826085,33011,SARIMAX,6,99.8
2019,0,5.897421210119487,33011,SARIMAX,6,99.73
2020,0,9.752492603105286e-05,33011,SARIMAX,0,0.01
2021,0,2.3796684975041697e-09,33011,SARIMAX,0,0.0
2022,0,5.940946902119063e-14,33011,SARIMAX,0,0.0
2023,2,2.0,33011,SARIMAX,2,86.47
2017,1,2.1568941712953325,33015,SARIMAX,2,88.43
2018,0,0.7452502477763399,33015,SARIMAX,1,52.54
2019,1,1.6328192376237822,33015,SARIMAX,2,80.46
2020,1,1.6054892470334712,33015,SARIMAX,2,79.92
2021,1,1.8645718791995263,33015,SARIMAX,2,84.5
2022,2,2.409917428720071,33015,SARIMAX,2,91.02
2023,0,1.9780808525861877,33015,SARIMAX,2,86.17
2024,1,1.3529042511498943,33015,SARIMAX,1,74.15
2017,2,5.0,33017,SeasonalBaseline,5,99.33
2018,1,1.0,33017,SeasonalBaseline,1,63.21
2019,2,40.25,33020,SARIMAX,40,100.0
2020,2,180.5,33020,SARIMAX,180,100.0
2021,0,180.25,33020,SARIMAX,180,100.0
2022,2,101.00056153655632,33020,SARIMAX,101,100.0
2023,1,101.25244009275188,33020,SARIMAX,101,100.0
2018,2,22.672821658557183,33021,SARIMAX,23,100.0
2019,0,0.3099683192524753,33021,SARIMAX,0,26.65
2020,1,0.7300962733388674,33021,SARIMAX,1,51.81
2021,0,4.7668815090940555,33021,SARIMAX,5,99.15
2022,0,3.3709519795056,33021,SARIMAX,3,96.56
2023,0,2.6074961645563937,33021,SARIMAX,3,92.63
2024,0,2.1267832415062546,33021,SARIMAX,2,88.08
2025,1,0.16078213019808435,33021,SARIMAX,0,14.85
2017,1,3.0280049062845746,33022,SARIMAX,3,95.16
2018,0,0.6697572615517061,33022,SARIMAX,1,48.82
2019,1,5.820895251676636,33022,SARIMAX,6,99.7
2020,1,1.596109770769301,33022,SARIMAX,2,79.73
2018,1,0.0,33024,SARIMAX,0,0.0
2019,0,0.0,33024,SARIMAX,0,0.0
2020,0,0.0,33024,SARIMAX,0,0.0
2021,0,0.0,33024,SARIMAX,0,0.0
2022,0,0.0,33024,SARIMAX,0,0.0
2023,1,0.0,33024,SARIMAX,0,0.0
2017,1,0.0,33025,SARIMAX,0,0.0
2018,0,0.0,33025,SARIMAX,0,0.0
2019,0,0.0,33025,SARIMAX,0,0.0
2020,0,0.0,33025,SARIMAX,0,0.0
2021,1,0.0,33025,SARIMAX,0,0.0
2017,1,1.1843044557418247,33026,SARIMAX,1,69.4
2018,4,3.790235508989713,33026,SARIMAX,4,97.74
2019,1,4.187088293977258,33026,SARIMAX,4,98.48
2020,0,2.0724625832005144,33026,SARIMAX,2,87.41
2021,2,1.5269266544469335,33026,SARIMAX,2,78.28
2022,1,1.4985476110275249,33026,SARIMAX,1,77.65
2023,6,2.7467523824103415,33026,SARIMAX,3,93.59
2024,3,3.586997330686754,33026,SARIMAX,4,97.23
2017,1,4.218036386613298,33027,SARIMAX,4,98.53
2018,2,7.032898084598178,33027,SARIMAX,7,99.91
2019,2,10.551665235287572,33027,SARIMAX,11,100.0
2020,1,7.707750572198931,33027,SARIMAX,8,99.96
2021,1,6.759238338326965,33027,SARIMAX,7,99.88
2022,0,5.498497311305212,33027,SARIMAX,5,99.59
2023,2,2.711019881562729,33027,SARIMAX,3,93.35
2017,1,3.5418327634171307,33028,SARIMAX,4,97.1
2018,1,2.4235632393808544,33028,SARIMAX,2,91.14
2019,0,3.827840575988478,33028,SARIMAX,4,97.82
2020,2,3.45263175041483,33028,SARIMAX,3,96.83
2021,1,0.7793995695911424,33028,SARIMAX,1,54.13
2017,2,2.5806465759304267,33029,SARIMAX,3,92.43
2018,2,3.6290525582570954,33029,SARIMAX,4,97.35
2017,2,3.8137674488698527,33030,SARIMAX,4,97.79
2018,0,3.178139276122973,33030,SARIMAX,3,95.83
2019,0,1.1658513972608475,33030,SARIMAX,1,68.83
2020,0,0.8564895132709047,33030,SARIMAX,1,57.53
2021,0,0.785756673590289,33030,SARIMAX,1,54.42
2022,2,1.568800857575888,33030,SARIMAX,2,79.17
2023,2,4.037540802254437,33030,SARIMAX,4,98.24
2024,2,1.5432857616809919,33030,SARIMAX,2,78.63
2022,1,0.0,33031,SARIMAX,0,0.0
2023,0,0.0,33031,SARIMAX,0,0.0
2024,2,0.0,33031,SARIMAX,0,0.0
2017,2,3.8357067096122157,33032,SARIMAX,4,97.84
2018,1,3.838159481244387,33032,SARIMAX,4,97.85
2019,0,2.729754579377667,33032,SARIMAX,3,93.48
2020,0,1.5371183141709115,33032,SARIMAX,2,78.5
2021,1,1.5803699133585645,33032,SARIMAX,2,79.41
2022,1,2.1854213921967376,33032,SARIMAX,2,88.76
2023,2,2.4503950815090474,33032,SARIMAX,2,91.37
2024,2,2.1513423217486602,33032,SARIMAX,2,88.37
2018,1,0.1902079067002125,33036,SARIMAX,0,17.32
2019,1,8.010139330436395,33036,SARIMAX,8,99.97
2020,1,3.7871002201645227,33036,SARIMAX,4,97.73
2021,3,5.093910600938902,33036,SARIMAX,5,99.39
2022,0,10.391948842547773,33036,SARIMAX,10,100.0
2023,0,8.186167740642443,33036,SARIMAX,8,99.97
2024,2,2.66883894398362,33036,SARIMAX,3,93.07
2018,1,2.071623941467699,33037,SARIMAX,2,87.4
2019,0,1.4685483996531088,33037,SARIMAX,1,76.97
2020,2,2.1894557224210294,33037,SARIMAX,2,88.8
2021,3,3.385290827034227,33037,SARIMAX,3,96.61
2022,0,2.590964621442566,33037,SARIMAX,3,92.51
2023,1,0.3178781722924199,33037,SARIMAX,0,27.23
2017,1,0.0,33039,SARIMAX,0,0.0
2018,0,0.0,33039,SARIMAX,0,0.0
2019,0,0.0,33039,SARIMAX,0,0.0
2020,0,0.0,33039,SARIMAX,0,0.0
2021,0,0.0,33039,SARIMAX,0,0.0
2022,1,0.0,33039,SARIMAX,0,0.0
2022,1,4.0,33043,SeasonalBaseline,4,98.17
2023,1,1.0,33043,SeasonalBaseline,1,63.21
2019,1,5.9666225570799,33045,SARIMAX,6,99.74
2020,1,6.13165938190262,33045,SARIMAX,6,99.78
2021,0,0.9816763986783926,33045,SARIMAX,1,62.53
2022,0,0.3710211341526444,33045,SARIMAX,0,31.0
2023,1,1.9588460836080768,33045,SARIMAX,2,85.9
2024,1,1.960891627066845,33045,SARIMAX,2,85.93
2017,2,3.428806878241716,33052,SARIMAX,3,96.76
2018,0,2.083979216476072,33052,SARIMAX,2,87.56
2019,0,0.75,33052,SARIMAX,1,52.76
2020,1,0.9004286465185047,33052,SARIMAX,1,59.36
2021,2,2.0,33052,SARIMAX,2,86.47
2016,1,0.0,33053,SARIMAX,0,0.0
2017,0,1.2570507161040971,33053,SARIMAX,1,71.55
2018,1,1.6214209734253167,33053,SARIMAX,2,80.24
2019,1,1.1023325964518245,33053,SARIMAX,1,66.79
2020,2,1.0874259764061576,33053,SARIMAX,1,66.29
2021,3,1.8625974511074603,33053,SARIMAX,2,84.47
2022,2,2.210896508323316,33053,SARIMAX,2,89.04
2023,1,2.1669144152289275,33053,SARIMAX,2,88.55
2024,1,0.8375528213086662,33053,SARIMAX,1,56.72
2017,1,2.999758293844566,33054,SARIMAX,3,95.02
2018,0,1.7569529915865227,33054,SARIMAX,2,82.74
2019,1,1.477873570651727,33054,SARIMAX,1,77.19
2020,2,3.2167772172750317,33054,SARIMAX,3,95.99
2021,3,3.6111708150103157,33054,SARIMAX,4,97.3
2022,7,7.396934549694457,33054,SARIMAX,7,99.94
2023,1,8.393564150051617,33054,SARIMAX,8,99.98
2024,4,5.194387197532181,33054,SARIMAX,5,99.45
2016,1,0.6932042954984204,33055,SARIMAX,1,50.0
2017,2,1.6398060127917138,33055,SARIMAX,2,80.6
2018,2,1.6509857078791796,33055,SARIMAX,2,80.81
2019,1,1.4106756533995166,33055,SARIMAX,1,75.6
2020,3,1.1134780099030845,33055,SARIMAX,1,67.16
2021,1,0.9148692206833484,33055,SARIMAX,1,59.94
2017,1,3.665239522380121,33056,SARIMAX,4,97.44
2018,1,1.3425900636525698,33056,SARIMAX,1,73.88
2019,0,4.301536316155841,33056,SARIMAX,4,98.65
2020,0,2.0797570595476067,33056,SARIMAX,2,87.5
2021,1,1.4675443636073573,33056,SARIMAX,1,76.95
2022,1,2.8240259525049103,33056,SARIMAX,3,94.06
2023,1,2.364410396672011,33056,SARIMAX,2,90.6
2024,1,2.8249733834689175,33056,SARIMAX,3,94.07
2019,2,3.805059488839157,33059,SARIMAX,4,97.77
2020,0,1.1382043832049997,33059,SARIMAX,1,67.96
2021,1,1.768960578432644,33059,SARIMAX,2,82.95
2022,0,0.7382541376696493,33059,SARIMAX,1,52.21
2023,3,2.1567730060313184,33059,SARIMAX,2,88.43
2024,3,3.0215779972113337,33059,SARIMAX,3,95.13
2017,1,0.0,33062,SARIMAX,0,0.0
2018,0,5.371026839825257,33062,SARIMAX,5,99.54
2019,0,9.74337896071193e-05,33062,SARIMAX,0,0.01
2020,2,4.607251904868768,33062,SARIMAX,5,99.0
2021,0,4.013916247773437,33062,SARIMAX,4,98.19
2022,0,2.8897131218885734,33062,SARIMAX,3,94.44
2023,0,2.25933886574946,33062,SARIMAX,2,89.56
2024,1,0.6558810708877244,33062,SARIMAX,1,48.1
2018,2,3.1942956262728677,33063,"Blend[SARIMAX,NB]",3,95.9
2019,2,2.125795570592957,33063,"Blend[SARIMAX,NB]",2,88.07
2020,0,1.598965064268971,33063,"Blend[SARIMAX,NB]",2,79.79
2021,0,0.6645673678352523,33063,"Blend[SARIMAX,NB]",1,48.55
2022,1,0.3946075270786311,33063,"Blend[SARIMAX,NB]",0,32.61
2023,1,0.9292739368711237,33063,"Blend[SARIMAX,NB]",1,60.52
2024,2,1.6041419323057258,33063,"Blend[SARIMAX,NB]",2,79.89
2016,2,3.7341590340106787,33064,SARIMAX,4,97.61
2017,1,4.468332692638952,33064,SARIMAX,4,98.85
2018,3,3.000005227808563,33064,SARIMAX,3,95.02
2016,2,2.000002016670057,33065,SARIMAX,2,86.47
2017,3,8.000005683425757,33065,SARIMAX,8,99.97
2018,0,1.5000263971898933,33065,SARIMAX,2,77.69
2019,2,2.0,33065,SARIMAX,2,86.47
2018,1,5.095049231724135,33069,SARIMAX,5,99.39
2019,0,0.337592313720574,33069,SARIMAX,0,28.65
2020,1,4.069944703905695,33069,SARIMAX,4,98.29
2021,0,2.4985943018070036,33069,SARIMAX,2,91.78
2022,0,1.68291826697766,33069,SARIMAX,2,81.42
2023,1,1.7599805574974308,33069,SARIMAX,2,82.8
2024,1,1.72548452678387,33069,SARIMAX,2,82.19
2016,1,0.0,33070,SARIMAX,0,0.0
2017,3,22.16341221788736,33070,SARIMAX,22,100.0
2018,1,8.226778716819876,33070,SARIMAX,8,99.97
2019,0,4.390288463404536,33070,SARIMAX,4,98.76
2020,2,3.7909429165671673,33070,SARIMAX,4,97.74
2021,0,5.198940477740278,33070,SARIMAX,5,99.45
2022,2,3.8461432675093374,33070,SARIMAX,4,97.86
2023,3,5.361564293199727,33074,SARIMAX,5,99.53
2024,3,2.914853110170257,33074,SARIMAX,3,94.58
2017,3,12.787289542941558,33075,SARIMAX,13,100.0
2018,0,26.247422252904567,33075,SARIMAX,26,100.0
2019,0,3.186290526154643,33075,SARIMAX,3,95.87
2020,0,0.8,33075,SARIMAX,1,55.07
2021,1,3.2734710686436848,33075,SARIMAX,3,96.21
2022,1,0.7387339089668835,33075,SARIMAX,1,52.23
2018,1,1.5217998573847897,33081,SARIMAX,2,78.17
2019,0,1.614533219292658,33081,SARIMAX,2,80.1
2020,2,2.6961685997974096,33081,SARIMAX,3,93.25
2021,1,3.265686456776305,33081,SARIMAX,3,96.18
2022,3,3.4314101278939693,33081,SARIMAX,3,96.77
2023,1,4.579431371552169,33081,SARIMAX,5,98.97
2024,1,0.5544328139111784,33081,SARIMAX,1,42.56
2017,1,1.2925954510325628,33082,SARIMAX,1,72.54
2018,1,3.3687027578191358,33082,SARIMAX,3,96.56
2019,1,2.5226955423481745,33082,SARIMAX,3,91.98
2020,0,1.3702568985834258,33082,SARIMAX,1,74.6
2021,2,1.7631831282736576,33082,SARIMAX,2,82.85
2022,0,1.745398947267525,33082,SARIMAX,2,82.54
2023,1,1.137919288557637,33082,SARIMAX,1,67.95
2024,1,0.9748475557084378,33082,SARIMAX,1,62.28
2017,1,2.79467341849199,33084,SARIMAX,3,93.89
2018,0,0.5001744216978359,33084,SARIMAX,1,39.36
2019,1,2.6058567525119605,33084,SARIMAX,3,92.62
2020,0,0.39195731362017705,33084,SARIMAX,0,32.43
2021,2,2.5222060560656496,33084,SARIMAX,3,91.97
2022,1,0.5077297805069004,33084,SARIMAX,1,39.81
2016,1,12.910132708821319,33085,SARIMAX,13,100.0
2017,0,0.12505131310282222,33085,SARIMAX,0,11.75
2018,1,12.500957798431092,33085,SARIMAX,13,100.0
2019,0,7.783216589440386,33085,SARIMAX,8,99.96
2020,0,4.821854445113454,33085,SARIMAX,5,99.19
2021,0,3.502652392857282,33085,SARIMAX,4,96.99
2022,0,2.7523428651151947,33085,SARIMAX,3,93.62
2023,0,2.2674469301858933,33085,SARIMAX,2,89.64
2024,1,1.0,33085,SARIMAX,1,63.21
2016,1,1.1685174219297516,33087,SARIMAX,1,68.92
2017,1,1.947529112806523,33087,SARIMAX,2,85.74
2018,1,2.001850673615,33087,SARIMAX,2,86.49
2019,1,2.131251203690776,33087,SARIMAX,2,88.13
2020,2,2.2544832302818247,33087,SARIMAX,2,89.51
2021,0,1.9738133503330082,33087,SARIMAX,2,86.11
2022,2,1.3997194328547784,33087,SARIMAX,1,75.33
2023,1,0.7731454958576722,33087,SARIMAX,1,53.84
2017,2,9.289823930723509,33088,SARIMAX,9,99.99
2018,0,8.819693285315994,33088,SARIMAX,9,99.99
2019,0,1.3498231695656877,33088,SARIMAX,1,74.07
2020,0,0.8244203316099494,33088,SARIMAX,1,56.15
2021,0,0.5829428362727375,33088,SARIMAX,1,44.17
2022,1,4.589057777296935,33088,SARIMAX,5,98.98
2023,2,3.8615313918347796,33088,SARIMAX,4,97.9
2020,1,0.0,33093,SARIMAX,0,0.0
2021,0,0.0,33093,SARIMAX,0,0.0
2022,1,0.0,33093,SARIMAX,0,0.0
2017,3,7.739821821672898,33094,SARIMAX,8,99.96
2018,0,0.8288896502678835,33094,SARIMAX,1,56.35
2019,0,0.00044971229347369083,33094,SARIMAX,0,0.04
2020,0,0.00016257022169497253,33094,SARIMAX,0,0.02
2021,1,0.3618983776351601,33094,SARIMAX,0,30.36
2022,0,1.3457355825851756,33094,SARIMAX,1,73.97
2023,2,1.2975085079612918,33094,SARIMAX,1,72.68
2018,1,0.00019172768258275908,33096,SARIMAX,0,0.02
2019,1,3.000000027067904,33096,SARIMAX,3,95.02
2020,0,1.5003835036002742,33096,SARIMAX,2,77.7
2021,1,1.0000000357144063,33096,SARIMAX,1,63.21
2019,2,2.566026621557847,33097,SARIMAX,3,92.32
2020,2,2.507696338441954,33097,SARIMAX,3,91.85
2021,1,3.7401404844854564,33097,SARIMAX,4,97.62
2022,0,2.2263029217765657,33097,SARIMAX,2,89.21
2023,3,2.2262553775600025,33097,SARIMAX,2,89.21
2024,0,2.2935390152912407,33097,SARIMAX,2,89.91
2025,1,0.32100651141363334,33097,SARIMAX,0,27.46
2017,1,9.63229196894934,33098,SARIMAX,10,99.99
2018,1,11.515974682640532,33098,SARIMAX,12,100.0
2019,1,0.9316601377789906,33098,SARIMAX,1,60.61
2020,0,4.858362509148975,33098,SARIMAX,5,99.22
2021,0,3.365062178384667,33098,SARIMAX,3,96.54
2022,0,2.5349220308527745,33098,SARIMAX,3,92.07
2023,1,1.7242960187430665,33098,SARIMAX,2,82.17
2019,1,3.8345842415969695,33099,SARIMAX,4,97.84
2020,0,2.984884370619869,33099,SARIMAX,3,94.95
2021,0,0.022297239433215744,33099,SARIMAX,0,2.21
2022,0,0.014314564673048615,33099,SARIMAX,0,1.42
2023,2,4.191978882852068,33099,SARIMAX,4,98.49
2024,1,4.241951220093133,33099,SARIMAX,4,98.56
2016,1,0.0,33100,SARIMAX,0,0.0
2017,1,2.6666666685761293,33100,SARIMAX,3,93.05
2018,0,1.199999999999803,33100,SARIMAX,1,69.88
2019,0,0.20001213220349823,33100,SARIMAX,0,18.13
2020,0,0.20000000014719105,33100,SARIMAX,0,18.13
2021,1,0.0,33100,SARIMAX,0,0.0
2017,1,2.211740709536695,33101,SARIMAX,2,89.05
2018,0,2.4744936944908384,33101,SARIMAX,2,91.58
2019,2,4.07297448960578,33101,SARIMAX,4,98.3
2020,2,6.287332721453404,33101,SARIMAX,6,99.81
2021,1,5.252662739189454,33101,SARIMAX,5,99.48
2022,1,2.977875572821774,33101,SARIMAX,3,94.91
2023,3,3.1334448550855623,33101,SARIMAX,3,95.64
2021,1,1.7922890594686558,33102,SARIMAX,2,83.34
2022,1,2.773791292416874,33102,SARIMAX,3,93.76
2023,2,2.2195712318828216,33102,SARIMAX,2,89.13
2024,0,2.6759143493784077,33102,SARIMAX,3,93.12
2025,1,0.47885085568630836,33102,SARIMAX,0,38.05
2017,2,0.6680107709150924,33104,"Blend[SARIMAX,NB]",1,48.73
2018,2,6.042073608490146,33104,"Blend[SARIMAX,NB]",6,99.76
2019,2,6.357512377617541,33104,"Blend[SARIMAX,NB]",6,99.83
2020,0,5.554064194474938,33104,"Blend[SARIMAX,NB]",6,99.61
2021,2,3.5210156037646785,33104,"Blend[SARIMAX,NB]",4,97.04
2022,1,4.547036755815035,33104,"Blend[SARIMAX,NB]",5,98.94
2023,1,4.112225053453606,33104,"Blend[SARIMAX,NB]",4,98.36
2024,1,3.9142044227225483,33104,"Blend[SARIMAX,NB]",4,98.0
2025,2,0.7920786588508548,33104,"Blend[SARIMAX,NB]",1,54.71
2017,1,1.3002426440624006,33105,SARIMAX,1,72.75
2018,2,3.394583372758317,33105,SARIMAX,3,96.64
2019,0,0.8737203042685657,33105,SARIMAX,1,58.26
2020,2,0.9056843554152613,33105,SARIMAX,1,59.57
2021,3,1.6244092576226734,33105,SARIMAX,2,80.3
2022,2,2.3687548710016864,33105,SARIMAX,2,90.64
2023,1,2.0947983999100357,33105,SARIMAX,2,87.69
2024,1,0.1780591652867062,33105,SARIMAX,0,16.31
2020,1,2.4589365193309125,33106,SARIMAX,2,91.45
2021,1,1.4046186782100547,33106,SARIMAX,1,75.45
2022,1,2.758008332159199,33106,SARIMAX,3,93.66
2023,0,2.388334469396606,33106,SARIMAX,2,90.82
2024,1,0.3137971819521217,33106,SARIMAX,0,26.93
2021,1,1.5,33107,SARIMAX,2,77.69
2022,0,0.33333468673334216,33107,SARIMAX,0,28.35
2023,1,7.164839989456369e-29,33107,SARIMAX,0,0.0
2024,2,3.0,33107,SARIMAX,3,95.02
2017,1,0.6749210760742482,33109,SARIMAX,1,49.08
2018,2,2.8577573780572307,33109,SARIMAX,3,94.26
2019,3,2.324424288610591,33109,SARIMAX,2,90.22
2020,1,3.4100582252673037,33109,SARIMAX,3,96.7
2021,0,3.125706503840087,33109,SARIMAX,3,95.61
2022,2,2.2424766731772086,33109,SARIMAX,2,89.38
2023,2,1.7567782951405237,33109,SARIMAX,2,82.74
2020,1,0.0,33111,SARIMAX,0,0.0
2021,0,0.0,33111,SARIMAX,0,0.0
2022,0,0.0,33111,SARIMAX,0,0.0
2023,1,1.5821216973103541e-29,33111,SARIMAX,0,0.0
2024,1,4.434049409631945e-74,33111,SARIMAX,0,0.0
2017,1,7.805027175041979,33118,SARIMAX,8,99.96
2018,0,5.349374526594374,33118,SARIMAX,5,99.52
2019,0,0.13501448242619257,33118,SARIMAX,0,12.63
2020,0,0.08806906177176217,33118,SARIMAX,0,8.43
2021,0,0.06483675315649251,33118,SARIMAX,0,6.28
2022,1,2.0888048625171143,33118,SARIMAX,2,87.62
2023,1,4.427614127082945,33118,SARIMAX,4,98.81
2017,1,7.7001644649838585,33119,SARIMAX,8,99.95
2018,0,1.0660859216229859,33119,SARIMAX,1,65.56
2019,0,0.762243470336727,33119,SARIMAX,1,53.34
2020,1,1.504453190127509,33119,SARIMAX,2,77.79
2021,1,3.7590620198713407,33119,SARIMAX,4,97.67
2022,1,5.558993938453056,33119,SARIMAX,6,99.61
2023,0,4.926914004073061,33119,SARIMAX,5,99.28
2024,0,4.3538616163343,33119,SARIMAX,4,98.71
2025,2,0.9801278050551804,33119,SARIMAX,1,62.47
2017,1,4.041253773962361,33120,SARIMAX,4,98.24
2018,4,7.914956155162046,33120,SARIMAX,8,99.96
2019,2,8.662969629657914,33120,SARIMAX,9,99.98
2020,0,5.323038577166248,33120,SARIMAX,5,99.51
2021,1,4.517831994258584,33120,SARIMAX,5,98.91
2022,0,3.3567394188642123,33120,SARIMAX,3,96.52
2023,0,2.7839262623555907,33120,SARIMAX,3,93.82
2024,2,1.7868455385798807,33120,SARIMAX,2,83.25
2018,1,0.0,33121,SARIMAX,0,0.0
2019,0,0.0,33121,SARIMAX,0,0.0
2020,0,0.0,33121,SARIMAX,0,0.0
2021,0,0.0,33121,SARIMAX,0,0.0
2022,0,0.0,33121,SARIMAX,0,0.0
2023,1,0.0,33121,SARIMAX,0,0.0
2017,1,0.8575705178469831,33124,"Blend[SARIMAX,NB]",1,57.58
2018,0,0.7145708622919602,33124,"Blend[SARIMAX,NB]",1,51.06
2019,0,1.1428572416582528,33124,"Blend[SARIMAX,NB]",1,68.11
2020,0,1.142857190251962,33124,"Blend[SARIMAX,NB]",1,68.11
2021,2,1.1050086068872356,33124,"Blend[SARIMAX,NB]",1,66.88
2022,1,1.1689892222103413,33124,"Blend[SARIMAX,NB]",1,68.93
2023,2,1.702308728800622,33124,"Blend[SARIMAX,NB]",2,81.77
2024,3,2.1999313608308664,33124,"Blend[SARIMAX,NB]",2,88.92
2025,1,0.14211163312992847,33124,"Blend[SARIMAX,NB]",0,13.25
2017,1,0.0,33125,SARIMAX,0,0.0
2018,2,20.0,33125,SARIMAX,20,100.0
2019,0,60.0,33125,SARIMAX,60,100.0
2020,0,60.0,33125,SARIMAX,60,100.0
2021,2,1.9999999999999998,33125,SARIMAX,2,86.47
2017,1,1.0261689294289096,33128,"Blend[SARIMAX,NB]",1,64.16
2018,0,0.43471195193199363,33128,"Blend[SARIMAX,NB]",0,35.25
2019,2,1.6148312330941033,33128,"Blend[SARIMAX,NB]",2,80.11
2020,0,1.023201775118217,33128,"Blend[SARIMAX,NB]",1,64.06
2021,5,1.6873718203284396,33128,"Blend[SARIMAX,NB]",2,81.5
2022,2,2.3795541444970345,33128,"Blend[SARIMAX,NB]",2,90.74
2023,2,2.066562343419909,33128,"Blend[SARIMAX,NB]",2,87.34
2024,2,1.8169063202162563,33128,"Blend[SARIMAX,NB]",2,83.75
2017,2,0.47619144948056913,33129,SARIMAX,0,37.89
2018,0,3.3026032751732757,33129,SARIMAX,3,96.32
2019,0,1.3402549791033014,33129,SARIMAX,1,73.82
2020,1,0.9725084442168728,33129,SARIMAX,1,62.19
2021,4,1.2721484778434489,33129,SARIMAX,1,71.98
2022,2,1.5605399297634366,33129,SARIMAX,2,79.0
2023,2,1.841987829413048,33129,SARIMAX,2,84.15
2024,1,0.6003599164514735,33129,SARIMAX,1,45.14
2017,1,1.6399853893083614,33130,"Blend[SARIMAX,NB]",2,80.6
2018,2,3.851082181443596,33130,"Blend[SARIMAX,NB]",4,97.87
2019,2,2.081967971070605,33130,"Blend[SARIMAX,NB]",2,87.53
2020,4,3.0620884604693255,33130,"Blend[SARIMAX,NB]",3,95.32
2021,0,1.921994516727489,33130,"Blend[SARIMAX,NB]",2,85.37
2022,2,1.6348373658822537,33130,"Blend[SARIMAX,NB]",2,80.5
2023,3,2.562676544477278,33130,"Blend[SARIMAX,NB]",3,92.29
2024,2,2.253531551889375,33130,"Blend[SARIMAX,NB]",2,89.5
2025,1,0.32490853970542494,33130,"Blend[SARIMAX,NB]",0,27.74
2017,1,0.16667425589441268,33131,SARIMAX,0,15.35
2018,0,1.2204330252646156,33131,SARIMAX,1,70.49
2019,0,0.0022766050830644105,33131,SARIMAX,0,0.23
2020,0,0.0009932544293120799,33131,SARIMAX,0,0.1
2021,0,0.0004452612057764686,33131,SARIMAX,0,0.04
2022,4,0.33353401664276194,33131,SARIMAX,0,28.36
2023,2,2.673112129843362,33131,SARIMAX,3,93.1
2017,1,8.102350455114484,33137,SARIMAX,8,99.97
2018,0,1.4070777250424533,33137,SARIMAX,1,75.51
2019,0,0.4783734465349372,33137,SARIMAX,0,38.02
2020,0,0.1819276092398983,33137,SARIMAX,0,16.63
2021,1,3.500124773851105,33137,SARIMAX,4,96.98
2022,1,1.7763081778621919,33137,SARIMAX,2,83.07
2017,1,0.0,33138,"Blend[SARIMAX,NB]",0,0.0
2018,2,53.88160213993265,33138,"Blend[SARIMAX,NB]",54,100.0
2019,0,0.3336803115525805,33138,"Blend[SARIMAX,NB]",0,28.37
2020,0,9.502741218116647e-05,33138,"Blend[SARIMAX,NB]",0,0.01
2021,0,4.6174586172591764e-05,33138,"Blend[SARIMAX,NB]",0,0.0
2022,2,16.58957152798371,33138,"Blend[SARIMAX,NB]",17,100.0
2023,0,5.879537009490425,33138,"Blend[SARIMAX,NB]",6,99.72
2024,3,30.771940689957468,33138,"Blend[SARIMAX,NB]",31,100.0
2017,3,13.666840004363713,33139,SARIMAX,14,100.0
2018,0,0.5335746437481955,33139,SARIMAX,1,41.35
2019,1,0.0001435145595013576,33139,SARIMAX,0,0.01
2020,2,6.21668084867334,33139,SARIMAX,6,99.8
2021,0,2.6940752707199405,33139,SARIMAX,3,93.24
2022,1,1.7379657738795071,33139,SARIMAX,2,82.41
2019,1,0.0,33140,SARIMAX,0,0.0
2020,1,3.0383538150543634,33140,SARIMAX,3,95.21
2021,0,1.478848856061974,33140,SARIMAX,1,77.21
2022,0,0.25000872738082125,33140,SARIMAX,0,22.12
2023,1,0.0,33140,SARIMAX,0,0.0
2017,4,6.006842113294036,33148,SARIMAX,6,99.75
2018,0,2.0236057762792443,33148,SARIMAX,2,86.78
2019,1,1.142911227525084,33148,SARIMAX,1,68.11
2020,1,1.4694879087950266,33148,SARIMAX,1,77.0
2021,3,2.801465974406828,33148,SARIMAX,3,93.93
2022,2,1.6405471260813127,33148,SARIMAX,2,80.61
2017,2,2.6902575809999147,33149,SARIMAX,3,93.21
2018,6,10.817773833703827,33149,SARIMAX,11,100.0
2019,4,7.901922345749486,33149,SARIMAX,8,99.96
2020,2,6.225432963555332,33149,SARIMAX,6,99.8
2021,4,5.517474339056129,33149,SARIMAX,6,99.6
2022,3,3.0,33149,SARIMAX,3,95.02
2020,1,0.0,33150,SARIMAX,0,0.0
2021,0,0.0,33150,SARIMAX,0,0.0
2022,1,0.0,33150,SARIMAX,0,0.0
2017,1,3.8040075556643975,33151,SARIMAX,4,97.77
2018,0,1.136622619309015,33151,SARIMAX,1,67.91
2019,2,5.827468085184446,33151,SARIMAX,6,99.71
2020,1,6.349675683152078,33151,SARIMAX,6,99.83
2021,0,3.5917279066176437,33151,SARIMAX,4,97.24
2022,0,1.9309715079125982,33151,SARIMAX,2,85.5
2023,1,1.8408467746644765,33151,SARIMAX,2,84.13
2024,1,0.8271448415779684,33151,SARIMAX,1,56.27
2017,1,0.22750459405239637,33154,"Blend[SARIMAX,NB]",0,20.35
2018,5,3.2017385633463173,33154,"Blend[SARIMAX,NB]",3,95.93
2019,11,9.329707050143966,33154,"Blend[SARIMAX,NB]",9,99.99
2020,3,9.583612753102113,33154,"Blend[SARIMAX,NB]",10,99.99
2021,0,5.838121193113565,33154,"Blend[SARIMAX,NB]",6,99.71
2022,1,3.896303406328583,33154,"Blend[SARIMAX,NB]",4,97.97
2023,3,3.6062882647952326,33154,"Blend[SARIMAX,NB]",4,97.28
2024,5,4.6682985342801935,33154,"Blend[SARIMAX,NB]",5,99.06
2025,1,1.6938985157102593,33154,"Blend[SARIMAX,NB]",2,81.62
2020,1,0.0,33155,SARIMAX,0,0.0
2021,0,0.0,33155,SARIMAX,0,0.0
2022,1,0.0,33155,SARIMAX,0,0.0
2017,1,4.594157035852379,33159,SARIMAX,5,98.99
2018,0,1.2712606266832678,33159,SARIMAX,1,71.95
2019,1,3.0010315177108184,33159,SARIMAX,3,95.03
2020,1,1.9185482917718693,33159,SARIMAX,2,85.32
2019,1,0.0,33163,SARIMAX,0,0.0
2020,0,4.690469626067919,33163,SARIMAX,5,99.08
2021,0,1.9,33163,SARIMAX,2,85.04
2022,2,3.420890546356253,33163,SARIMAX,3,96.73
2023,6,22.294922357849185,33163,SARIMAX,22,100.0
2024,0,7.660048705779583,33163,SARIMAX,8,99.95
2025,1,0.0,33163,SARIMAX,0,0.0
2018,2,0.0,33166,SARIMAX,0,0.0
2019,0,20.333333963568705,33166,SARIMAX,20,100.0
2020,1,6.015427396699241,33166,SARIMAX,6,99.76
2021,0,6.512219687333229,33166,SARIMAX,7,99.85
2022,0,3.949670082224364,33166,SARIMAX,4,98.07
2023,0,2.8434105387346076,33166,SARIMAX,3,94.18
2024,0,2.223135327941577,33166,SARIMAX,2,89.17
2025,1,0.487800469621691,33166,SARIMAX,0,38.6
2018,1,2.2687531301634385,33167,SARIMAX,2,89.66
2019,0,1.7125020351192382,33167,SARIMAX,2,81.96
2020,1,1.6676721147944127,33167,SARIMAX,2,81.13
2021,0,1.8487380514411118,33167,SARIMAX,2,84.26
2022,1,1.3474862332751123,33167,SARIMAX,1,74.01
2023,2,1.9485899482985534,33167,SARIMAX,2,85.75
2016,1,0.8627803997555432,33170,SARIMAX,1,57.8
2017,3,7.731892863171203,33170,SARIMAX,8,99.96
2018,0,12.617243478816333,33170,SARIMAX,13,100.0
2019,0,4.440532149940068,33170,SARIMAX,4,98.82
2020,0,1.8229033367157748,33170,SARIMAX,2,83.84
2021,0,0.8117532892587491,33170,SARIMAX,1,55.59
2022,2,3.824116830653348,33170,SARIMAX,4,97.82
2023,0,4.064585749164757,33170,SARIMAX,4,98.28
2024,1,1.0117921699430954,33170,SARIMAX,1,63.64
2018,1,1.778084675995058,33172,SARIMAX,2,83.1
2019,0,0.16693608166462698,33172,SARIMAX,0,15.37
2020,0,7.501190413242059e-05,33172,SARIMAX,0,0.01
2021,0,2.259944140776816e-05,33172,SARIMAX,0,0.0
2022,0,7.4403052581292165e-06,33172,SARIMAX,0,0.0
2023,2,1.6165211198995058,33172,SARIMAX,2,80.14
2024,1,0.4315644922633218,33172,SARIMAX,0,35.05
2022,1,0.0,33176,"Blend[SARIMAX,NB]",0,0.0
2023,0,0.0,33176,"Blend[SARIMAX,NB]",0,0.0
2024,2,0.0,33176,"Blend[SARIMAX,NB]",0,0.0
2020,1,0.549428562514217,33177,SARIMAX,1,42.27
2021,2,4.533066034394532,33177,SARIMAX,5,98.93
2022,0,1.9499522815376924,33177,SARIMAX,2,85.77
2023,1,1.2999681720463845,33177,SARIMAX,1,72.75
2018,1,0.0,33178,SARIMAX,0,0.0
2019,0,0.0,33178,SARIMAX,0,0.0
2020,0,0.0,33178,SARIMAX,0,0.0
2021,0,0.0,33178,SARIMAX,0,0.0
2022,0,0.0,33178,SARIMAX,0,0.0
2023,0,0.0,33178,SARIMAX,0,0.0
2024,0,0.0,33178,SARIMAX,0,0.0
2025,1,0.0,33178,SARIMAX,0,0.0
2021,1,3.3311061151023558,33179,SARIMAX,3,96.42
2022,1,4.177166872419921,33179,SARIMAX,4,98.47
2023,1,2.80820868420749,33179,SARIMAX,3,93.97
2017,1,9.916927768272169,33180,SARIMAX,10,100.0
2018,0,0.17115114805960216,33180,SARIMAX,0,15.73
2019,0,0.00544796442390588,33180,SARIMAX,0,0.54
2020,0,0.0018747320397223181,33180,SARIMAX,0,0.19
2021,1,1.7082317366507649,33180,SARIMAX,2,81.88
2022,0,2.7300435700446424,33180,SARIMAX,3,93.48
2023,0,2.1479320910541935,33180,SARIMAX,2,88.33
2024,1,0.15992509397950874,33180,SARIMAX,0,14.78
2017,3,11.109274471755072,33181,SARIMAX,11,100.0
2018,1,1.5303686860157342,33181,SARIMAX,2,78.35
2019,3,7.073546424396149,33181,SARIMAX,7,99.92
2020,0,4.399464579862635,33181,SARIMAX,4,98.77
2021,1,4.069435222776333,33181,SARIMAX,4,98.29
2022,0,3.012211316154247,33181,SARIMAX,3,95.08
2023,2,1.7600406912901472,33181,SARIMAX,2,82.8
2019,1,8.0,33182,SeasonalBaseline,8,99.97
2020,1,1.0,33182,SeasonalBaseline,1,63.21
2018,3,10.237207779734257,33184,SARIMAX,10,100.0
2019,0,2.371707083670912,33184,SARIMAX,2,90.67
2020,0,0.4634843782425249,33184,SARIMAX,0,37.09
2021,2,0.6354504069492117,33184,SARIMAX,1,47.03
2022,1,4.69390650774946,33184,SARIMAX,5,99.08
2023,1,4.020198934507283,33184,SARIMAX,4,98.21
2024,2,0.8974426147032096,33184,SARIMAX,1,59.24
2020,1,4.5,33186,SeasonalBaseline,4,98.89
2021,1,1.0,33186,SeasonalBaseline,1,63.21
2018,2,2.0093352657058436,33190,SARIMAX,2,86.59
2019,1,42.23487148741139,33190,SARIMAX,42,100.0
2020,0,20.67710039165683,33190,SARIMAX,21,100.0
2021,1,2.277263988376604,33190,SARIMAX,2,89.74
2022,2,22.400000000000006,33190,SARIMAX,22,100.0
2017,3,9.767080092408278,33191,SARIMAX,10,99.99
2018,2,6.940986610275707,33191,SARIMAX,7,99.9
2019,2,5.67144342453452,33191,SARIMAX,6,99.66
2020,1,4.501647800458223,33191,SARIMAX,5,98.89
2021,3,3.110010067134377,33191,SARIMAX,3,95.54
2021,2,2.9913125823649556,33197,SARIMAX,3,94.98
2022,2,6.0000074135667685,33197,SARIMAX,6,99.75
2021,1,1.0,33199,SARIMAX,1,63.21
2022,1,2.0000040399197054,33199,SARIMAX,2,86.47
2023,1,1.000004040872769,33199,SARIMAX,1,63.21
2018,2,11.280884707289971,33205,SARIMAX,11,100.0
2019,0,1.2251793757166012,33205,SARIMAX,1,70.63
2020,0,0.30108614556166635,33205,SARIMAX,0,26.0
2021,1,0.5150613899278856,33205,SARIMAX,1,40.25
2022,1,3.2119833276510845,33205,SARIMAX,3,95.97
2017,1,0.17288594397244694,33206,SARIMAX,0,15.88
2018,1,7.8056870376206575,33206,SARIMAX,8,99.96
2019,1,7.6755636951992745,33206,SARIMAX,8,99.95
2020,0,6.221765239861593,33206,SARIMAX,6,99.8
2021,0,4.494865905448073,33206,SARIMAX,4,98.88
2022,0,3.464475866425156,33206,SARIMAX,3,96.87
2023,1,2.402463970057938,33206,SARIMAX,2,90.95
2024,1,1.2443529494598748,33206,SARIMAX,1,71.19
2023,1,0.0,33207,SARIMAX,0,0.0
2024,2,0.0,33207,SARIMAX,0,0.0
2017,1,2.0590210541145053,33208,SARIMAX,2,87.24
2018,1,2.0054669977107205,33208,SARIMAX,2,86.54
2019,1,1.6496198373880593,33208,SARIMAX,2,80.79
2020,2,2.002537284812012,33208,SARIMAX,2,86.5
2021,1,2.0428870100525116,33208,SARIMAX,2,87.03
2022,7,3.3129050869488084,33208,SARIMAX,3,96.36
2023,3,4.45403603969018,33208,SARIMAX,4,98.84
2020,1,1.1145568842398084,33209,SARIMAX,1,67.19
2021,0,1.2430378886085767,33209,SARIMAX,1,71.15
2022,2,1.3630396883068243,33209,SARIMAX,1,74.41
2023,1,1.9048384308721635,33209,SARIMAX,2,85.12
2024,1,1.6850058871831208,33209,SARIMAX,2,81.46
2022,1,0.0,33210,SARIMAX,0,0.0
2023,1,0.0,33210,SARIMAX,0,0.0
2016,1,0.0,33213,SARIMAX,0,0.0
2017,0,0.0,33213,SARIMAX,0,0.0
2018,0,0.0,33213,SARIMAX,0,0.0
2019,0,0.0,33213,SARIMAX,0,0.0
2020,0,0.0,33213,SARIMAX,0,0.0
2021,0,0.0,33213,SARIMAX,0,0.0
2022,0,0.0,33213,SARIMAX,0,0.0
2023,1,0.0,33213,SARIMAX,0,0.0
2017,2,8.465969774837074,33214,SARIMAX,8,99.98
2018,0,0.8981005528790282,33214,SARIMAX,1,59.27
2019,2,2.959221613387605,33214,SARIMAX,3,94.81
2020,0,3.4590643179285028,33214,SARIMAX,3,96.85
2021,0,2.7764617492934325,33214,SARIMAX,3,93.77
2022,0,2.1354561408309256,33214,SARIMAX,2,88.18
2023,1,2.4536578958736834,33214,SARIMAX,2,91.4
2024,0,2.1096223684209714,33214,SARIMAX,2,87.87
2025,1,0.49090731167527124,33214,SARIMAX,0,38.79
2018,1,4.5,33215,SeasonalBaseline,4,98.89
2019,1,1.0,33215,SeasonalBaseline,1,63.21
2017,1,4.0,33217,SeasonalBaseline,4,98.17
2018,2,5.0,33217,SeasonalBaseline,5,99.33
2019,1,3.4502368788413964,33222,SARIMAX,3,96.83
2020,0,0.3855010523928307,33222,SARIMAX,0,31.99
2021,2,2.520901396409778,33222,SARIMAX,3,91.96
2022,0,2.734665450451033,33222,SARIMAX,3,93.51
2023,1,2.1234141603663206,33222,SARIMAX,2,88.04
2024,1,2.338886087822226,33222,SARIMAX,2,90.36
2017,2,19.67012069137345,33224,SARIMAX,20,100.0
2018,1,5.016997489208512,33224,SARIMAX,5,99.34
2019,0,8.931312507728864,33224,SARIMAX,9,99.99
2020,0,4.949641855425873,33224,SARIMAX,5,99.29
2021,0,3.3756089765017587,33224,SARIMAX,3,96.58
2022,0,2.5646915772793593,33224,SARIMAX,3,92.31
2023,1,1.9109014578449595,33224,SARIMAX,2,85.21
2017,1,3.0536900004774643,33226,SARIMAX,3,95.28
2018,0,2.035793013581772,33226,SARIMAX,2,86.94
2019,2,2.5000000181160464,33226,SARIMAX,3,91.79
2019,1,20.0,33228,SARIMAX,20,100.0
2020,2,21.0,33228,SARIMAX,21,100.0
2021,0,202.8546575243299,33228,SARIMAX,203,100.0
2022,2,0.14534247567011666,33228,SARIMAX,0,13.53
2016,1,0.9540611799061266,33230,SARIMAX,1,61.48
2017,1,2.4964083878865324,33230,SARIMAX,2,91.76
2018,0,2.0306243751720494,33230,SARIMAX,2,86.87
2019,0,1.59450198667004,33230,SARIMAX,2,79.7
2020,1,1.4060783085958057,33230,SARIMAX,1,75.49
2021,1,1.0752321360976338,33230,SARIMAX,1,65.88
2022,2,0.9887535564344845,33230,SARIMAX,1,62.8
2023,4,2.7130766703200155,33230,SARIMAX,3,93.37
2024,1,2.0552071654216832,33230,SARIMAX,2,87.19
2018,4,4.0,33235,SeasonalBaseline,4,98.17
2017,2,0.35329215127923413,33236,"Blend[SARIMAX,NB]",0,29.76
2018,1,2.7392172365019456,33236,"Blend[SARIMAX,NB]",3,93.54
2019,1,2.199102914373348,33236,"Blend[SARIMAX,NB]",2,88.91
2020,2,3.2333437757270955,33236,"Blend[SARIMAX,NB]",3,96.06
2021,0,3.7410785434640026,33236,"Blend[SARIMAX,NB]",4,97.63
2022,1,1.8240588795619783,33236,"Blend[SARIMAX,NB]",2,83.86
2023,5,2.9386246698767957,33236,"Blend[SARIMAX,NB]",3,94.71
2024,6,5.784213468667937,33236,"Blend[SARIMAX,NB]",6,99.69
2019,1,2.529394960656308,33237,SARIMAX,3,92.03
2020,0,2.0862632508210197,33237,SARIMAX,2,87.58
2021,0,0.400000174145127,33237,SARIMAX,0,32.97
2022,1,1.1765536742524176,33237,SARIMAX,1,69.17
2023,1,2.485323818871883,33237,SARIMAX,2,91.67
2024,1,0.8322362052275756,33237,SARIMAX,1,56.49
2018,1,0.3336740067365806,33238,SARIMAX,0,28.37
2019,0,4.08940258863508,33238,SARIMAX,4,98.33
2020,4,1.7000000008130862,33238,SARIMAX,2,81.73
2021,2,6.556910546565435,33238,SARIMAX,7,99.86
2022,3,6.507568785271941,33238,SARIMAX,7,99.85
2023,1,7.230024798880211,33238,SARIMAX,7,99.93
2024,2,4.731706990838037,33238,SARIMAX,5,99.12
2020,1,2.28788011394656e-13,33240,SARIMAX,0,0.0
2021,2,1.333334289967529,33240,SARIMAX,1,73.64
2022,0,2.333335246602881,33240,SARIMAX,2,90.3
2023,1,0.3333376718205577,33240,SARIMAX,0,28.35
2024,1,0.9999978307563911,33240,SARIMAX,1,63.21
2018,1,8.275695790302006,33243,SARIMAX,8,99.97
2019,2,17.307708895915553,33243,SARIMAX,17,100.0
2020,0,2.102583066140937,33243,SARIMAX,2,87.79
2021,1,1.7961202790803794,33243,SARIMAX,2,83.41
2022,1,10.782674324608143,33243,SARIMAX,11,100.0
2023,2,0.759587061491989,33243,SARIMAX,1,53.21
2019,3,8.760834082283232,33244,SARIMAX,9,99.98
2020,1,4.893703875246897,33244,SARIMAX,5,99.25
2021,1,3.6856648301887884,33244,SARIMAX,4,97.49
2022,1,3.910566119638236,33244,SARIMAX,4,98.0
2023,1,2.877959156262878,33244,SARIMAX,3,94.38
2024,1,1.048843263029776,33244,SARIMAX,1,64.97
2018,1,8.883810634538461,33245,SARIMAX,9,99.99
2019,0,1.0896279527148864,33245,SARIMAX,1,66.37
2020,0,0.06629244601012277,33245,SARIMAX,0,6.41
2021,0,0.02153720035609771,33245,SARIMAX,0,2.13
2022,0,0.008666520239847882,33245,SARIMAX,0,0.86
2023,1,3.8177811204171754,33245,SARIMAX,4,97.8
2024,1,1.7196957448826402,33245,SARIMAX,2,82.09
2018,1,0.0,33246,SARIMAX,0,0.0
2019,1,0.2,33246,SARIMAX,0,18.13
2020,0,0.45,33246,SARIMAX,0,36.24
2021,0,0.4,33246,SARIMAX,0,32.97
2022,1,0.25,33246,SARIMAX,0,22.12
2023,1,3.4532953788259105e-80,33246,SARIMAX,0,0.0
2020,1,4.472584227258252,33248,SARIMAX,4,98.86
2021,0,1.6360390897333232,33248,SARIMAX,2,80.53
2022,1,0.631829512839936,33248,SARIMAX,1,46.84
2023,1,4.46665790887024,33248,SARIMAX,4,98.85
2024,2,3.8456808420407276,33248,SARIMAX,4,97.86
2022,2,1.9597046519271306,33250,SARIMAX,2,85.91
2023,3,5.431455666635422,33250,SARIMAX,5,99.56
2022,2,3.0,33252,SeasonalBaseline,3,95.02
2022,3,1.5250828492279698,33259,SARIMAX,2,78.24
2023,4,8.415213360751522,33259,SARIMAX,8,99.98
2024,1,1.5100105332924607,33259,SARIMAX,2,77.91
2022,1,0.0,33269,SARIMAX,0,0.0
2023,1,0.0,33269,SARIMAX,0,0.0
2020,2,3.523123468835549,33273,SARIMAX,4,97.05
2021,0,18.750747513349342,33273,SARIMAX,19,100.0
2022,2,6.750000000000034,33273,SARIMAX,7,99.88
2023,2,21.25000000000013,33273,SARIMAX,21,100.0
2024,3,3.5000000000000147,33273,SARIMAX,4,96.98
2020,1,0.0,33276,SARIMAX,0,0.0
2021,1,0.0,33276,SARIMAX,0,0.0
2021,1,60.000131973042215,33287,SARIMAX,60,100.0
2022,0,40.10732055246733,33287,SARIMAX,40,100.0
2023,0,40.00000704617815,33287,SARIMAX,40,100.0
2024,1,1.0090344633286479,33287,SARIMAX,1,63.54
2022,1,0.0,33288,SARIMAX,0,0.0
2023,0,0.0,33288,SARIMAX,0,0.0
2024,1,0.0,33288,SARIMAX,0,0.0
2020,2,5.118210287460763,33289,"Blend[SARIMAX,NB]",5,99.4
2021,0,0.2358769274950578,33289,"Blend[SARIMAX,NB]",0,21.01
2022,0,1.25,33289,"Blend[SARIMAX,NB]",1,71.35
2023,2,2.542708705805387,33289,"Blend[SARIMAX,NB]",3,92.13
2024,1,3.3418371056070812,33289,"Blend[SARIMAX,NB]",3,96.46
2025,1,0.28978807221967307,33289,"Blend[SARIMAX,NB]",0,25.16
2020,2,20.0,33294,SARIMAX,20,100.0
2021,3,140.33333333333505,33294,SARIMAX,140,100.0
2022,0,149.75583912426916,33294,SARIMAX,150,100.0
2023,0,106.91466963205303,33294,SARIMAX,107,100.0
2024,1,15.14107848237689,33294,SARIMAX,15,100.0
2021,1,0.0,33299,SARIMAX,0,0.0
2022,0,0.0,33299,SARIMAX,0,0.0
2023,1,0.0,33299,SARIMAX,0,0.0
2021,2,2.0000000057556004,33300,SARIMAX,2,86.47
2022,1,2.000012693266987,33300,SARIMAX,2,86.47
2023,1,1.0000062442582407,33300,SARIMAX,1,63.21
2022,2,2.0,33303,SeasonalBaseline,2,86.47
2022,1,0.0,33305,SARIMAX,0,0.0
2023,0,0.0,33305,SARIMAX,0,0.0
2024,1,0.0,33305,SARIMAX,0,0.0
2023,1,0.0,33317,SARIMAX,0,0.0
2024,1,0.0,33317,SARIMAX,0,0.0
2025,1,0.0,33317,SARIMAX,0,0.0
2023,1,8.0,33320,SeasonalBaseline,8,99.97
2024,1,1.0,33320,SeasonalBaseline,1,63.21
2023,8,183.0,33321,SARIMAX,183,100.0
2022,1,1.0096559637355882,33323,SARIMAX,1,63.57
2023,1,1.6859889262630483,33323,SARIMAX,2,81.47
2024,0,0.6666740113188956,33323,SARIMAX,1,48.66
2025,1,0.0,33323,SARIMAX,0,0.0
2023,3,0.0,33325,SARIMAX,0,0.0
2024,4,3.0,33325,SARIMAX,3,95.02
2023,3,33.933504759605725,33327,SARIMAX,34,100.0
2024,1,10.268205075636292,33327,SARIMAX,10,100.0
2025,1,0.3198314696398413,33327,SARIMAX,0,27.37
2021,1,0.0,33329,SARIMAX,0,0.0
2022,2,10.12010309020615,33329,SARIMAX,10,100.0
2023,0,0.6667759891026425,33329,SARIMAX,1,48.66
2024,2,2.008900030165694,33329,SARIMAX,2,86.59
2022,1,2.266725966734088,33348,SARIMAX,2,89.63
2023,0,1.190129668745087,33348,SARIMAX,1,69.58
2024,2,2.280830163562215,33348,SARIMAX,2,89.78
2024,2,3.0,33353,SeasonalBaseline,3,95.02
2023,4,0.0,33355,SARIMAX,0,0.0
2024,4,3.0000034774001874,33355,SARIMAX,3,95.02
