FEEDER_ID,FROM_TO,SOURCE_SSFL,DESTINATION_SSFL,LATEST_DT_DATE,DT_LOAD
nan,29916-16915,1S-MH-MU-ZSC-CL08-3108,1S-MH-MU-ZSC-CL08-2843,2025-04-04,388.4985221674877
nan,11292-02052,nan,1S-MH-MU-ZET-CL06-8690,2025-04-04,192.4496551724138
nan,03136-14325,1S-MH-MU-ZET-RSTN-SAKI,1S-MH-MU-ZSC-RSTN-AARE,2025-04-04,238.4943488943489
nan,03136-14325,1S-MH-MU-ZET-RSTN-SAKI,1T-MH-MU-ARY,,
nan,25270-25271,1S-MH-MU-ZET-RSTN-CHEM,1S-MH-MU-ZET-RSTN-CHEM,2025-02-07,462.57939698492464
nan,17731-04282,1S-MH-MU-ZST-CL02-0003,1S-MH-MU-ZST-CL02-0294,2020-01-10,291.8277777777778
nan,SWITCHYARDBB-SWITCHYARDBB,1T-MH-MU-VSV,1T-MH-MU-VSV,,
nan,220AAR78-33226,1T-MH-MU-ARY,1S-MH-MU-ZSC-RSTN-MARO,2024-12-03,20.283956043956042
nan,220AAR78-33226,1S-MH-MU-ZSC-RSTN-AARE,1S-MH-MU-ZSC-RSTN-MARO,2024-12-03,20.283956043956042
nan,220AAR58-220AAR58,1T-MH-MU-ARY,1T-MH-MU-ARY,,
nan,00000-00000,1T-MH-MU-ARY,1S-MH-MU-ZSC-CL10-2012,2025-04-04,52.012182741116746
nan,00000-00000,1T-MH-MU-ARY,1S-MH-MU-ZCT-RSTN-GOKU,2025-04-04,385.9818181818182
nan,00000-00000,1T-MH-MU-ARY,1S-MH-MU-ZCT-RSTN-RAHE,2024-06-04,52.79483146067415
nan,220SAK27-220SAK12,1T-MH-MU-SAK,1T-MH-MU-SAK,,
nan,220GOI02-220GHO08,1T-MH-MU-GOR,1T-MH-MU-GBR,,
nan,220GOI15-220GHO18,1T-MH-MU-GOR,1T-MH-MU-GBR,,
nan,220SAK42-33081,1T-MH-MU-SAK,1S-MH-MU-ZST-RSTN-KALA,2025-02-07,191.55841584158418
nan,220SAK19-33009,1T-MH-MU-SAK,1S-MH-MU-ZET-RSTN-KURL,2015-05-04,267.8853658536585
nan,220SAK28-33006,1T-MH-MU-SAK,1S-MH-MU-ZET-RSTN-KURL,2015-05-04,267.8853658536585
nan,220VER52-33183,1T-MH-MU-VSV,MM01-SUB-RS1,,
nan,220VER66-33182,1T-MH-MU-VSV,MM01-SUB-RS1,,
nan,14325-38900,1T-MH-MU-ARY,1S-MH-MU-ZSC-CL10-3542,,
nan,14328-31228,1S-MH-MU-ZSC-RSTN-AARE,1S-MH-MU-ZET-CL14-8500,,
nan,16033-42771,1T-MH-MU-ARY,1S-MH-MU-ZSC-CL01-3574,,
nan,220BOR02-VAB 71,1T-MH-MU-BVL,nan,,
nan,220BOR06-VAB 71,1T-MH-MU-BVL,nan,,
nan,220BOR08-VAB 71,1T-MH-MU-BVL,nan,,
nan,220BOR12-VAB 71,1T-MH-MU-BVL,nan,,
nan,nan-nan,1T-MH-MU-GBR,1T-MH-MU-GBR,,
nan,220GOR05-220GOR31,1T-MH-MU-GGN,1T-MH-MU-GGN,,
nan,220GOR26-220GOR44,1T-MH-MU-GGN,1T-MH-MU-GGN,,
nan,220GOR37-220GOR45,1T-MH-MU-GGN,1T-MH-MU-GGN,,
nan,220GOR14-33KV RMU,1T-MH-MU-GGN,1S-MH-MU-ZCT-RSTN-MAHA,2018-01-05,66.53122807017544
nan,220GOR41-33343,1T-MH-MU-GGN,1S-MH-MU-ZCT-RSTN-NIRN,,
nan,00000-00000,1T-MH-MU-GGN,1T-MH-MU-GGN,,
nan,00000-00000,1T-MH-MU-GGN,1S-MH-MU-ZSC-RSTN-SWAM,,
nan,220GORE12-220VER87,1T-MH-MU-GGN,1T-MH-MU-VSV,,
nan,220GOR27-220VER40,1T-MH-MU-GGN,1T-MH-MU-VSV,,
nan,03115-38903,1S-MH-MU-ZET-RSTN-SAKI,1S-MH-MU-ZSC-CL10-3542,,
nan,220SAK03-220AAR37,1T-MH-MU-SAK,1T-MH-MU-ARY,,
nan,220AAR43-ABDENDED,1T-MH-MU-ARY,1S-MH-MU-ZET-RSTN-KOHI,2025-02-07,70.82738095238095
nan,220SAK12-33155,1T-MH-MU-SAK,1S-MH-MU-ZET-RSTN-KOHI,2025-02-07,70.82738095238095
nan,220SAK35-33156,1T-MH-MU-SAK,1S-MH-MU-ZET-RSTN-KOHI,2025-02-07,70.82738095238095
nan,220SAK35-nan,1T-MH-MU-SAK,1S-MH-MU-ZET-CL14-9782,,
nan,220VER63-33294,1T-MH-MU-VSV,1S-MH-MU-ZCT-RSTN-OSHI,2025-04-04,8.572799999999999
nan,220AAR79-33191,1T-MH-MU-ARY,1S-MH-MU-ZSC-RSTN-MMET,,
nan,14331-38905,1T-MH-MU-ARY,1S-MH-MU-ZET-RSTN-SAKI,2025-02-07,83.69747440273038
nan,220AAR52-33223,1T-MH-MU-ARY,1S-MH-MU-ZSC-CL10-2455,2025-03-06,151.76082051282052
nan,220AAR34-33036,1T-MH-MU-ARY,1S-MH-MU-ZSC-RSTN-MEGH,2012-05-30,369.36879999999996
nan,220AAR74-33037,1T-MH-MU-ARY,1S-MH-MU-ZSC-RSTN-MEGH,2012-05-30,369.36879999999996
nan,220GHO49-33071,1T-MH-MU-GBR,1S-MH-MU-ZNT-RSTN-BORI,,
nan,220SAK27-220AAR38,1T-MH-MU-SAK,1T-MH-MU-ARY,,
nan,220VER81-33124,1T-MH-MU-VSV,1S-MH-MU-ZCT-RSTN-MALA,2018-01-05,459.6467661691542
nan,220VER08-33030,1T-MH-MU-VSV,1S-MH-MU-ZSC-RSTN-ANDH,2024-12-03,480.91055276381906
nan,33052-220AAR86,1T-MH-MU-ARY,1T-MH-MU-CHB,,
nan,00000-00000,nan,nan,,
nan,220AAR47-POTHEAD,1T-MH-MU-ARY,1S-MH-MU-ZET-RSTN-CHHE,2025-02-07,627.5653266331658
nan,220AAR41-33011,1T-MH-MU-ARY,1S-MH-MU-ZET-RSTN-VIKH,2025-02-07,600.1726368159203
nan,DHN00452-VER00252,OTHER UTILITY,1T-MH-MU-VSV,,
nan,SW YARD-SW YARD,1T-MH-MU-ARY,1T-MH-MU-ARY,,
nan,00000-00000,1S-MH-MU-ZCT-CL08-4155,1S-MH-MU-ZCT-CL07-4825,2025-04-04,240.34274111675126
nan,39517-16326,1T-MH-MU-ARY,1S-MH-MU-ZSC-CL10-2484,2025-03-06,268.41450000000003
nan,39517-16326,1S-MH-MU-ZSC-RSTN-AARE,1S-MH-MU-ZSC-CL10-2484,2025-03-06,268.41450000000003
nan,00000-00000,1S-MH-MU-ZSC-CL10-2007,1S-MH-MU-ZCT-CL07-4927,,
nan,26037-26139,1T-MH-MU-ARY,1S-MH-MU-ZCT-CL07-4094,2025-04-04,374.7400966183575
nan,00000-00000,1T-MH-MU-ARY,1S-MH-MU-ZCT-CL07-4946,,
nan,26382-42655,1S-MH-MU-ZET-CL07-9855,1S-MH-MU-ZET-RSTN-HIRA,2025-02-07,200.446783625731
nan,43235-37841,1S-MH-MU-ZST-CL07-0019,1S-MH-MU-ZST-CL07-1224,,
nan,14241-05336,1S-MH-MU-ZST-CL01-0021,1S-MH-MU-ZST-CL01-0288,2025-04-04,283.5085201793722
nan,09377-12038,1S-MH-MU-ZCT-CL10-4043,1S-MH-MU-ZCT-CL10-4421,2025-04-04,653.2076923076924
nan,09019-16775,1S-MH-MU-ZCT-CL10-4047,1S-MH-MU-ZCT-RSTN-KAND,2018-01-05,411.94529147982064
nan,29576-11063,nan,nan,,
nan,35994-31243,1S-MH-MU-ZNT-CL06-7614,1S-MH-MU-ZNT-CL07-7069,2025-04-04,235.9778238341969
nan,12104-38159,1S-MH-MU-ZSC-CL04-2036,1S-MH-MU-ZSC-CL05-3505,2025-04-04,224.99387755102043
nan,25252-10218,1S-MH-MU-ZSC-CL05-2945,1S-MH-MU-ZSC-RSTN-AMBI,2012-09-21,581.4
nan,19555-25249,1S-MH-MU-ZSC-RSTN-AMBI,1S-MH-MU-ZSC-CL05-2945,2025-04-04,584.9613365155132
nan,05133-26713,1S-MH-MU-ZSC-CL08-2049,1S-MH-MU-ZSC-CL08-3003,2015-10-30,128.02391304347827
nan,36834-28263,1S-MH-MU-ZNT-CL05-7694,1S-MH-MU-ZNT-CL05-6970,2025-04-04,181.16607843137254
nan,28003-13552,1S-MH-MU-ZSC-CL02-3020,1S-MH-MU-ZSC-CL01-2082,2025-03-06,285.402
nan,04431-11917,1S-MH-MU-ZSC-RSTN-ANDH,1S-MH-MU-ZSC-RSTN-CHAK,2025-02-07,255.7426086956522
nan,10927-16734,1S-MH-MU-ZSC-CL07-2073,1S-MH-MU-ZSC-CL07-2257,2025-04-04,174.59005524861877
nan,28963-10237,1S-MH-MU-ZET-RSTN-ANIK,1S-MH-MU-ZET-CL10-8067,,
nan,00000-00000,1S-MH-MU-ZCT-CL01-4063,1S-MH-MU-ZCT-CL01-4268,2025-04-04,368.72390243902436
nan,43207-13985,1S-MH-MU-ZST-CL01-1395,1S-MH-MU-ZST-CL01-0071,2025-04-04,170.10357487922707
nan,03130-06295,1S-MH-MU-ZET-RSTN-SAKI,1S-MH-MU-ZSC-CL10-2472,2025-04-04,239.5007560137457
nan,37819-10769,1S-MH-MU-ZET-CL12-9662,1S-MH-MU-ZET-CL12-8783,2025-04-04,1484.988944723618
nan,30489-38597,1S-MH-MU-ZET-CL11-9183,1S-MH-MU-ZET-CL11-9681,2025-04-04,184.4284
nan,00837-32219,1S-MH-MU-ZET-CL10-8250,1S-MH-MU-ZET-CL10-8596,2025-02-07,663.2228717948718
nan,35892-06534,1S-MH-MU-ZSC-CL04-2935,1S-MH-MU-ZSC-CL04-2022,,
nan,19180-19727,nan,nan,,
nan,43868-43829,nan,nan,,
nan,31174-14918,1S-MH-MU-ZST-CL07-0804,1S-MH-MU-ZST-CL07-0144,2025-04-04,316.34976303317535
nan,27054-09109,1S-MH-MU-ZST-CL08-0048,1S-MH-MU-ZST-CL08-0049,2025-04-04,209.76328502415458
nan,07438-13546,1S-MH-MU-ZST-CL05-0051,1S-MH-MU-ZST-CL05-0270,2025-04-04,254.8222222222222
nan,14984-09777,1S-MH-MU-ZST-CL06-0078,1S-MH-MU-ZST-CL06-0581,2025-04-04,632.3740196078431
nan,41343-17994,1S-MH-MU-ZET-CL10-8067,1S-MH-MU-ZET-CL10-8104,2025-04-04,10.854945054945054
nan,10239-02315,1S-MH-MU-ZET-CL10-8067,1S-MH-MU-ZET-CL10-8643,,
nan,02803-29542,1S-MH-MU-ZST-RSTN-BAND,1S-MH-MU-ZST-CL02-0746,2025-04-04,440.9521951219512
nan,05023-38412,1S-MH-MU-ZST-RSTN-BAND,1S-MH-MU-ZST-CL03-0473,2025-02-07,372.29853658536587
nan,36797-35844,1S-MH-MU-ZST-CL06-1165,1S-MH-MU-ZST-CL06-0093,2025-04-04,437.94392156862745
nan,34491-43206,1S-MH-MU-ZST-CL01-0936,1S-MH-MU-ZST-CL01-1395,,
nan,28446-30756,1S-MH-MU-ZST-CL05-0644,1S-MH-MU-ZST-CL05-0792,2025-04-04,93.22471204188481
nan,30755-28476,1S-MH-MU-ZST-CL05-0792,1S-MH-MU-ZST-CL05-0708,2025-04-04,145.17281553398058
nan,09290-07047,1S-MH-MU-ZSC-CL08-2108,1S-MH-MU-ZSC-CL08-2110,2025-04-04,309.6036363636363
nan,37426-15569,nan,nan,,
nan,36106-15810,1S-MH-MU-ZNT-CL12-7227,1S-MH-MU-ZNT-CL12-6588,2025-04-04,299.9486829268293
nan,25319-34516,1S-MH-MU-ZNT-RSTN-BHWE,1S-MH-MU-ZNT-RSTN-BHWE,2010-11-11,93.1478787878788
nan,18146-18168,1S-MH-MU-ZCT-CL10-4115,1S-MH-MU-ZCT-CL10-4525,2025-04-04,314.63714285714286
nan,00000-00000,1S-MH-MU-ZCT-CL10-4779,nan,,
nan,36637-14604,1S-MH-MU-ZSC-CL03-3413,1S-MH-MU-ZSC-CL03-3413,,
nan,36637-14604,nan,nan,,
nan,42444-43887,1S-MH-MU-ZST-RSTN-BOMB,1S-MH-MU-ZST-RSTN-BOMB,2024-11-04,427.8507614213198
nan,00000-00000,1S-MH-MU-ZCT-CL10-4124,1S-MH-MU-ZCT-CL10-4124,2025-04-04,363.0537530266344
nan,01308-37076,1S-MH-MU-ZNT-RSTN-BORI,1S-MH-MU-ZCT-CL04-5485,2025-04-04,188.05949579831935
nan,01321-37072,1S-MH-MU-ZNT-RSTN-BORI,1S-MH-MU-ZCT-CL04-5485,2025-04-04,188.05949579831935
nan,33071-220BOR01,1S-MH-MU-ZNT-RSTN-BORI,1T-MH-MU-BVL,,
nan,07353-10512,1S-MH-MU-ZNT-CL07-6081,1S-MH-MU-ZNT-CL07-6749,2025-04-04,368.08390243902437
nan,05053-10105,1S-MH-MU-ZNT-CL08-6074,1S-MH-MU-ZNT-CL07-6352,2025-04-04,301.62254901960785
nan,01304-01318,1S-MH-MU-ZNT-RSTN-BORI,1S-MH-MU-ZNT-RSTN-BORI,,
nan,01310-01327,1S-MH-MU-ZNT-RSTN-BORI,1S-MH-MU-ZNT-RSTN-BORI,,
nan,01325-01335,1S-MH-MU-ZNT-RSTN-BORI,1S-MH-MU-ZNT-RSTN-BORI,,
nan,01301-35117,1S-MH-MU-ZNT-RSTN-BORI,1S-MH-MU-ZNT-CL09-7457,,
nan,01324-16864,1S-MH-MU-ZNT-RSTN-BORI,1S-MH-MU-ZNT-CL01-6306,2025-04-04,377.19317073170737
nan,01331-31808,1S-MH-MU-ZNT-RSTN-BORI,1S-MH-MU-ZNT-CL01-7329,2025-04-04,383.72673684210525
nan,18890-35842,1S-MH-MU-ZST-CL06-0604,1S-MH-MU-ZST-CL06-0093,2025-04-04,437.94392156862745
nan,27093-31750,1S-MH-MU-ZNT-CL06-6960,1S-MH-MU-ZNT-CL06-7130,2025-04-04,146.78984126984128
nan,09886-16901,1S-MH-MU-ZST-CL07-0096,1S-MH-MU-ZST-CL07-0025,2025-04-04,215.46552380952383
nan,14734-28989,1S-MH-MU-ZST-CL07-0097,1S-MH-MU-ZST-CL07-0727,2025-04-04,289.9303482587065
nan,00000-00000,1S-MH-MU-ZCT-CL10-4596,nan,,
nan,41277-35749,1S-MH-MU-ZSC-CL03-3620,1S-MH-MU-ZSC-CL04-3355,2025-03-06,278.85732283464563
nan,28223-07827,1S-MH-MU-ZCT-RSTN-CAMA,1T-MH-MU-ARY,,
nan,33049-01119,1S-MH-MU-ZCT-RSTN-CAMA,nan,,
nan,06907-00281,1S-MH-MU-ZSC-CL04-2146,1S-MH-MU-ZSC-CL04-2242,2025-04-04,624.6502857142857
nan,02761-nan,1S-MH-MU-ZET-CL14-8133,nan,,
nan,29279-10482,1S-MH-MU-ZET-RSTN-VIHA,1S-MH-MU-ZET-CL14-8134,2025-04-04,257.0644329896907
nan,35475-01045,1S-MH-MU-ZSC-CL07-3317,1S-MH-MU-ZSC-CL07-2297,2025-04-04,247.09425742574257
nan,07284-02724,1S-MH-MU-ZET-CL09-8562,1S-MH-MU-ZET-CL08-8143,2025-04-04,374.394
nan,35960-10837,1S-MH-MU-ZET-CL08-9537,1S-MH-MU-ZET-CL08-8143,2025-04-04,374.394
nan,37095-14739,1S-MH-MU-ZET-CL10-9523,1S-MH-MU-ZET-CL10-8913,2025-04-04,279.57185929648244
nan,00000-00000,1S-MH-MU-ZCT-RSTN-CHNB,nan,,
nan,25353-25545,1S-MH-MU-ZCT-RSTN-CHNB,1S-MH-MU-ZCT-CL03-4929,2025-04-04,527.1587032418953
nan,00000-00000,1S-MH-MU-ZCT-RSTN-CHNB,1S-MH-MU-ZCT-CL03-5799,,
nan,00000-00000,1S-MH-MU-ZCT-CL02-4152,nan,,
nan,28932-13231,1S-MH-MU-ZCT-CL02-4153,1S-MH-MU-ZCT-CL02-4556,2025-04-04,238.94606896551724
nan,33020-PT,1S-MH-MU-ZCT-RSTN-CHNB,nan,,
nan,09562-10889,1S-MH-MU-ZET-CL06-8183,1S-MH-MU-ZET-CL06-8185,2025-04-04,259.77988304093566
nan,25553-09443,1S-MH-MU-ZST-CL08-0653,1S-MH-MU-ZST-CL08-0377,2025-04-04,275.8509708737864
nan,12457-11381,1S-MH-MU-ZET-CL01-8192,1S-MH-MU-ZET-CL10-8243,2025-04-04,128.84954314720812
nan,06205-13954,1S-MH-MU-ZST-CL04-0110,1S-MH-MU-ZST-CL04-0510,2025-04-04,377.7946341463414
nan,129-19963,1S-MH-MU-ZET-CL05-8650,1S-MH-MU-ZET-CL05-8831,2025-04-04,570.6079207920792
nan,nan-19963,1S-MH-MU-ZET-CL05-8650,1S-MH-MU-ZET-CL05-8831,2025-04-04,570.6079207920792
nan,00000-00000,1S-MH-MU-ZCT-RSTN-MALW,1S-MH-MU-ZCT-CL06-5114,2025-04-04,310.4265882352941
nan,33182-PT,MM01-SUB-RS1,MM01-SUB-RS1,,
nan,33191-PT,1S-MH-MU-ZSC-RSTN-MMET,1S-MH-MU-ZSC-RSTN-MMET,,
nan,33183-PT,MM01-SUB-RS1,MM01-SUB-RS1,,
nan,00000-00000,1S-MH-MU-ZCT-CL10-4170,1S-MH-MU-ZCT-CL10-4169,2025-04-04,170.51793814432992
nan,00000-00000,1S-MH-MU-ZCT-CL10-4170,1S-MH-MU-ZCT-CL10-5011,2025-04-04,162.95810426540285
nan,05030-17696,1S-MH-MU-ZNT-CL01-6143,1S-MH-MU-ZNT-CL01-6142,2024-03-11,70.9267132867133
nan,17698-28720,1S-MH-MU-ZNT-CL01-6142,1S-MH-MU-ZNT-CL01-6004,2025-04-04,146.57215686274512
nan,12133-30430,1S-MH-MU-ZST-CL08-0122,1S-MH-MU-ZST-CL08-0781,2025-04-04,198.22538071065992
nan,26567-30822,1S-MH-MU-ZET-CL08-9047,1S-MH-MU-ZET-CL08-9203,,
nan,09111-35418,1S-MH-MU-ZNT-CL08-6153,1S-MH-MU-ZNT-RSTN-DEVI,2010-11-11,265.648275862069
nan,19566-18420,1S-MH-MU-ZNT-CL01-6890,1S-MH-MU-ZNT-CL01-6163,2025-04-04,177.14556097560973
nan,18421-32976,1S-MH-MU-ZNT-CL01-6163,1S-MH-MU-ZNT-CL01-7263,2025-04-04,376.2232044198895
nan,00000-00000,1S-MH-MU-ZCT-CL08-4185,1S-MH-MU-ZCT-CL08-4186,2025-04-04,144.2829268292683
nan,00000-00000,1S-MH-MU-ZCT-CL08-4196,1S-MH-MU-ZCT-CL08-5025,2025-04-04,501.43961352657004
nan,00000-00000,1S-MH-MU-ZCT-RSTN-DIND,1S-MH-MU-ZCT-CL08-4186,2025-04-04,144.2829268292683
nan,00000-00000,1S-MH-MU-ZCT-RSTN-DIND,1S-MH-MU-ZCT-CL08-5798,,
nan,00000-00000,1S-MH-MU-ZCT-RSTN-DIND,nan,,
nan,00000-00000,1S-MH-MU-ZCT-RSTN-DIND,1S-MH-MU-ZCT-RSTN-GOKU,2025-04-04,385.9818181818182
nan,00000-00000,1S-MH-MU-ZCT-RSTN-DIND,1S-MH-MU-ZCT-CL08-4856,2025-03-06,325.84871287128715
nan,33090-01113,1S-MH-MU-ZCT-RSTN-DIND,nan,,
nan,06416-28465,1S-MH-MU-ZCT-RSTN-DIND,1S-MH-MU-ZCT-CL09-5017,2025-04-04,146.94230769230768
nan,10148-28977,1S-MH-MU-ZCT-CL08-4200,1S-MH-MU-ZCT-CL08-4204,2025-04-04,283.1201923076923
nan,00000-00000,1S-MH-MU-ZCT-CL08-4200,1S-MH-MU-ZCT-CL09-4859,2025-04-04,361.1831683168317
nan,10604-16360,1S-MH-MU-ZST-CL02-0398,1S-MH-MU-ZST-CL02-0285,2025-04-04,330.4521739130435
nan,11796-06433,1S-MH-MU-ZST-CL08-0134,1S-MH-MU-ZST-CL08-0568,2025-03-06,363.08975609756095
nan,00000-00000,1S-MH-MU-ZCT-CL03-4210,1S-MH-MU-ZCT-CL03-5168,2025-04-04,197.10724252491693
nan,00000-00000,1S-MH-MU-ZCT-CL08-4213,1S-MH-MU-ZCT-CL07-4826,2025-04-04,217.9809223300971
nan,16230-39693,1S-MH-MU-ZST-CL06-0138,1S-MH-MU-ZST-CL06-0172,2025-04-04,467.66280193236713
nan,35494-40416,1S-MH-MU-ZST-CL02-0978,1S-MH-MU-ZST-CL02-0295,2025-04-04,440.89950980392155
nan,35494-04305,1S-MH-MU-ZST-CL02-0978,1S-MH-MU-ZST-CL02-0295,2025-04-04,440.89950980392155
nan,07945-14239,1S-MH-MU-ZST-CL01-0479,1S-MH-MU-ZST-CL01-0021,2025-04-04,259.48932038834954
nan,00835-09043,1S-MH-MU-ZET-CL10-8250,1S-MH-MU-ZET-CL10-8680,2025-04-04,250.37121212121212
nan,00000-00000,1S-MH-MU-ZSC-CL06-2930,1S-MH-MU-ZSC-CL06-2659,2025-04-04,356.03801980198017
nan,00000-00000,1S-MH-MU-ZCT-CL06-5205,1S-MH-MU-ZCT-CL06-4469,2025-04-04,545.4794258373206
nan,00000-00000,1S-MH-MU-ZCT-CL06-5205,1S-MH-MU-ZCT-CL06-5211,2025-04-04,265.36493827160496
nan,12254-14912,1S-MH-MU-ZST-CL05-0341,1S-MH-MU-ZST-CL05-0145,2025-04-04,170.45145631067962
nan,14910-38626,1S-MH-MU-ZST-CL05-0145,1S-MH-MU-ZST-CL05-1276,2025-04-04,339.7757847533632
nan,35426-14740,1S-MH-MU-ZNT-CL05-7432,1S-MH-MU-ZNT-CL05-6111,2025-04-04,525.5611650485437
nan,15944-06489,1S-MH-MU-ZST-CL04-0148,1S-MH-MU-ZST-CL04-0336,2025-04-04,248.91014492753624
nan,06325-15321,1S-MH-MU-ZST-CL05-0149,1S-MH-MU-ZST-CL05-0317,2025-04-04,405.9193236714976
nan,30272-12256,1S-MH-MU-ZST-CL05-0775,1S-MH-MU-ZST-CL05-0341,2025-04-04,465.59130434782605
nan,17896-04165,1S-MH-MU-ZCT-CL05-4232,1S-MH-MU-ZCT-CL05-4451,,
nan,00000-00000,1S-MH-MU-ZCT-CL10-4838,1S-MH-MU-ZCT-CL10-4839,2025-04-04,526.1843902439025
nan,00000-00000,1S-MH-MU-ZNT-CL08-7246,1S-MH-MU-ZNT-CL08-6044,2025-04-04,237.5156862745098
nan,02009-18277,1S-MH-MU-ZST-CL03-0152,1S-MH-MU-ZST-CL03-0476,2025-04-04,163.442
nan,11613-17664,1S-MH-MU-ZST-CL03-0153,1S-MH-MU-ZST-CL03-0261,,
nan,00000-00000,1S-MH-MU-ZCT-CL01-4246,1S-MH-MU-ZCT-CL01-4549,2025-04-04,221.026213592233
nan,35234-06613,nan,1S-MH-MU-ZSC-CL10-2468,2025-04-04,433.784
nan,26180-38394,1S-MH-MU-ZST-CL05-0670,1S-MH-MU-ZST-CL05-1256,2025-04-04,127.8531914893617
nan,01087-16732,1S-MH-MU-ZSC-CL07-2237,1S-MH-MU-ZSC-CL07-2257,2025-04-04,174.59005524861877
nan,19680-26752,1S-MH-MU-ZSC-CL09-2921,1S-MH-MU-ZSC-CL09-3005,2025-04-04,205.09803921568627
nan,09204-29784,1S-MH-MU-ZST-CL02-0157,1S-MH-MU-ZST-CL02-0198,2025-04-04,536.2233009708738
nan,00000-00000,1S-MH-MU-ZSC-CL04-2242,1S-MH-MU-ZSC-CL04-3479,2025-04-04,162.99
nan,03633-38058,1S-MH-MU-ZST-RSTN-GODR,1S-MH-MU-ZST-CL01-0413,2025-04-04,320.3122549019608
nan,00000-00000,1S-MH-MU-ZCT-CL07-5642,1S-MH-MU-ZCT-CL07-5522,2025-04-04,111.90157068062828
nan,41112-13260,1S-MH-MU-ZCT-CL07-5642,1S-MH-MU-ZCT-CL08-4670,2025-04-04,436.15820895522387
nan,25619-25643,1S-MH-MU-ZCT-CL10-4257,1S-MH-MU-ZCT-CL09-4938,2025-04-04,234.09368700265253
nan,05291-08492,1S-MH-MU-ZNT-CL09-6223,1S-MH-MU-ZNT-CL04-6285,,
nan,00000-00000,1S-MH-MU-ZCT-CL08-4263,1S-MH-MU-ZCT-CL08-4183,2025-04-04,215.37217391304347
nan,02403-28165,1S-MH-MU-ZST-CL06-0164,1S-MH-MU-ZST-CL06-0702,2025-04-04,350.5111111111111
nan,25550-16762,1S-MH-MU-ZNT-CL06-6239,1S-MH-MU-ZNT-CL06-6245,2025-04-04,553.6805825242718
nan,17097-11449,1S-MH-MU-ZNT-CL06-6244,1S-MH-MU-ZNT-CL06-6238,2025-04-04,305.13703470031544
nan,17098-29498,1S-MH-MU-ZNT-CL06-6244,1S-MH-MU-ZNT-CL06-6242,2025-04-04,412.1552941176471
nan,35515-06651,1S-MH-MU-ZCT-CL01-5292,1S-MH-MU-ZSC-CL08-2594,2025-04-04,582.8279591836734
nan,00000-00000,1S-MH-MU-ZCT-CL07-4271,1S-MH-MU-ZCT-CL07-4069,2025-04-04,140.18260869565216
nan,00000-00000,1S-MH-MU-ZCT-CL07-4276,1S-MH-MU-ZCT-CL07-4793,2025-04-04,54.869900990099005
nan,43967-32728,1S-MH-MU-ZCT-CL01-5575,1S-MH-MU-ZSC-CL08-2804,2025-04-04,244.52464646464645
nan,01531-05359,1S-MH-MU-ZCT-RSTN-GORE,1S-MH-MU-ZSC-CL08-2499,2025-04-04,359.0913705583756
nan,12867-31482,1S-MH-MU-ZCT-CL01-4284,1S-MH-MU-ZCT-CL01-5138,2025-04-04,167.5262176165803
nan,02481-07812,1S-MH-MU-ZSC-CL03-2253,1S-MH-MU-ZSC-CL03-2494,2025-03-06,326.87540983606556
nan,06796-34640,1S-MH-MU-ZSC-CL04-2256,1S-MH-MU-ZSC-CL04-3283,2025-04-04,341.6868049792531
nan,41964-25515,nan,nan,,
nan,00000-00000,1S-MH-MU-ZCT-CL09-4300,1S-MH-MU-ZCT-CL09-4066,2025-04-04,902.249756097561
nan,12199-31218,1S-MH-MU-ZNT-CL09-6295,1S-MH-MU-ZNT-CL09-6510,2025-04-04,517.6436893203884
nan,28359-25629,1S-MH-MU-ZCT-CL10-5011,1S-MH-MU-ZCT-CL10-4933,2025-04-04,328.7394230769231
nan,11602-11933,1S-MH-MU-ZST-CL08-0193,1S-MH-MU-ZST-CL08-0515,2025-04-04,275.05707920792076
nan,06437-02747,1S-MH-MU-ZST-CL04-0199,1S-MH-MU-ZST-CL04-0240,2025-04-04,362.67115384615386
nan,11725-20194,1S-MH-MU-ZNT-CL09-6015,1S-MH-MU-ZNT-CL09-6015,2025-04-04,520.3787439613526
nan,HT Pillar-43297,1S-MH-MU-ZNT-RSTN-GORA,1S-MH-MU-ZNT-CL05-9905,,
nan,35127-28282,nan,nan,,
nan,29642-16769,1S-MH-MU-ZST-CL06-0204,1S-MH-MU-ZST-CL01-0382,2025-04-04,459.22533333333337
nan,09124-25224,1S-MH-MU-ZCT-CL07-4313,1S-MH-MU-ZCT-CL07-4922,2008-08-25,0.0
nan,37558-37184,1S-MH-MU-ZNT-CL03-7417,1S-MH-MU-ZNT-CL03-7754,2025-04-04,284.7589743589744
nan,GNHT-13470,1S-MH-MU-ZNT-CL12-7108,1S-MH-MU-ZNT-CL12-7108,2025-04-04,188.21416666666667
nan,16862-12438,1S-MH-MU-ZNT-CL01-6306,1S-MH-MU-ZNT-CL01-6731,2025-04-04,170.80156097560976
nan,36653-32167,1S-MH-MU-ZCT-CL08-5401,1S-MH-MU-ZCT-RSTN-RAHE,2024-06-04,52.79483146067415
nan,36528-32156,1S-MH-MU-ZCT-CL08-5400,1S-MH-MU-ZCT-RSTN-RAHE,2024-06-04,52.79483146067415
nan,09124-29311,1S-MH-MU-ZCT-CL07-4313,nan,,
nan,26920-26733,1S-MH-MU-ZCT-CL03-4993,1S-MH-MU-ZCT-CL02-4971,2025-04-04,551.7761627906976
nan,04684-30955,1S-MH-MU-ZET-CL04-8377,1S-MH-MU-ZET-RSTN-VIKH,2025-02-07,600.1726368159203
nan,04736-CAP BANK,1S-MH-MU-ZCT-CL10-4320,nan,,
nan,19211-38768,1S-MH-MU-ZCT-CL05-4844,1S-MH-MU-ZCT-CL06-5630,,
nan,16297-39031,1S-MH-MU-ZSC-CL01-2273,1S-MH-MU-ZSC-RSTN-JBNA,2024-12-03,75.57236363636363
nan,39016-40112,1S-MH-MU-ZSC-RSTN-JBNA,1S-MH-MU-ZSC-CL04-3283,2025-04-04,341.6868049792531
nan,00000-00000,1S-MH-MU-ZCT-CL10-4330,nan,,
nan,26001-14538,1S-MH-MU-ZST-CL07-0635,1S-MH-MU-ZST-CL07-0553,2025-04-04,805.120487804878
nan,09794-18687,1S-MH-MU-ZSC-CL01-2511,1S-MH-MU-ZSC-CL01-2312,,
nan,00000-00000,1S-MH-MU-ZCT-CL10-4846,1S-MH-MU-ZCT-CL10-4928,2025-04-04,319.6966183574879
nan,00284-06882,nan,nan,,
nan,16669-07462,1S-MH-MU-ZET-CL06-8847,1S-MH-MU-ZET-CL06-8183,2025-04-04,194.29340101522845
nan,04274-10383,1S-MH-MU-ZST-CL04-0229,1S-MH-MU-ZST-CL04-0433,,
nan,10117-17285,1S-MH-MU-ZST-CL04-0231,1S-MH-MU-ZST-CL04-0357,2025-04-04,262.09565217391304
nan,40104-10656,1S-MH-MU-ZST-CL04-1309,1S-MH-MU-ZST-CL04-0236,2025-04-04,406.35625000000005
nan,10898-29294,1S-MH-MU-ZST-CL04-0242,1S-MH-MU-ZST-CL04-0699,2025-04-04,317.9458937198068
nan,28489-13379,1S-MH-MU-ZST-RSTN-JUHU,1S-MH-MU-ZST-CL04-0249,2025-04-04,645.7548792270532
nan,28483-26268,1S-MH-MU-ZST-RSTN-JUHU,1S-MH-MU-ZST-CL04-0253,2025-04-04,395.89222042139386
nan,28494-26266,1S-MH-MU-ZST-RSTN-JUHU,1S-MH-MU-ZST-CL04-0253,2025-04-04,395.89222042139386
nan,28493-12005,1S-MH-MU-ZST-RSTN-JUHU,1S-MH-MU-ZST-CL04-0447,2025-04-04,478.3768115942029
nan,26253-30833,1S-MH-MU-ZST-CL04-0253,1S-MH-MU-ZST-CL04-0795,2025-04-04,159.95833333333334
nan,11493-09272,1S-MH-MU-ZCT-CL05-4339,1S-MH-MU-ZCT-CL05-4317,2025-04-04,539.664039408867
nan,00000-00000,1S-MH-MU-ZCT-RSTN-KIES,1S-MH-MU-ZCT-CL05-4079,2025-04-04,405.17635467980296
nan,00000-00000,1S-MH-MU-ZCT-RSTN-KIES,1S-MH-MU-ZCT-CL05-4340,2025-04-04,400.703431372549
nan,13439-07436,1S-MH-MU-ZST-RSTN-KALA,1S-MH-MU-ZST-CL05-0051,2025-04-04,258.319806763285
nan,13544-05461,1S-MH-MU-ZST-CL05-0270,1S-MH-MU-ZST-CL05-0269,2025-04-04,190.04049295774647
nan,07039-29643,1S-MH-MU-ZST-RSTN-KALA,1S-MH-MU-ZST-CL06-0204,,
nan,02513-04679,1S-MH-MU-ZST-CL07-0272,1S-MH-MU-ZST-CL07-0358,2025-04-04,315.0096618357488
nan,36552-36563,1S-MH-MU-ZET-CL01-8416,1S-MH-MU-ZET-CL01-9528,2025-04-04,167.59804878048783
nan,39995-06703,1S-MH-MU-ZCT-CL04-5634,1S-MH-MU-ZCT-CL04-4375,2025-04-04,411.58097560975614
nan,02076-26546,1S-MH-MU-ZCT-CL05-4363,1S-MH-MU-ZCT-CL05-4363,2025-04-04,286.12172972972974
nan,29194-10637,1S-MH-MU-ZCT-CL05-4363,1S-MH-MU-ZCT-CL05-4608,2025-04-04,379.5377990430622
nan,05376-14826,1S-MH-MU-ZST-CL01-0288,1S-MH-MU-ZST-CL01-0171,2025-04-04,247.3442718446602
nan,ABANDONED-09284,1S-MH-MU-ZNT-CL07-6350,1S-MH-MU-ZNT-CL06-6180,2025-04-04,181.36975609756098
nan,00000-00000,1S-MH-MU-ZNT-CL06-6808,nan,,
nan,0-0,nan,nan,,
nan,00000-00000,1S-MH-MU-ZCT-CL04-4381,1S-MH-MU-ZCT-CL04-4756,2025-04-04,327.7176470588235
nan,34014-02011,1S-MH-MU-ZST-CL04-0873,1S-MH-MU-ZST-CL04-0564,2025-04-04,598.2294117647059
nan,09683-25028,1S-MH-MU-ZST-CL06-0301,1S-MH-MU-ZST-CL06-0620,2025-04-04,385.09708737864077
nan,31744-02685,1S-MH-MU-ZCT-CL06-4384,1S-MH-MU-ZCT-CL06-4383,2025-04-04,180.0343137254902
nan,36317-35881,1S-MH-MU-ZCT-CL06-5431,1S-MH-MU-ZCT-RSTN-KIES,,
nan,36358-19211,1S-MH-MU-ZCT-CL06-4383,1S-MH-MU-ZCT-CL05-4844,2025-04-04,743.6005
nan,06292-30360,1S-MH-MU-ZST-CL06-0314,1S-MH-MU-ZST-CL06-0777,2025-04-04,121.60222222222221
nan,30358-04569,1S-MH-MU-ZST-CL06-0777,1S-MH-MU-ZST-CL06-0320,,
nan,09654-04086,1S-MH-MU-ZST-CL06-0319,1S-MH-MU-ZST-CL06-0306,2025-04-04,344.2276543209877
nan,06086-18892,1S-MH-MU-ZST-CL06-0319,1S-MH-MU-ZST-CL06-0604,2025-04-04,464.105
nan,06311-06513,1S-MH-MU-ZST-CL06-0320,1S-MH-MU-ZST-CL06-0385,,
nan,00000-00000,1S-MH-MU-ZCT-CL09-5636,1S-MH-MU-ZCT-CL09-4394,2025-03-06,450.76407766990286
nan,26425-41943,1S-MH-MU-ZSC-CL07-2989,1S-MH-MU-ZSC-CL07-2073,2025-04-04,69.85969543147209
nan,14988-05944,1S-MH-MU-ZST-CL08-0325,1S-MH-MU-ZST-CL08-0566,2025-04-04,287.82146341463414
nan,19615-37687,1S-MH-MU-ZSC-CL01-2367,1S-MH-MU-ZSC-CL04-3393,2025-04-04,121.73478260869565
nan,39657-19228,1S-MH-MU-ZNT-CL06-7658,1S-MH-MU-ZNT-CL08-6848,2025-04-04,154.39696969696968
nan,09418-10939,1S-MH-MU-ZNT-CL09-6378,1S-MH-MU-ZNT-CL05-6132,2025-04-04,291.8981463414634
nan,12559-11562,1S-MH-MU-ZCT-CL09-4402,1S-MH-MU-ZCT-CL09-4058,2025-04-04,668.1418181818183
nan,10750-25601,1S-MH-MU-ZET-CL01-8464,1S-MH-MU-ZET-CL01-9009,2025-04-04,383.1380208333333
nan,30782-26192,1S-MH-MU-ZET-CL01-9199,1S-MH-MU-ZET-CL01-8466,2025-04-04,391.6994845360825
nan,04642-30778,1S-MH-MU-ZET-CL01-8467,1S-MH-MU-ZET-CL01-9200,2025-04-04,159.00192513368984
nan,220AAR52-PT,1T-MH-MU-ARY,1T-MH-MU-ARY,,
nan,14268-43533,1S-MH-MU-ZET-RSTN-KURL,1S-MH-MU-ZSC-CL04-3568,,
nan,30842-17786,1S-MH-MU-ZNT-CL10-7255,1S-MH-MU-ZNT-CL10-6529,2025-04-04,460.54019607843134
nan,00000-00000,1S-MH-MU-ZCT-CL01-4407,1S-MH-MU-ZCT-CL01-4495,2025-04-04,593.2609230769231
nan,11083-07286,1S-MH-MU-ZET-CL08-8494,1S-MH-MU-ZET-CL09-8562,2025-04-04,427.8441791044776
nan,00000-00000,1S-MH-MU-ZCT-CL03-5500,1S-MH-MU-ZCT-CL03-4483,2025-04-04,303.7224390243902
nan,05519-07237,1S-MH-MU-ZSC-CL04-2384,1S-MH-MU-ZSC-CL04-2385,,
nan,05519-02149,1S-MH-MU-ZSC-CL04-2385,1S-MH-MU-ZSC-CL10-2218,2025-03-06,285.0109452736318
nan,25384-37030,1S-MH-MU-ZNT-CL11-6390,1S-MH-MU-ZNT-CL11-7158,,
nan,11023-15575,nan,nan,,
nan,00000-00000,1S-MH-MU-ZCT-CL10-4420,1S-MH-MU-ZCT-CL10-4344,2025-04-04,662.3336585365853
nan,00000-00000,1S-MH-MU-ZSC-RSTN-MIDC,1S-MH-MU-ZSC-CL01-2177,2025-04-04,369.1625615763547
nan,17802-07811,1S-MH-MU-ZSC-RSTN-MIDC,1S-MH-MU-ZSC-CL01-2615,,
nan,17803-15752,1S-MH-MU-ZSC-RSTN-MIDC,1S-MH-MU-ZSC-CL01-2021,2025-04-04,573.860391198044
nan,35747-43047,1S-MH-MU-ZSC-CL04-3355,1S-MH-MU-ZSC-CL04-3355,2025-03-06,278.85732283464563
nan,1-1,nan,nan,,
nan,00000-00000,1S-MH-MU-ZCT-RSTN-MAHA,1S-MH-MU-ZCT-CL07-4277,2025-04-04,255.5239024390244
nan,26033-18216,1S-MH-MU-ZCT-RSTN-MAHA,1S-MH-MU-ZCT-CL07-4277,2025-04-04,255.5239024390244
nan,33164-33279,1S-MH-MU-ZCT-RSTN-MAHA,1S-MH-MU-ZCT-RSTN-NESC,,
nan,00000-00000,1S-MH-MU-ZCT-RSTN-MAHA,nan,,
nan,17053-31013,1S-MH-MU-ZST-CL05-0346,1S-MH-MU-ZST-CL05-0801,2025-04-04,449.30833333333334
nan,12152-10955,1S-MH-MU-ZET-CL12-8524,1S-MH-MU-ZET-CL12-8616,2025-04-04,32.544444444444444
nan,14217-19724,1S-MH-MU-ZCT-CL04-4064,1S-MH-MU-ZCT-CL04-4436,2025-04-04,569.0740384615384
nan,00000-00000,1S-MH-MU-ZSC-CL05-2504,1S-MH-MU-ZSC-CL05-2504,2024-04-29,252.5278350515464
nan,13341-13209,1S-MH-MU-ZSC-CL03-2439,1S-MH-MU-ZSC-CL08-2052,2025-03-06,736.9803921568628
nan,02391-38914,1S-MH-MU-ZSC-CL03-2437,1S-MH-MU-ZSC-CL03-3519,2025-04-04,180.3139534883721
nan,38632-12075,1S-MH-MU-ZST-CL05-1276,1S-MH-MU-ZST-CL05-0143,2025-04-04,279.5169082125604
nan,00000-00000,1S-MH-MU-ZCT-RSTN-MALA,1S-MH-MU-ZCT-CL10-4596,2025-04-04,289.96923076923076
nan,04164-28714,1S-MH-MU-ZCT-CL05-4451,1S-MH-MU-ZCT-CL06-4383,2025-04-04,180.0343137254902
nan,00000-00000,1S-MH-MU-ZCT-CL03-4443,1S-MH-MU-ZCT-CL03-5128,2025-04-04,280.8255555555555
nan,00000-00000,1S-MH-MU-ZCT-CL06-4459,1S-MH-MU-ZCT-CL06-4459,2025-04-04,1053.7072463768116
nan,00000-00000,1S-MH-MU-ZCT-CL03-5561,nan,,
nan,38548-04211,1S-MH-MU-ZST-CL07-1252,1S-MH-MU-ZST-CL07-0525,2025-04-04,345.15147679324895
nan,40577-07168,1S-MH-MU-ZNT-CL05-7515,1S-MH-MU-ZNT-CL09-6022,2025-04-04,718.8521739130434
nan,09937-16023,1S-MH-MU-ZSC-CL04-2460,1S-MH-MU-ZSC-CL10-2289,,
nan,06699-35232,1S-MH-MU-ZSC-CL10-2473,nan,,
nan,nan-nan,nan,nan,,
XLPE,2023-8a6bf921-1af5-46fe-a6ba-bc0d1d064be4,U,2025-04-22 18:05:54+00:00,,
nan,12168-34764,1S-MH-MU-ZCT-CL06-4480,1S-MH-MU-ZCT-CL06-5114,2025-04-04,310.4265882352941
nan,00000-00000,1S-MH-MU-ZCT-CL06-4480,1S-MH-MU-ZCT-CL06-5114,2025-04-04,310.4265882352941
nan,06350-07186,1S-MH-MU-ZET-CL02-8545,1S-MH-MU-ZET-CL02-8471,2025-04-04,775.3116751269035
nan,32513-14194,1S-MH-MU-ZCT-CL09-5176,1S-MH-MU-ZCT-CL08-4083,2025-04-04,306.16453201970444
nan,28985-06644,1S-MH-MU-ZNT-CL08-6995,1S-MH-MU-ZNT-CL08-6156,2025-04-04,336.56699029126213
nan,07902-12274,1S-MH-MU-ZNT-CL01-6434,1S-MH-MU-ZNT-CL01-6758,2025-04-04,714.3186274509804
nan,05606-14322,nan,1S-MH-MU-ZSC-CL02-2224,2025-04-04,563.4123711340206
nan,05607-38470,nan,1S-MH-MU-ZSC-CL02-3474,2025-04-04,150.6040909090909
nan,40376-16185,1S-MH-MU-ZSC-RSTN-MEGH,1S-MH-MU-ZSC-CL02-2302,2025-04-04,442.5116751269036
nan,06557-12787,1S-MH-MU-ZSC-CL02-2498,1S-MH-MU-ZSC-CL02-2496,2025-04-04,164.0140703517588
nan,05229-32715,1S-MH-MU-ZSC-CL08-2499,1S-MH-MU-ZSC-CL08-3206,2025-03-06,294.2573170731707
nan,15554-02196,1S-MH-MU-ZST-CL05-0363,1S-MH-MU-ZST-CL05-0313,2025-04-04,303.89365853658535
nan,00000-00000,1S-MH-MU-ZSC-RSTN-MIAL,1S-MH-MU-ZSC-CL10-2289,,
nan,00000-00000,1S-MH-MU-ZSC-RSTN-MIAL,1S-MH-MU-ZSC-CL04-2985,2018-03-07,134.41979797979798
nan,04627-02326,1S-MH-MU-ZSC-CL01-2411,1S-MH-MU-ZSC-CL01-2810,,
nan,17814-37977,1S-MH-MU-ZSC-RSTN-MIDC,1S-MH-MU-ZSC-CL01-2021,2025-04-04,573.860391198044
nan,13539-39161,1S-MH-MU-ZSC-CL10-2520,1S-MH-MU-ZSC-CL10-3527,2025-04-04,346.24
nan,00000-00000,1S-MH-MU-ZCT-RSTN-MIND,1S-MH-MU-ZCT-CL01-5033,2025-04-04,339.2163902439024
nan,26110-05404,1S-MH-MU-ZNT-RSTN-MIRA,1S-MH-MU-ZNT-CL11-6168,2025-04-04,339.8883495145631
nan,26111-10698,1S-MH-MU-ZNT-RSTN-MIRA,1S-MH-MU-ZNT-CL11-6520,2025-01-03,381.38534031413616
nan,00000-00000,1S-MH-MU-ZCT-CL01-4495,1S-MH-MU-ZCT-CL01-4501,2025-03-06,666.2526829268293
nan,26717-30834,1S-MH-MU-ZST-RSTN-MMRD,1S-MH-MU-ZST-CL05-0796,,
nan,18091-19144,1S-MH-MU-ZST-RSTN-MMRD,1S-MH-MU-ZST-CL07-0173,,
nan,18105-19145,1S-MH-MU-ZST-RSTN-MMRD,1S-MH-MU-ZST-CL07-0173,,
nan,26722-19138,1S-MH-MU-ZST-RSTN-MMRD,1S-MH-MU-ZST-CL07-0173,,
nan,18101-39186,1S-MH-MU-ZST-RSTN-MMRD,1S-MH-MU-ZST-CL07-1269,2025-04-04,57.280952380952385
nan,35186-25781,1S-MH-MU-ZST-CL05-0365,1S-MH-MU-ZST-CL07-0660,2025-04-04,594.0440129449838
nan,31080-29764,1S-MH-MU-ZET-CL06-9217,1S-MH-MU-ZET-CL06-9080,2025-04-04,381.7733990147783
nan,18954-06179,1S-MH-MU-ZSC-CL06-2874,1S-MH-MU-ZSC-CL06-2826,2025-03-06,368.79396984924625
nan,00000-00000,1S-MH-MU-ZCT-CL09-4859,nan,,
nan,00000-00000,1S-MH-MU-ZCT-CL08-4505,1S-MH-MU-ZCT-CL08-4654,2025-04-04,329.3655172413793
nan,25630-12102,1S-MH-MU-ZCT-CL10-4933,1S-MH-MU-ZCT-CL10-4779,2025-04-04,750.5759999999999
nan,26030-nan,1S-MH-MU-ZCT-CL07-4952,nan,,
nan,01118-33092,nan,1S-MH-MU-ZCT-RSTN-MAHA,2018-01-05,66.53122807017544
nan,26207-26028,1S-MH-MU-ZCT-CL07-4922,1S-MH-MU-ZCT-CL07-4952,2008-08-25,0.0
nan,19784-32285,1S-MH-MU-ZST-CL04-0626,1S-MH-MU-ZST-CL04-0833,,
nan,29293-19637,1S-MH-MU-ZST-CL04-0699,1S-MH-MU-ZST-CL04-0262,2025-04-04,312.39805352798055
nan,00000-00000,1S-MH-MU-ZCT-CL08-4509,1S-MH-MU-ZCT-CL08-4923,2025-04-04,276.89257425742574
nan,00000-00000,1S-MH-MU-ZCT-CL08-4509,nan,,
nan,00000-00000,1S-MH-MU-ZCT-CL04-4861,1S-MH-MU-ZCT-CL04-4371,2025-04-04,327.7436274509804
nan,00000-00000,1S-MH-MU-ZCT-CL03-4516,1S-MH-MU-ZCT-CL04-4685,2025-04-04,195.32019900497514
nan,33281-33160,1S-MH-MU-ZCT-RSTN-NESC,1S-MH-MU-ZCT-RSTN-MAHA,2018-01-05,66.53122807017544
nan,33279-33096,1S-MH-MU-ZCT-RSTN-NESC,1S-MH-MU-ZCT-RSTN-NIRL,2010-11-11,177.84
nan,13671-11932,1S-MH-MU-ZST-CL07-0378,1S-MH-MU-ZST-CL08-0515,2025-04-04,275.05707920792076
nan,29754-14986,1S-MH-MU-ZST-CL06-0647,1S-MH-MU-ZST-CL06-0078,2025-04-04,750.8803921568627
nan,37027-POTHEAD,1S-MH-MU-ZNT-CL11-7158,1S-MH-MU-ZNT-CL11-7158,,
nan,PT-41878,1S-MH-MU-ZCT-RSTN-NIRN,1S-MH-MU-ZCT-RSTN-NIRN,,
nan,33342-PT,1S-MH-MU-ZCT-RSTN-NIRN,1S-MH-MU-ZCT-RSTN-NIRN,,
nan,00000-00000,nan,1S-MH-MU-ZCT-CL07-5122,2025-04-04,703.7825870646766
nan,26326-25179,1S-MH-MU-ZCT-RSTN-NIRL,nan,,
nan,00000-00000,1S-MH-MU-ZCT-RSTN-NIRL,1S-MH-MU-ZCT-CL07-5745,2025-04-04,4.025
nan,35344-11968,1S-MH-MU-ZCT-CL08-5250,1S-MH-MU-ZCT-CL08-4249,2025-04-04,359.82782857142854
nan,30214-09359,1S-MH-MU-ZCT-CL08-4925,1S-MH-MU-ZCT-CL08-4213,2025-04-04,294.13366336633663
nan,05817-07501,1S-MH-MU-ZNT-CL01-6504,1S-MH-MU-ZNT-CL09-6594,2025-04-04,395.50845771144276
nan,32486-32351,1S-MH-MU-ZST-CL02-0843,1S-MH-MU-ZST-CL02-0832,2025-04-04,386.0786885245901
nan,38779-40756,1S-MH-MU-ZCT-CL09-5424,1S-MH-MU-ZCT-CL09-5675,2025-04-04,328.7248979591837
nan,00000-00000,1S-MH-MU-ZCT-CL03-4546,1S-MH-MU-ZCT-CL03-4457,2025-04-04,357.2805970149253
nan,36317-37962,1S-MH-MU-ZCT-CL06-5431,1S-MH-MU-ZCT-CL03-5320,2025-04-04,127.84561403508772
nan,00803-01003,1S-MH-MU-ZCT-CL01-4549,1S-MH-MU-ZSC-CL08-2587,2025-03-06,264.17575
nan,01002-05229,1S-MH-MU-ZSC-CL08-2587,1S-MH-MU-ZSC-CL08-2499,2025-04-04,359.0913705583756
nan,PT-25352,1S-MH-MU-ZCT-RSTN-CHNB,1S-MH-MU-ZCT-RSTN-CHNB,,
nan,27078-37211,1S-MH-MU-ZCT-RSTN-PALM,1S-MH-MU-ZCT-CL06-5205,2025-04-04,492.84499999999997
nan,19224-37041,1S-MH-MU-ZCT-CL04-4863,1S-MH-MU-ZCT-CL04-5389,2025-04-04,155.29310344827587
nan,29954-29957,1S-MH-MU-ZSC-CL09-3112,1S-MH-MU-ZSC-CL09-3113,2025-04-04,86.8979411764706
nan,37510-41922,1S-MH-MU-ZET-CL12-8618,1S-MH-MU-ZET-CL12-9791,,
nan,00000-00000,1S-MH-MU-ZCT-CL07-4568,nan,,
nan,01081-28188,1S-MH-MU-ZSC-CL04-2608,1S-MH-MU-ZSC-CL04-3026,2025-04-04,185.47156862745098
nan,00000-00000,1S-MH-MU-ZCT-CL06-4573,1S-MH-MU-ZCT-CL06-4431,2025-04-04,634.3969696969697
nan,15770-29785,1S-MH-MU-ZST-CL02-0414,1S-MH-MU-ZST-CL02-0198,2025-04-04,536.2233009708738
nan,ABANDONED-00086,nan,nan,,
nan,39802-34513,1S-MH-MU-ZCT-CL08-5385,1S-MH-MU-ZCT-CL08-4554,2025-04-04,291.8359595959596
nan,02867-18155,1S-MH-MU-ZET-CL14-8640,1S-MH-MU-ZET-CL13-8558,2025-04-04,530.4834688346883
nan,14415-06978,1S-MH-MU-ZCT-RSTN-POIS,1S-MH-MU-ZCT-CL10-4834,2025-04-04,348.47828282828283
nan,00000-00000,1S-MH-MU-ZCT-RSTN-POIS,nan,,
nan,00000-00000,1S-MH-MU-ZCT-RSTN-POIS,1S-MH-MU-ZCT-CL10-4752,2025-04-04,40.629933774834434
nan,11908-34826,1S-MH-MU-ZCT-RSTN-POIS,1S-MH-MU-ZCT-CL10-4752,2025-04-04,40.629933774834434
nan,00000-00000,1S-MH-MU-ZCT-RSTN-POIS,1S-MH-MU-ZCT-CL10-4753,,
nan,12423-12280,1S-MH-MU-ZCT-CL10-4591,1S-MH-MU-ZCT-CL10-4417,2025-04-04,172.06190476190477
nan,00000-00000,1S-MH-MU-ZCT-CL03-4836,1S-MH-MU-ZCT-CL03-4836,2025-04-04,242.30946341463417
nan,17272-OH,1S-MH-MU-ZET-CL05-8650,nan,,
nan,00000-00000,1S-MH-MU-ZCT-CL01-4495,1S-MH-MU-ZCT-CL01-4864,2025-04-04,225.19707317073173
nan,00000-00000,1S-MH-MU-ZCT-CL10-4596,1S-MH-MU-ZCT-CL10-4162,2024-06-04,405.6578947368421
nan,41722-31963,1S-MH-MU-ZNT-RSTN-GHOD,1S-MH-MU-ZNT-CL11-7186,2025-04-04,218.97486338797816
nan,PT-03722,1S-MH-MU-ZSC-RSTN-MARO,1S-MH-MU-ZSC-RSTN-MARO,2024-12-03,20.283956043956042
nan,PT-00233,1S-MH-MU-ZET-RSTN-KURL,1S-MH-MU-ZET-RSTN-KURL,2015-05-04,267.8853658536585
nan,PT-03734,1S-MH-MU-ZSC-RSTN-MARO,1S-MH-MU-ZSC-RSTN-MARO,2024-12-03,20.283956043956042
nan,PT-31983,1S-MH-MU-ZET-RSTN-TILA,1S-MH-MU-ZET-RSTN-TILA,2025-02-07,491.34923857868023
nan,12996-10037,nan,nan,,
nan,10635-30198,1S-MH-MU-ZCT-CL05-4608,1S-MH-MU-ZCT-CL05-5097,2025-04-04,210.379689119171
nan,17355-12244,1S-MH-MU-ZNT-CL01-6088,1S-MH-MU-ZNT-CL01-6564,2025-04-04,139.96444444444444
nan,32160-36666,1S-MH-MU-ZCT-RSTN-RAHE,1S-MH-MU-ZCT-CL08-5401,,
nan,32168-36535,1S-MH-MU-ZCT-RSTN-RAHE,1S-MH-MU-ZCT-CL08-5400,,
nan,28988-09884,1S-MH-MU-ZST-CL07-0727,1S-MH-MU-ZST-CL07-0096,2025-04-04,135.36819512195123
nan,09979-30844,1S-MH-MU-ZNT-CL04-6582,1S-MH-MU-ZNT-CL10-7255,,
nan,00000-00000,1S-MH-MU-ZNT-CL01-7541,nan,,
nan,00000-00000,1S-MH-MU-ZCT-CL03-4647,1S-MH-MU-ZCT-CL03-4074,2025-04-04,236.9487922705314
nan,37598-12609,nan,nan,,
nan,35832-38928,1S-MH-MU-ZCT-CL09-5271,1S-MH-MU-ZCT-CL09-5517,2025-04-04,237.33670886075947
nan,35831-12503,1S-MH-MU-ZCT-CL09-5271,1S-MH-MU-ZCT-CL09-4571,2025-04-04,341.0392344497607
nan,38158-14723,1S-MH-MU-ZSC-CL05-3505,1S-MH-MU-ZSC-CL05-2732,2025-04-04,407.91167512690356
nan,37531-14066,1S-MH-MU-ZCT-CL07-5242,1S-MH-MU-ZCT-CL09-4450,2025-04-04,85.81676767676768
nan,17901-26470,1S-MH-MU-ZNT-CL09-6612,1S-MH-MU-ZNT-CL09-6939,2010-02-12,102.398
nan,00000-00000,1S-MH-MU-ZCT-CL08-5208,1S-MH-MU-ZCT-CL08-4081,2025-04-04,450.9836734693877
nan,33203-33186,1S-MH-MU-ZSC-RSTN-SAHA,1S-MH-MU-ZSC-RSTN-HULL,2024-12-03,8.682985074626865
nan,36235-40983,1S-MH-MU-ZSC-RSTN-SAHA,1S-MH-MU-ZSC-CL10-3617,,
nan,00000-00000,1S-MH-MU-ZCT-CL03-4668,1S-MH-MU-ZCT-CL03-4457,2025-04-04,357.2805970149253
nan,40590-25136,1S-MH-MU-ZSC-CL07-3286,1S-MH-MU-ZST-CL04-0639,2025-04-04,293.10536585365855
nan,30787-12260,1S-MH-MU-ZNT-CL09-7144,1S-MH-MU-ZNT-CL09-6629,2025-04-04,339.08058252427185
nan,00000-00004,1S-MH-MU-ZST-RSTN-SAMB,1S-MH-MU-ZSC-CL04-3190,,
nan,00000-00001,1S-MH-MU-ZST-RSTN-SAMB,1S-MH-MU-ZSC-CL03-2552,2025-03-06,418.13432835820896
nan,34147-00691,1S-MH-MU-ZST-RSTN-SAMB,1S-MH-MU-ZSC-CL07-2063,2025-04-04,218.2586
nan,34133-36639,1S-MH-MU-ZST-RSTN-SAMB,1S-MH-MU-ZSC-CL03-3413,,
nan,35455-12400,1S-MH-MU-ZNT-CL07-7306,1S-MH-MU-ZNT-CL07-6001,2025-04-04,499.93756097560976
nan,00000-00000,1S-MH-MU-ZCT-CL08-4895,1S-MH-MU-ZCT-CL09-4859,2025-04-04,361.1831683168317
nan,30462-09404,1S-MH-MU-ZST-RSTN-SANT,1S-MH-MU-ZST-CL06-0185,2025-04-04,548.1606796116505
nan,02222-HTP SHELL-2,1S-MH-MU-ZST-CL03-0470,nan,,
nan,18504-32975,1S-MH-MU-ZNT-CL01-6634,1S-MH-MU-ZNT-CL01-7263,2025-04-04,376.2232044198895
nan,00000-00000,1S-MH-MU-ZCT-CL08-4677,1S-MH-MU-ZCT-CL08-4408,2025-02-07,537.7556650246305
nan,00000-00000,1S-MH-MU-ZCT-CL08-4677,nan,,
nan,34783-05163,1S-MH-MU-ZCT-CL01-5225,1S-MH-MU-ZSC-CL08-2749,2025-03-06,405.52871287128715
nan,00000-00000,1S-MH-MU-ZCT-CL08-4670,nan,,
nan,1-1,1S-MH-MU-ZNT-CL11-6658,nan,,
nan,09496-05848,1S-MH-MU-ZSC-CL01-2720,1S-MH-MU-ZSC-CL01-2717,,
nan,25154-39481,1S-MH-MU-ZSC-RSTN-SEEP,1S-MH-MU-ZSC-CL01-3569,2025-02-07,117.95820895522388
nan,12527-03727,1S-MH-MU-ZSC-RSTN-SEEP,1S-MH-MU-ZSC-RSTN-MARO,2024-12-03,20.283956043956042
nan,00000-00000,1S-MH-MU-ZSC-CL09-2723,1S-MH-MU-ZSC-CL09-2723,2025-03-06,473.4425742574257
nan,00000-00000,1S-MH-MU-ZCT-CL08-4985,1S-MH-MU-ZCT-CL08-4391,2025-03-06,461.22709359605915
nan,00000-00000,1S-MH-MU-ZCT-CL08-4683,1S-MH-MU-ZCT-CL07-5642,2025-04-04,136.61866666666668
nan,00000-00000,1S-MH-MU-ZCT-CL08-4683,1S-MH-MU-ZCT-CL08-4670,2025-04-04,436.15820895522387
nan,07940-07443,1S-MH-MU-ZET-CL14-8118,1S-MH-MU-ZET-CL07-8763,,
nan,ADPT-34680,1S-MH-MU-ZNT-RSTN-SHIM,1S-MH-MU-ZST-RSTN-KALI,,
nan,05644-05072,1S-MH-MU-ZNT-CL04-6695,1S-MH-MU-ZNT-CL09-6455,2025-04-04,356.2294117647059
nan,14396-13656,1S-MH-MU-ZCT-CL08-4693,1S-MH-MU-ZCT-CL08-4208,2025-04-04,280.02415458937196
nan,00000-00000,1S-MH-MU-ZNT-CL09-6697,1S-MH-MU-ZNT-CL09-6108,2025-04-04,551.68
nan,00000-00000,1S-MH-MU-ZSC-CL07-3267,1S-MH-MU-ZSC-CL07-3267,2025-04-04,154.1138888888889
nan,29959-09025,1S-MH-MU-ZSC-CL09-3113,1S-MH-MU-ZSC-CL09-2075,2025-03-06,69.71960199004975
nan,39107-35015,1S-MH-MU-ZST-CL02-0490,1S-MH-MU-ZST-CL02-0969,2025-04-04,349.5792682926829
nan,02087-04786,1S-MH-MU-ZCT-CL01-4649,1S-MH-MU-ZCT-CL01-4707,2025-04-04,393.10306493506494
nan,29437-09854,1S-MH-MU-ZET-CL05-8666,1S-MH-MU-ZET-CL05-8823,2025-04-04,491.1450505050505
nan,11936-11933,1S-MH-MU-ZST-CL08-0193,1S-MH-MU-ZST-CL08-0515,2025-04-04,275.05707920792076
nan,00611-38584,1S-MH-MU-ZET-CL05-8650,1S-MH-MU-ZET-CL05-9190,2025-04-04,117.7031914893617
nan,06359-42232,1S-MH-MU-ZSC-CL05-2764,1S-MH-MU-ZSC-CL06-2874,2025-04-04,256.03092783505156
nan,35143-34558,1S-MH-MU-ZST-CL05-0971,1S-MH-MU-ZET-RSTN-SWAN,2024-09-03,48.188456375838925
nan,10583-10583,1S-MH-MU-ZNT-CL04-6757,1S-MH-MU-ZNT-CL04-6757,2008-05-16,1.92
nan,30022-40553,1S-MH-MU-ZSC-CL04-3115,1S-MH-MU-ZSC-CL04-3610,2025-03-06,218.192
nan,18090-CAP BANK,1S-MH-MU-ZST-RSTN-MMRD,1S-MH-MU-ZST-RSTN-MMRD,2019-03-07,156.1065625
nan,03114-CAP BANK,1S-MH-MU-ZET-RSTN-SAKI,1S-MH-MU-ZET-RSTN-SAKI,2025-02-07,83.69747440273038
nan,220VER100-CAP BANK,1T-MH-MU-VSV,1T-MH-MU-VSV,,
nan,220AAR45-CAP BANK,1T-MH-MU-ARY,1T-MH-MU-ARY,,
nan,220GOI03-CAP BANK,1T-MH-MU-GOR,1T-MH-MU-GOR,,
nan,220GOI16-CAP BANK,1T-MH-MU-GOR,1T-MH-MU-GOR,,
nan,25594-CAP BANK,1S-MH-MU-ZCT-RSTN-ERAN,1S-MH-MU-ZCT-RSTN-ERAN,2018-01-05,181.1542857142857
nan,31932-CAP BANK,1S-MH-MU-ZCT-RSTN-DIND,nan,,
nan,03728-CAP BANK,1S-MH-MU-ZSC-RSTN-MARO,1S-MH-MU-ZSC-RSTN-MARO,2024-12-03,20.283956043956042
nan,29285-CAP BANK,1S-MH-MU-ZET-RSTN-VIHA,1S-MH-MU-ZET-RSTN-VIHA,2014-07-30,500.6918918918918
nan,03147-CAP BANK,1S-MH-MU-ZNT-RSTN-GHOD,1S-MH-MU-ZNT-RSTN-GHOD,,
nan,25355-CAP BANK,1S-MH-MU-ZCT-RSTN-CHNB,1S-MH-MU-ZCT-RSTN-CHNB,,
nan,39018-CAP BANK,1S-MH-MU-ZSC-RSTN-JBNA,1S-MH-MU-ZSC-RSTN-JBNA,2024-12-03,75.57236363636363
nan,00000-CAP BANK,1S-MH-MU-ZSC-RSTN-JBNA,1S-MH-MU-ZSC-RSTN-JBNA,2024-12-03,75.57236363636363
nan,220AAR15-CAP BANK,1T-MH-MU-ARY,1T-MH-MU-ARY,,
nan,220GHO79-CAP BANK,1T-MH-MU-GBR,1T-MH-MU-GBR,,
nan,41397-DT,1S-MH-MU-ZET-CL08-9712,1S-MH-MU-ZET-CL08-9712,2022-10-11,0.0
nan,44023-DT,1S-MH-MU-ZCT-CL10-5815,1S-MH-MU-ZCT-CL10-5815,,
nan,26078-DT,1S-MH-MU-ZET-CL14-8129,1S-MH-MU-ZET-CL14-8129,2022-10-11,56.39490909090909
nan,43899-DT,1S-MH-MU-ZCT-CL09-5812,1S-MH-MU-ZCT-CL09-5812,,
nan,43900	-DT,1S-MH-MU-ZCT-CL09-5812,1S-MH-MU-ZCT-CL09-5812,,
nan,08552-DT,1S-MH-MU-ZET-CL07-8423,1S-MH-MU-ZET-CL07-8423,2025-01-03,166.67208333333335
nan,43964-DT,1S-MH-MU-ZET-CL07-8659,1S-MH-MU-ZET-CL07-8659,2025-03-06,334.7909375
nan,43903-DT,1S-MH-MU-ZCT-CL09-5503,1S-MH-MU-ZCT-CL09-5503,2025-04-04,187.85999999999999
nan,17698-DT,1S-MH-MU-ZNT-CL01-6142,1S-MH-MU-ZNT-CL01-6142,2024-03-11,70.9267132867133
nan,11469-HTConsumer,1S-MH-MU-ZET-CL05-8600,1S-MH-MU-ZET-CL05-8600,,
nan,33367-HTC,nan,1S-MH-MU-ZET-RSTN-NET1,,
nan,08492-HTC,1S-MH-MU-ZNT-CL04-6285,1S-MH-MU-ZNT-CL04-6285,,
nan,33365-HTC,nan,1S-MH-MU-ZET-RSTN-NET1,,
nan,11682-HTConsumer,1S-MH-MU-ZCT-CL07-4504,nan,,
nan,43209-HTConsumer,1S-MH-MU-ZST-CL01-1395,nan,,
nan,38901-HTConsumer,1S-MH-MU-ZSC-CL10-3542,1S-MH-MU-ZSC-CL10-3542,,
nan,30843-HTConsumer,1S-MH-MU-ZNT-CL10-7255,1S-MH-MU-ZNT-CL10-7255,,
nan,36541-36534,1S-MH-MU-ZCT-CL08-5400,1S-MH-MU-ZCT-CL08-5400,,
nan,36660-36659,1S-MH-MU-ZCT-CL08-5401,1S-MH-MU-ZCT-CL08-5401,,
nan,05502-17979,1S-MH-MU-ZST-CL08-0528,1S-MH-MU-ZST-CL08-0036,2025-04-04,147.66912621359222
nan,ABANDONED-ABANDONED,2T-MH-MU-CHB,1S-MH-MU-ZET-RSTN-CHEM,2025-02-07,462.57939698492464
nan,T22DHAH02-33355,2T-MH-MU-DHV,1S-MH-MU-ZST-RSTN-BOMB,2024-11-04,427.8507614213198
nan,T22MALOG01H02-33135,2T-MH-MU-MAL,1S-MH-MU-ZCT-RSTN-KIES,,
nan,T22SAK27-01200,2T-MH-MU-SKI,1S-MH-MU-ZSC-RSTN-MARO,2024-12-03,20.283956043956042
nan,00000-00000,2T-MH-MU-SKI,1S-MH-MU-ZET-RSTN-NAHA,2025-02-07,69.336
nan,T22BOR04-33103,2T-MH-MU-BRV,1S-MH-MU-ZNT-RSTN-BORI,,
nan,T22BOR02-33096,2T-MH-MU-BRV,1S-MH-MU-ZCT-RSTN-NIRL,2010-11-11,177.84
nan,T22BOR10-01144,2T-MH-MU-BRV,1S-MH-MU-ZNT-RSTN-DAHI,,
nan,T22BOR12-33057,2T-MH-MU-BRV,1S-MH-MU-ZCT-RSTN-DIND,,
nan,T22BOROG028-33304,2T-MH-MU-BRV,1S-MH-MU-ZCT-RSTN-MAHI,,
nan,T22BOROG04-33303,2T-MH-MU-BRV,1S-MH-MU-ZCT-RSTN-MAHI,,
nan,T22BOR03-33093,2T-MH-MU-BRV,1S-MH-MU-ZNT-RSTN-MIRA,,
nan,T22BOR12-33094,2T-MH-MU-BRV,1S-MH-MU-ZNT-RSTN-MIRA,,
nan,T22BOROG6-33094,2T-MH-MU-BRV,1S-MH-MU-ZNT-RSTN-MIRA,,
nan,T22BOR11-P.H.,2T-MH-MU-BRV,1S-MH-MU-ZCT-RSTN-POIS,2015-10-30,283.29213483146066
nan,T22BOR03-33134,2T-MH-MU-BRV,1S-MH-MU-ZCT-RSTN-TIME,2012-09-21,27.988108108108108
nan,T22BOR06-33057,2T-MH-MU-BRV,1S-MH-MU-ZCT-RSTN-DIND,,
nan,T22BOR03-01236,2T-MH-MU-BRV,1T-MH-MU-BVL,,
nan,T22CHE07-POT HEAD,2T-MH-MU-CHB,1S-MH-MU-ZET-RSTN-ANIK,2025-02-07,461.3060606060606
nan,T33DHAH08OG05-33026,2T-MH-MU-DHV,1S-MH-MU-ZST-RSTN-24TH,2011-08-17,446.2212121212121
nan,T33H08OG5-33026,2T-MH-MU-DHV,1S-MH-MU-ZST-RSTN-24TH,2011-08-17,446.2212121212121
nan,T33DHA10-33028,2T-MH-MU-DHV,1S-MH-MU-ZST-RSTN-BAND,2025-02-07,403.06093366093364
nan,T22DHOG18-33065,2T-MH-MU-DHV,1S-MH-MU-ZST-RSTN-MMRD,2019-03-07,156.1065625
nan,T22MALOG18H36-33180,2T-MH-MU-MAL,1S-MH-MU-ZCT-RSTN-CHIN,2018-01-05,473.1863247863248
nan,T22MALOG17H33-33120,2T-MH-MU-MAL,1S-MH-MU-ZCT-CL03-4561,2025-04-04,462.4790361445783
nan,T22SAK18-33243,2T-MH-MU-SKI,1S-MH-MU-ZSC-RSTN-JBNA,2024-12-03,75.57236363636363
nan,T33SAKOG4H04-33228,2T-MH-MU-SKI,1S-MH-MU-ZSC-CL10-2455,2025-03-06,151.76082051282052
nan,T22SAK12-33062,2T-MH-MU-SKI,1S-MH-MU-ZSC-RSTN-MIDC,2024-12-03,381.3090909090909
nan,T33VERF6-33152,2T-MH-MU-VER,1S-MH-MU-ZSC-RSTN-AMBI,2012-09-21,581.4
nan,T33VEROG08H10-33039,2T-MH-MU-VER,1S-MH-MU-ZST-RSTN-JUHU,2011-08-17,187.98095238095237
nan,T22VIK1113-33162,2T-MH-MU-VKR,1S-MH-MU-ZET-RSTN-HING,2025-02-07,524.4782608695652
nan,T22VIK0912-33217,2T-MH-MU-VKR,1S-MH-MU-ZET-CL04-9885,,
nan,T22VIK0510-33054,2T-MH-MU-VKR,1S-MH-MU-ZET-RSTN-TILA,2025-02-07,491.34923857868023
nan,05136-37243,1S-MH-MU-ZSC-CL04-2783,1S-MH-MU-ZSC-CL04-3419,2025-04-04,189.09538461538463
nan,09748-09173,1S-MH-MU-ZET-CL01-8862,1S-MH-MU-ZET-CL01-8861,2025-04-04,885.8072164948454
nan,00000-00000,1S-MH-MU-ZCT-CL08-4186,1S-MH-MU-ZCT-CL08-4895,2025-04-04,452.2409661835749
nan,33054-PT,1S-MH-MU-ZET-RSTN-TILA,nan,,
nan,19727-16766,nan,nan,,
nan,00000-00000,1S-MH-MU-ZSC-CL10-2793,1S-MH-MU-ZSC-CL10-2118,2025-03-06,586.6587064676617
nan,00000-00000,1S-MH-MU-ZCT-CL07-4762,1S-MH-MU-ZCT-CL07-5139,2025-04-04,325.2705263157895
nan,15564-06148,1S-MH-MU-ZSC-CL01-2794,1S-MH-MU-ZSC-CL01-2672,2023-10-07,489.6189189189189
nan,00000-00000,1S-MH-MU-ZCT-CL01-4770,nan,,
nan,16311-09620,1S-MH-MU-ZNT-CL08-6771,1S-MH-MU-ZNT-CL08-6194,2025-04-04,330.8135265700483
nan,05871-POTHEAD,1S-MH-MU-ZSC-CL10-2807,1S-MH-MU-ZSC-CL10-2526,2025-04-04,485.08416873449136
nan,00000-00000,1S-MH-MU-ZCT-CL03-4781,1S-MH-MU-ZCT-CL03-4728,2025-04-04,77.70808988764045
nan,00000-00000,1S-MH-MU-ZCT-CL01-4872,1S-MH-MU-ZCT-CL01-5251,2025-04-04,461.80994475138124
nan,38966-06697,1S-MH-MU-ZSC-CL10-3483,1S-MH-MU-ZSC-CL10-2473,2025-03-06,559.2170854271357
nan,38967-39318,1S-MH-MU-ZSC-CL10-3483,1S-MH-MU-ZSC-CL10-3558,2025-04-04,231.05306122448982
nan,00000-00000,1S-MH-MU-ZSC-RSTN-VERS,1S-MH-MU-ZSC-CL05-3022,2025-04-04,59.56177339901478
nan,07116-14537,1S-MH-MU-ZSC-CL06-2835,1S-MH-MU-ZSC-CL06-2757,2025-04-04,282.47941463414634
nan,34501-12396,1S-MH-MU-ZSC-CL04-2839,1S-MH-MU-ZSC-CL03-2550,2025-04-04,382.8256157635468
nan,34023-34501,1S-MH-MU-ZSC-CL04-3249,1S-MH-MU-ZSC-CL04-2839,2025-04-04,307.9581326781327
nan,00000-00000,1S-MH-MU-ZCT-CL07-4793,1S-MH-MU-ZCT-RSTN-MAHA,2018-01-05,66.53122807017544
nan,00000-00000,1S-MH-MU-ZCT-CL10-4795,1S-MH-MU-ZCT-CL10-4417,2025-04-04,172.06190476190477
nan,02984-13325,1S-MH-MU-ZET-CL11-8909,1S-MH-MU-ZET-CL11-8706,2025-04-04,90.65748743718594
nan,02984-07633,1S-MH-MU-ZET-CL11-8909,1S-MH-MU-ZET-CL08-8222,2025-04-04,438.6964102564103
nan,00000-00000,1S-MH-MU-ZCT-CL09-4938,1S-MH-MU-ZCT-CL10-4959,2025-04-04,407.2946341463414
nan,06765-13235,1S-MH-MU-ZSC-CL10-2842,1S-MH-MU-ZSC-CL10-2118,2025-03-06,586.6587064676617
nan,00000-00000,1S-MH-MU-ZSC-CL02-3560,1S-MH-MU-ZSC-CL02-2442,2025-04-04,110.48897959183674
nan,05547-12122,1S-MH-MU-ZNT-CL02-6788,1S-MH-MU-ZNT-CL02-6002,2025-04-04,458.147572815534
nan,11065-38833,1S-MH-MU-ZSC-CL03-2844,1S-MH-MU-ZSC-CL03-3516,2025-03-06,148.44615384615383
nan,13977-11599,1S-MH-MU-ZST-CL08-0565,1S-MH-MU-ZST-CL08-0193,,
nan,34029-06434,1S-MH-MU-ZST-CL08-0875,1S-MH-MU-ZST-CL08-0568,2025-03-06,363.08975609756095
nan,06060-06409,1S-MH-MU-ZCT-CL02-4802,1S-MH-MU-ZCT-CL01-4102,2025-04-04,387.5490099009901
nan,37870-37768,1S-MH-MU-ZST-CL08-1184,1S-MH-MU-ZST-CL08-1135,,
nan,12412-43282,1S-MH-MU-ZCT-CL10-4813,1S-MH-MU-ZCT-CL10-5326,2025-04-04,169.13333333333333
nan,37326-18738,1S-MH-MU-ZSC-CL07-3452,1S-MH-MU-ZSC-CL07-2258,2025-04-04,69.1993063583815
nan,06444-04590,1S-MH-MU-ZET-CL14-8947,1S-MH-MU-ZET-CL14-8247,,
nan,17571-38383,1S-MH-MU-ZSC-CL10-2850,1S-MH-MU-ZSC-CL10-3482,,
nan,18601-09775,1S-MH-MU-ZST-CL06-0094,1S-MH-MU-ZST-CL06-0581,2025-04-04,632.3740196078431
<Null>,28494-26266,1S-MH-MU-ZST-RSTN-JUHU,1S-MH-MU-ZST-CL04-0253,2025-04-04,395.89222042139386
1,AAR00152-GOR00552,1T-MH-MU-ARY,1T-MH-MU-GGN,,
AAR01852_BOR00552,AAR00952-BOR00852,1T-MH-MU-ARY,1T-MH-MU-BVL,,
AAR01952_BOR00952,AAR00252-PT,1T-MH-MU-ARY,1T-MH-MU-ARY,,
1,AAR01252-SAK01152,1T-MH-MU-ARY,1T-MH-MU-SAK,,
2,AAR01452-SAK00452,1T-MH-MU-ARY,1T-MH-MU-SAK,,
ABANDONED,16975-38302,1S-MH-MU-ZET-CL02-8641,1S-MH-MU-ZET-CL01-9530,2025-04-04,172.46644067796612
ABANDONED CABLE,11908-34826,1S-MH-MU-ZCT-RSTN-POIS,1S-MH-MU-ZCT-CL10-4752,2025-04-04,40.629933774834434
AS  PER SLD,26625-HTConsumer,1S-MH-MU-ZSC-CL05-2995,1S-MH-MU-ZSC-CL05-2995,2025-04-04,415.0696
AS PER HT SLD,14134-37409,1S-MH-MU-ZET-CL03-8078,1S-MH-MU-ZET-CL02-9636,,
AS PER HT SLD,02587-14554,1S-MH-MU-ZET-CL13-8535,1S-MH-MU-ZET-CL13-8911,2025-04-04,202.58707692307695
AS PER HT SLD,25298-05456,1S-MH-MU-ZET-CL06-9000,1S-MH-MU-ZET-CL04-8516,2025-04-04,328.9497536945813
AS PER HT SLD,36765-DT,1S-MH-MU-ZST-CL02-1133,1S-MH-MU-ZST-CL02-1133,2024-03-11,0.0
AS PER HT SLD,T22SAK13-33064,2T-MH-MU-SKI,1S-MH-MU-ZSC-RSTN-CHAK,2025-02-07,255.7426086956522
AS PER HT SLD,T22SAK12-33126,2T-MH-MU-SKI,1S-MH-MU-ZET-RSTN-VIHA,2014-07-30,500.6918918918918
AS PER HT SLD,T22VIK02*-HTP SHELL,2T-MH-MU-VKR,1S-MH-MU-ZET-RSTN-VIKH,2025-02-07,600.1726368159203
AS PER HT SLD,06750-25268,1S-MH-MU-ZET-CL11-8878,1S-MH-MU-ZET-RSTN-CHEM,2025-02-07,462.57939698492464
AS PER HTSLD,03136-14325,1S-MH-MU-ZET-RSTN-SAKI,1S-MH-MU-ZSC-RSTN-AARE,2025-04-04,238.4943488943489
AS PER HTSLD,03136-14325,1S-MH-MU-ZET-RSTN-SAKI,1S-MH-MU-ZSC-CL10-3542,,
AS PER HTSLD,11923-36847,1S-MH-MU-ZSC-RSTN-CHAK,1S-MH-MU-ZSC-CL03-2710,2025-04-04,219.6895431472081
AS PER HTSLD,33188-33201,1S-MH-MU-ZSC-RSTN-HULL,1S-MH-MU-ZSC-RSTN-SAHA,2025-02-07,605.9844559585492
AS PER HTSLD,05850-HTConsumer,1S-MH-MU-ZSC-CL01-2717,nan,,
AS PER SLD,18431-10670,1S-MH-MU-ZET-CL11-8852,1S-MH-MU-ZET-CL11-8003,2025-04-04,221.40284153005464
DISCONNECTED,17731-04282,1S-MH-MU-ZST-CL02-0003,1S-MH-MU-ZST-CL02-0294,2020-01-10,291.8277777777778
DISCONNECTED,10886-10877,1S-MH-MU-ZST-CL02-0007,1S-MH-MU-ZST-CL02-0389,2025-04-04,639.1092233009708
DISCONNECTED,220GOI15-220GHO18,1T-MH-MU-GOR,1T-MH-MU-GBR,,
DISCONNECTED,220VER38-33032,1T-MH-MU-VSV,1S-MH-MU-ZSC-RSTN-ANDH,2024-12-03,480.91055276381906
DISCONNECTED,15454-32764,1S-MH-MU-ZST-RSTN-24TH,1S-MH-MU-ZST-CL01-0860,2025-04-04,134.06212290502793
DISCONNECTED,11136-02530,1S-MH-MU-ZST-CL04-0043,1S-MH-MU-ZST-CL04-0077,2025-04-04,299.9831219512195
DISCONNECTED,27054-09109,1S-MH-MU-ZST-CL08-0048,1S-MH-MU-ZST-CL08-0049,2025-04-04,209.76328502415458
DISCONNECTED,14984-09777,1S-MH-MU-ZST-CL06-0078,1S-MH-MU-ZST-CL06-0581,2025-04-04,632.3740196078431
DISCONNECTED,06515-09799,1S-MH-MU-ZST-CL01-0061,1S-MH-MU-ZST-CL01-0069,2025-04-04,283.5584541062802
DISCONNECTED,02803-29542,1S-MH-MU-ZST-RSTN-BAND,1S-MH-MU-ZST-CL02-0746,2025-04-04,440.9521951219512
DISCONNECTED,05023-38412,1S-MH-MU-ZST-RSTN-BAND,1S-MH-MU-ZST-CL03-0473,2025-02-07,372.29853658536587
DISCONNECTED,28446-30756,1S-MH-MU-ZST-CL05-0644,1S-MH-MU-ZST-CL05-0792,2025-04-04,93.22471204188481
DISCONNECTED,30755-28476,1S-MH-MU-ZST-CL05-0792,1S-MH-MU-ZST-CL05-0708,2025-04-04,145.17281553398058
DISCONNECTED,16892-04802,1S-MH-MU-ZST-CL08-0082,1S-MH-MU-ZST-CL08-0419,2025-04-04,296.6579710144927
DISCONNECTED,33149-PT,1S-MH-MU-ZST-RSTN-BOMB,1S-MH-MU-ZST-RSTN-BOMB,2024-11-04,427.8507614213198
DISCONNECTED,PT-30394,1S-MH-MU-ZST-RSTN-BOMB,1S-MH-MU-ZST-RSTN-BOMB,2024-11-04,427.8507614213198
DISCONNECTED,17945-10108,nan,1S-MH-MU-ZST-CL07-0160,2025-04-04,354.4482926829268
DISCONNECTED,17945-07453,nan,1S-MH-MU-ZST-CL06-0184,2025-04-04,453.6014492753623
DISCONNECTED,14734-28989,1S-MH-MU-ZST-CL07-0097,1S-MH-MU-ZST-CL07-0727,2025-04-04,289.9303482587065
DISCONNECTED,29651-07268,1S-MH-MU-ZSC-RSTN-CHAK,1S-MH-MU-ZSC-CL04-2485,2025-03-06,784.5284974093264
DISCONNECTED,06205-13954,1S-MH-MU-ZST-CL04-0110,1S-MH-MU-ZST-CL04-0510,2025-04-04,377.7946341463414
DISCONNECTED,12133-30430,1S-MH-MU-ZST-CL08-0122,1S-MH-MU-ZST-CL08-0781,2025-04-04,198.22538071065992
DISCONNECTED,10604-16360,1S-MH-MU-ZST-CL02-0398,1S-MH-MU-ZST-CL02-0285,2025-04-04,330.4521739130435
DISCONNECTED,26669-00477,1S-MH-MU-ZST-CL01-0140,1S-MH-MU-ZST-CL01-0062,2025-04-04,260.09365853658534
DISCONNECTED,14910-38626,1S-MH-MU-ZST-CL05-0145,1S-MH-MU-ZST-CL05-1276,2025-04-04,339.7757847533632
DISCONNECTED,35170-15038,1S-MH-MU-ZST-CL05-0970,1S-MH-MU-ZST-CL05-0201,,
DISCONNECTED,T22BOR02-33096,2T-MH-MU-BRV,1S-MH-MU-ZCT-RSTN-NIRL,2010-11-11,177.84
DISCONNECTED,02009-18277,1S-MH-MU-ZST-CL03-0152,1S-MH-MU-ZST-CL03-0476,2025-04-04,163.442
DISCONNECTED,33219-220SAK43,1S-MH-MU-ZST-RSTN-GODR,1T-MH-MU-SAK,,
DISCONNECTED,02403-28165,1S-MH-MU-ZST-CL06-0164,1S-MH-MU-ZST-CL06-0702,2025-04-04,350.5111111111111
DISCONNECTED,07189-02670,1S-MH-MU-ZST-CL06-0172,1S-MH-MU-ZST-CL06-0306,2025-04-04,344.2276543209877
DISCONNECTED,POTHEAD-18276,1S-MH-MU-ZST-RSTN-SANT,1S-MH-MU-ZST-CL03-0175,2025-04-04,161.3766990291262
DISCONNECTED,09404-35172,1S-MH-MU-ZST-CL06-0185,1S-MH-MU-ZST-CL05-0970,2025-04-04,484.04723926380365
DISCONNECTED,09863-nan,1S-MH-MU-ZST-CL05-0572,nan,,
DISCONNECTED,32766-04466,1S-MH-MU-ZST-CL01-0860,1S-MH-MU-ZST-CL02-0054,2025-04-04,364.4859903381643
DISCONNECTED,20218-DISCONNECTED,1T-MH-MU-ARY,1T-MH-MU-ARY,,
DISCONNECTED,29645-05808,1S-MH-MU-ZST-CL06-0204,1S-MH-MU-ZST-CL01-0059,2025-04-04,871.8812807881773
DISCONNECTED,36653-32167,1S-MH-MU-ZCT-CL08-5401,1S-MH-MU-ZCT-RSTN-RAHE,2024-06-04,52.79483146067415
DISCONNECTED,26920-26733,1S-MH-MU-ZCT-CL03-4993,1S-MH-MU-ZCT-CL02-4971,2025-04-04,551.7761627906976
DISCONNECTED,33148-33149,1S-MH-MU-ZST-RSTN-BOMB,1S-MH-MU-ZST-RSTN-BOMB,2024-11-04,427.8507614213198
DISCONNECTED,04274-10383,1S-MH-MU-ZST-CL04-0229,1S-MH-MU-ZST-CL04-0433,,
DISCONNECTED,10658-13864,1S-MH-MU-ZST-CL04-0236,1S-MH-MU-ZST-CL03-0111,2025-04-04,126.54826923076924
DISCONNECTED,28494-00376,1S-MH-MU-ZST-RSTN-JUHU,1S-MH-MU-ZST-CL04-0211,2025-04-04,665.7855072463768
DISCONNECTED,28489-13379,1S-MH-MU-ZST-RSTN-JUHU,1S-MH-MU-ZST-CL04-0249,2025-04-04,645.7548792270532
DISCONNECTED,28483-26268,1S-MH-MU-ZST-RSTN-JUHU,1S-MH-MU-ZST-CL04-0253,2025-04-04,395.89222042139386
DISCONNECTED,07247-07310,1S-MH-MU-ZST-CL03-0448,1S-MH-MU-ZST-CL03-0258,2025-04-04,416.0611707317073
DISCONNECTED,14544-14672,1S-MH-MU-ZST-CL03-0260,1S-MH-MU-ZST-CL02-0118,2025-04-04,916.0116504854369
DISCONNECTED,26101-18889,1S-MH-MU-ZST-CL07-0272,1S-MH-MU-ZST-CL07-0583,2025-04-04,315.69126213592233
DISCONNECTED,34014-02011,1S-MH-MU-ZST-CL04-0873,1S-MH-MU-ZST-CL04-0564,2025-04-04,598.2294117647059
DISCONNECTED,02661-40626,1S-MH-MU-ZST-CL02-0298,1S-MH-MU-ZST-CL02-1326,2025-04-04,111.47127272727273
DISCONNECTED,04115-16232,1S-MH-MU-ZST-CL02-0300,1S-MH-MU-ZST-CL06-0138,2025-04-04,390.1106796116505
DISCONNECTED,31744-02685,1S-MH-MU-ZCT-CL06-4384,1S-MH-MU-ZCT-CL06-4383,2025-04-04,180.0343137254902
DISCONNECTED,30358-04569,1S-MH-MU-ZST-CL06-0777,1S-MH-MU-ZST-CL06-0320,,
DISCONNECTED,05581-29296,1S-MH-MU-ZST-CL06-0316,1S-MH-MU-ZST-CL06-0306,2025-04-04,344.2276543209877
DISCONNECTED,14988-05944,1S-MH-MU-ZST-CL08-0325,1S-MH-MU-ZST-CL08-0566,2025-04-04,287.82146341463414
DISCONNECTED,33165-33035,1S-MH-MU-ZCT-RSTN-MAHA,1S-MH-MU-ZCT-RSTN-MAHA,2018-01-05,66.53122807017544
DISCONNECTED,38632-12075,1S-MH-MU-ZST-CL05-1276,1S-MH-MU-ZST-CL05-0143,2025-04-04,279.5169082125604
DISCONNECTED,04164-28714,1S-MH-MU-ZCT-CL05-4451,1S-MH-MU-ZCT-CL06-4383,2025-04-04,180.0343137254902
DISCONNECTED,17286-09199,1S-MH-MU-ZST-CL04-0357,1S-MH-MU-ZST-CL04-0586,2025-04-04,427.19804878048785
DISCONNECTED,26717-30834,1S-MH-MU-ZST-RSTN-MMRD,1S-MH-MU-ZST-CL05-0796,,
DISCONNECTED,42637-35598,1S-MH-MU-ZST-CL05-1361,1S-MH-MU-ZST-RSTN-MMRD,2019-03-07,156.1065625
DISCONNECTED,ABANDONED -ABANDONED,1S-MH-MU-ZCT-CL07-4952,nan,,
DISCONNECTED,26207-26028,1S-MH-MU-ZCT-CL07-4922,1S-MH-MU-ZCT-CL07-4952,2008-08-25,0.0
DISCONNECTED,29945-26559,1S-MH-MU-ZST-CL05-0762,1S-MH-MU-ZST-CL05-0684,2025-04-04,127.97319999999999
DISCONNECTED,13671-11932,1S-MH-MU-ZST-CL07-0378,1S-MH-MU-ZST-CL08-0515,2025-04-04,275.05707920792076
DISCONNECTED,25026-07191,1S-MH-MU-ZST-CL06-0620,1S-MH-MU-ZST-CL06-0172,2025-04-04,467.66280193236713
DISCONNECTED,16358-15164,1S-MH-MU-ZST-CL02-0285,1S-MH-MU-ZST-CL01-0390,,
DISCONNECTED,07296-07310,1S-MH-MU-ZST-CL03-0402,1S-MH-MU-ZST-CL03-0258,2025-04-04,416.0611707317073
DISCONNECTED,38503-07556,1S-MH-MU-ZST-CL02-1274,1S-MH-MU-ZST-CL03-0371,2025-04-04,1102.4753623188406
DISCONNECTED,14428-12425,1S-MH-MU-ZCT-RSTN-POIS,1S-MH-MU-ZCT-CL10-4591,2025-04-04,14.880000000000003
DISCONNECTED,37420-11134,1S-MH-MU-ZST-CL04-1107,1S-MH-MU-ZST-CL04-0043,2025-04-04,336.3232850241546
DISCONNECTED,31832-09197,1S-MH-MU-ZSC-CL06-3194,1S-MH-MU-ZST-CL04-0586,2025-04-04,427.19804878048785
DISCONNECTED,30477-17943,1S-MH-MU-ZST-RSTN-SANT,nan,,
DISCONNECTED,30472-35384,1S-MH-MU-ZST-RSTN-SANT,1S-MH-MU-ZST-CL08-0908,2025-04-04,268.27096774193546
DISCONNECTED,39410-CAP BANK,1S-MH-MU-ZST-RSTN-MAKE,1S-MH-MU-ZST-RSTN-MAKE,,
DISCONNECTED,18099-CAP BANK,1S-MH-MU-ZST-RSTN-MMRD,1S-MH-MU-ZST-RSTN-MMRD,2019-03-07,156.1065625
DISCONNECTED,43443-CAP BANK,1S-MH-MU-ZST-RSTN-BOMB,1S-MH-MU-ZST-RSTN-BOMB,2024-11-04,427.8507614213198
DISCONNECTED,38993-CAP BANK,1S-MH-MU-ZST-RSTN-MAKE,1S-MH-MU-ZST-RSTN-MAKE,,
DISCONNECTED,26723-CAP BANK,1S-MH-MU-ZST-RSTN-MMRD,1S-MH-MU-ZST-RSTN-MMRD,2019-03-07,156.1065625
DISCONNECTED,03626-CAP BANK,1S-MH-MU-ZST-RSTN-GODR,1S-MH-MU-ZST-RSTN-GODR,,
DISCONNECTED,30377-CAP BANK,1S-MH-MU-ZST-RSTN-BOMB,1S-MH-MU-ZST-RSTN-BOMB,2024-11-04,427.8507614213198
DISCONNECTED,12552-DT,1S-MH-MU-ZCT-CL04-4372,1S-MH-MU-ZCT-CL04-4372,2025-04-04,191.6240350877193
DISCONNECTED,16669-HTConsumer,1S-MH-MU-ZET-CL06-8847,1S-MH-MU-ZET-CL06-8847,,
DISCONNECTED,36682-36683,1S-MH-MU-ZCT-CL08-5399,1S-MH-MU-ZCT-CL08-5399,,
DISCONNECTED,05502-17979,1S-MH-MU-ZST-CL08-0528,1S-MH-MU-ZST-CL08-0036,2025-04-04,147.66912621359222
DISCONNECTED,T22DHA51-01285,2T-MH-MU-DHV,1S-MH-MU-ZST-RSTN-KALI,,
DISCONNECTED,T22DHAH26-33065,2T-MH-MU-DHV,1S-MH-MU-ZST-RSTN-MMRD,2019-03-07,156.1065625
DISCONNECTED,T33DHA38-33026,2T-MH-MU-DHV,1S-MH-MU-ZST-RSTN-24TH,2011-08-17,446.2212121212121
DISCONNECTED,T33H08OG5-33026,2T-MH-MU-DHV,1S-MH-MU-ZST-RSTN-24TH,2011-08-17,446.2212121212121
DISCONNECTED,T33DHA10-33028,2T-MH-MU-DHV,1S-MH-MU-ZST-RSTN-BAND,2025-02-07,403.06093366093364
DISCONNECTED,T33H09OG7-33029,2T-MH-MU-DHV,1S-MH-MU-ZST-RSTN-BAND,2025-02-07,403.06093366093364
DISCONNECTED,T22DHAH26OG18-33065,2T-MH-MU-DHV,1S-MH-MU-ZST-RSTN-MMRD,2019-03-07,156.1065625
DISCONNECTED,T33VEROG03H04-33038,2T-MH-MU-VER,1S-MH-MU-ZST-RSTN-JUHU,2011-08-17,187.98095238095237
DISCONNECTED,T33VEROG08H10-33039,2T-MH-MU-VER,1S-MH-MU-ZST-RSTN-JUHU,2011-08-17,187.98095238095237
DISCONNECTED,29821-34788,1S-MH-MU-ZST-CL05-0757,1S-MH-MU-ZST-CL05-0951,2025-04-04,123.76385542168674
DISCONNECTED,00242-18887,1S-MH-MU-ZST-CL07-0547,1S-MH-MU-ZST-CL07-0583,2025-04-04,315.69126213592233
DISCONNECTED,34029-06434,1S-MH-MU-ZST-CL08-0875,1S-MH-MU-ZST-CL08-0568,2025-03-06,363.08975609756095
DISCONNECTED,26538-10807,1S-MH-MU-ZST-CL08-0571,1S-MH-MU-ZST-CL08-0123,2008-08-25,5.116666666666666
DISCONNECTED,34353-09863,1S-MH-MU-ZST-CL05-0310,1S-MH-MU-ZST-CL05-0572,2025-04-04,258.9756097560976
DISCONNECTED,07656-07508,1S-MH-MU-ZST-CL01-0575,nan,,
DISCONNECTED CABLE,26037-26139,1T-MH-MU-ARY,1S-MH-MU-ZCT-CL07-4094,2025-04-04,374.7400966183575
DISCONNECTED CABLE,11560-18590,1S-MH-MU-ZCT-CL09-4058,1S-MH-MU-ZCT-CL09-4057,2025-04-04,795.2766990291262
DISCONNECTED CABLE,26567-30822,1S-MH-MU-ZET-CL08-9047,1S-MH-MU-ZET-CL08-9203,,
DISCONNECTED CABLE,17896-04165,1S-MH-MU-ZCT-CL05-4232,1S-MH-MU-ZCT-CL05-4451,,
DISCONNECTED CABLE,19211-38768,1S-MH-MU-ZCT-CL05-4844,1S-MH-MU-ZCT-CL06-5630,,
DISCONNECTED CABLE,05530-32256,1S-MH-MU-ZCT-CL02-4336,1S-MH-MU-ZCT-CL08-4806,2025-04-04,423.1985542168675
DISCONNECTED CABLE,13847-00714,1S-MH-MU-ZCT-CL01-4334,1S-MH-MU-ZCT-CL07-4713,2025-04-04,337.683216080402
DISCONNECTED CABLE,36358-19211,1S-MH-MU-ZCT-CL06-4383,1S-MH-MU-ZCT-CL05-4844,2025-04-04,743.6005
DISCONNECTED CABLE,06311-06513,1S-MH-MU-ZST-CL06-0320,1S-MH-MU-ZST-CL06-0385,,
DISCONNECTED CABLE,33164-33279,1S-MH-MU-ZCT-RSTN-MAHA,1S-MH-MU-ZCT-RSTN-NESC,,
DISCONNECTED CABLE,25630-12102,1S-MH-MU-ZCT-CL10-4933,1S-MH-MU-ZCT-CL10-4779,2025-04-04,750.5759999999999
DISCONNECTED CABLE,14415-06978,1S-MH-MU-ZCT-RSTN-POIS,1S-MH-MU-ZCT-CL10-4834,2025-04-04,348.47828282828283
DISCONNECTED CABLE,01210-33010,1S-MH-MU-ZCT-RSTN-POIS,1S-MH-MU-ZCT-RSTN-POIS,2015-10-30,283.29213483146066
DISCONNECTED CABLE,11913-06142,1S-MH-MU-ZCT-RSTN-POIS,1S-MH-MU-ZCT-CL10-4795,2025-04-04,94.12653061224489
DISCONNECTED CABLE,01213-33018,1S-MH-MU-ZCT-RSTN-POIS,1S-MH-MU-ZCT-RSTN-POIS,2015-10-30,283.29213483146066
DISCONNECTED CABLE,05680-38756,1S-MH-MU-ZCT-CL09-4605,1S-MH-MU-ZCT-CL09-5276,2025-04-04,446.4032258064516
DISCONNECTED CABLE,02222-HTP SHELL-2,1S-MH-MU-ZST-CL03-0470,nan,,
DISMANTLED,04272-10383,1S-MH-MU-ZST-CL04-0229,1S-MH-MU-ZST-CL04-0433,,
DISMANTLED,28682-04275,1S-MH-MU-ZST-RSTN-JUHN,1S-MH-MU-ZST-CL04-0229,2025-04-04,187.01052631578946
DISMENTAL SS,06504-DT,1S-MH-MU-ZSC-CL01-2577,1S-MH-MU-ZSC-CL01-2577,2020-11-12,968.9116279069768
DISMENTLED,18094-39069,1S-MH-MU-ZST-RSTN-MMRD,1S-MH-MU-ZST-CL05-1292,,
GHO00452_GOI00152,GHO00452-GOI00652,1T-MH-MU-GBR,1T-MH-MU-VSV,,
GHO00452_GOI00152,GHO00552-VER00452,1T-MH-MU-GBR,1T-MH-MU-VSV,,
GHO00452_GOI00152,Z-GOI00152,1T-MH-MU-GBR,1T-MH-MU-GOR,,
GOI00452_REACTOR,GOI00452-REACTOR,1T-MH-MU-GOR,1T-MH-MU-GOR,,
XLPE,2022-8a6bf921-1af5-46fe-a6ba-bc0d1d064be4,U,2025-04-22 18:05:54+00:00,,
MBI00152_VER00152,MBI00152-VER00152,OTHER UTILITY,1T-MH-MU-VSV,,
MBI00652_GHO01452,MBI00652-GHO01452,OTHER UTILITY,1T-MH-MU-GBR,,
MBI00652_GHO01452,MBI00652-GHO01452,1T-MH-MU-GBR,1T-MH-MU-GBR,,
MBO00152_GHO01652,MBO00152-GHO01652,OTHER UTILITY,1T-MH-MU-GBR,,
MBO00152_GHO01652,MBO00152-GHO01652,1T-MH-MU-GBR,1T-MH-MU-GBR,,
2,MBR001520-AAR01352,OTHER UTILITY,1T-MH-MU-ARY,,
1,MBR00152-BOR00552,OTHER UTILITY,1T-MH-MU-BVL,,
2,MBR00252-AAR01552,OTHER UTILITY,1T-MH-MU-ARY,,
1,MBR00552-GOI00352,OTHER UTILITY,1T-MH-MU-GOR,,
2,MBR00752-GOI00852,OTHER UTILITY,1T-MH-MU-GOR,,
2,MBR00952-BOR00952,OTHER UTILITY,1T-MH-MU-BVL,,
2,MBR00852-BOR00952,OTHER UTILITY,1T-MH-MU-BVL,,
1,MNR00152-CHE00952,1T-MH-MU-CHB,1T-MH-MU-CHB,,
1,MTR00152-CHE00152,OTHER UTILITY,1T-MH-MU-CHB,,
1,MTR00152-CHE00152,1T-MH-MU-CHB,1T-MH-MU-CHB,,
1,MTR00152-CHE00152,OTHER UTILITY,nan,,
2,MTR00252-CHE00552,OTHER UTILITY,1T-MH-MU-CHB,,
2,MTR00252-CHE00552,OTHER UTILITY,nan,,
2,MTR00252-CHE00552,1T-MH-MU-CHB,1T-MH-MU-CHB,,
3,MTR00352-CHE00652,OTHER UTILITY,nan,,
3,MTR00352-CHE00652,1T-MH-MU-CHB,1T-MH-MU-CHB,,
MVR00152_DHN00352,MVR00152-DHN00352,OTHER UTILITY,OTHER UTILITY,,
NAHAR SHAKTI DSS_40973,18151-09826,1S-MH-MU-ZET-CL14-8059,1S-MH-MU-ZET-CL14-8237,2025-04-04,709.2412060301508
NAHAR SHAKTI DSS_40973,14707-18153,1S-MH-MU-ZET-CL14-8122,1S-MH-MU-ZET-CL14-8059,2021-05-19,116.90666666666668
NAHAR SHAKTI DSS_40973,11340-36690,1S-MH-MU-ZET-CL14-8237,1S-MH-MU-ZET-CL14-9594,2025-04-04,255.5937931034483
NAHAR SHAKTI DSS_40973,94703-14706,1S-MH-MU-ZET-RSTN-NAHA,1S-MH-MU-ZET-CL14-8122,2025-04-04,638.5319999999999
NAHAR SHAKTI DSS_40973,18152-DT,1S-MH-MU-ZET-CL14-8059,1S-MH-MU-ZET-CL14-8059,2021-05-19,116.90666666666668
NAHAR SHAKTI DSS_40973,11341-DT,1S-MH-MU-ZET-CL14-8237,1S-MH-MU-ZET-CL14-8237,2025-04-04,709.2412060301508
NAHAR SHAKTI DSS_40973,14708-DT,1S-MH-MU-ZET-CL14-8122,1S-MH-MU-ZET-CL14-8122,2025-04-04,638.5319999999999
NAHAR SHAKTI DSS_40973,14943-DT,1S-MH-MU-ZET-CL14-8237,1S-MH-MU-ZET-CL14-8237,2025-04-04,709.2412060301508
NAHAR SHAKTI DSS_40974,32648-13637,1S-MH-MU-ZET-CL14-9309,1S-MH-MU-ZET-CL14-8884,2025-04-04,147.73030303030302
NAHAR SHAKTI DSS_40974,05477-27007,1S-MH-MU-ZET-CL14-8133,1S-MH-MU-ZET-CL14-9062,2025-04-04,306.3969387755102
NAHAR SHAKTI DSS_40974,02761-02652,1S-MH-MU-ZET-CL14-8133,1S-MH-MU-ZET-CL14-8444,2025-04-04,373.60325581395347
NAHAR SHAKTI DSS_40974,27009-11197,1S-MH-MU-ZET-CL14-9062,1S-MH-MU-ZET-CL14-8125,2025-04-04,469.5938461538462
NAHAR SHAKTI DSS_40974,13661-07478,1S-MH-MU-ZET-CL14-8368,1S-MH-MU-ZET-CL14-8885,2025-04-04,76.2580198019802
NAHAR SHAKTI DSS_40974,02654-18939,1S-MH-MU-ZET-CL14-8444,1S-MH-MU-ZET-CL14-8962,2025-04-04,100.9502538071066
NAHAR SHAKTI DSS_40974,40974-04589,1S-MH-MU-ZET-RSTN-NAHA,1S-MH-MU-ZET-CL14-8133,2025-04-04,107.62554973821989
NAHAR SHAKTI DSS_40974,04726-32646,1S-MH-MU-ZET-CL14-8810,1S-MH-MU-ZET-CL14-9309,2025-04-04,98.54023809523808
NAHAR SHAKTI DSS_40974,07686-DT,1S-MH-MU-ZET-CL14-8886,1S-MH-MU-ZET-CL14-8886,2025-04-04,255.82577319587628
NAHAR SHAKTI DSS_40974,13636-DT,1S-MH-MU-ZET-CL14-8884,1S-MH-MU-ZET-CL14-8884,2025-04-04,147.73030303030302
NAHAR SHAKTI DSS_40974,07480-DT,1S-MH-MU-ZET-CL14-8885,1S-MH-MU-ZET-CL14-8885,2025-04-04,76.2580198019802
NAHAR SHAKTI DSS_40974,07484-DT,1S-MH-MU-ZET-CL14-8882,1S-MH-MU-ZET-CL14-8882,2025-04-04,162.05204081632652
NAHAR SHAKTI DSS_40974,39262-DT,1S-MH-MU-ZET-CL14-8019,1S-MH-MU-ZET-CL14-8019,2025-04-04,164.28059701492535
NAHAR SHAKTI DSS_40974,HTConsumer-DT,1S-MH-MU-ZET-CL14-8885,1S-MH-MU-ZET-CL14-8885,2025-04-04,76.2580198019802
NAHAR SHAKTI DSS_40974,32647-DT,1S-MH-MU-ZET-CL14-9309,1S-MH-MU-ZET-CL14-9309,2025-04-04,98.54023809523808
NAHAR SHAKTI DSS_40974,00799-DT,1S-MH-MU-ZET-CL14-8444,1S-MH-MU-ZET-CL14-8444,2025-04-04,373.60325581395347
NAHAR SHAKTI DSS_40974,11198-DT,1S-MH-MU-ZET-CL14-8125,1S-MH-MU-ZET-CL14-8125,2025-04-04,469.5938461538462
NAHAR SHAKTI DSS_40974,16904-DT,1S-MH-MU-ZET-CL14-8838,1S-MH-MU-ZET-CL14-8838,2025-04-04,54.31602040816327
NAHAR SHAKTI DSS_40974,18938-DT,1S-MH-MU-ZET-CL14-8962,1S-MH-MU-ZET-CL14-8962,2025-04-04,100.9502538071066
NAHAR SHAKTI DSS_40974,05281-DT,1S-MH-MU-ZET-CL14-8810,1S-MH-MU-ZET-CL14-8810,2025-04-04,228.40816326530611
NAHAR SHAKTI DSS_40974,02763-DT,1S-MH-MU-ZET-CL14-8133,1S-MH-MU-ZET-CL14-8133,2025-04-04,107.62554973821989
NAHAR SHAKTI DSS_40974,27008-DT,1S-MH-MU-ZET-CL14-9062,1S-MH-MU-ZET-CL14-9062,2025-04-04,306.3969387755102
NAHAR SHAKTI DSS_40974,19633-HTConsumer,1S-MH-MU-ZET-CL14-8885,nan,,
NAHAR SHAKTI DSS_40974,18934-04727,1S-MH-MU-ZET-CL14-8838,1S-MH-MU-ZET-CL14-8810,2025-04-04,228.40816326530611
NAHAR SHAKTI DSS_40974,07479-10738,1S-MH-MU-ZET-CL14-8885,1S-MH-MU-ZET-CL14-8886,2025-04-04,255.82577319587628
NAHAR SHAKTI DSS_40974,07482-02653,1S-MH-MU-ZET-CL14-8882,1S-MH-MU-ZET-CL14-8444,2025-04-04,373.60325581395347
NAHAR SHAKTI DSS_40974,07481-07483,1S-MH-MU-ZET-CL14-8885,1S-MH-MU-ZET-CL14-8882,2025-04-04,162.05204081632652
NAHAR SHAKTI DSS_40974,13635-39260,1S-MH-MU-ZET-CL14-8884,1S-MH-MU-ZET-CL14-8019,2025-04-04,164.28059701492535
NAHAR SHAKTI DSS_40974,18937-18935,1S-MH-MU-ZET-CL14-8962,1S-MH-MU-ZET-CL14-8838,2025-04-04,54.31602040816327
NAHAR SHAKTI DSS_40974,39261-29276,1S-MH-MU-ZET-CL14-8019,1S-MH-MU-ZET-RSTN-VIHA,2014-07-30,500.6918918918918
NAHAR SHAKTI DSS_40976,40976-42298,1S-MH-MU-ZET-RSTN-NAHA,1S-MH-MU-ZET-CL14-8957,2025-04-04,563.4758293838862
NAHAR SHAKTI DSS_40976,17862-14622,1S-MH-MU-ZET-CL14-8574,1S-MH-MU-ZET-CL14-8573,2025-04-04,339.3936572890026
NAHAR SHAKTI DSS_40976,15761-17861,1S-MH-MU-ZET-CL14-8575,1S-MH-MU-ZET-CL14-8574,2025-04-04,429.8419191919192
NAHAR SHAKTI DSS_40976,42299-DT,1S-MH-MU-ZET-CL14-8957,1S-MH-MU-ZET-CL14-8957,2025-04-04,563.4758293838862
NAHAR SHAKTI DSS_40976,36554-DT,1S-MH-MU-ZET-CL14-8957,1S-MH-MU-ZET-CL14-8957,2025-04-04,563.4758293838862
NAHAR SHAKTI DSS_40976,25988-DT,1S-MH-MU-ZET-CL14-8573,1S-MH-MU-ZET-CL14-8573,2025-04-04,339.3936572890026
NAHAR SHAKTI DSS_40976,07174-DT,1S-MH-MU-ZET-CL14-8956,1S-MH-MU-ZET-CL14-8956,2025-04-04,1207.8174496644294
NAHAR SHAKTI DSS_40976,12822-DT,1S-MH-MU-ZET-CL14-8574,1S-MH-MU-ZET-CL14-8574,2025-04-04,429.8419191919192
NAHAR SHAKTI DSS_40976,43633-DT,1S-MH-MU-ZET-CL14-9900,1S-MH-MU-ZET-CL14-9900,2025-04-04,129.35999999999999
NAHAR SHAKTI DSS_40976,14621-DT,1S-MH-MU-ZET-CL14-8573,1S-MH-MU-ZET-CL14-8573,2025-04-04,339.3936572890026
NAHAR SHAKTI DSS_40976,15760-DT,1S-MH-MU-ZET-CL14-8575,1S-MH-MU-ZET-CL14-8575,2025-04-04,613.1492537313433
NAHAR SHAKTI DSS_40976,14234-42297,1S-MH-MU-ZET-CL14-8957,1S-MH-MU-ZET-CL14-8957,2025-04-04,563.4758293838862
NAHAR SHAKTI DSS_40976,14233-14185,1S-MH-MU-ZET-CL14-8957,1S-MH-MU-ZET-CL14-8956,2025-04-04,1207.8174496644294
NAHAR SHAKTI DSS_40976,14232-15759,1S-MH-MU-ZET-CL14-8957,1S-MH-MU-ZET-CL14-8575,2025-04-04,613.1492537313433
NAHAR SHAKTI DSS_40977,40977-Stn Xmer,1S-MH-MU-ZET-RSTN-NAHA,1S-MH-MU-ZET-RSTN-NAHA,2025-02-07,69.336
NAHAR SHAKTI DSS_40978,17214-10782,1S-MH-MU-ZET-CL14-8088,1S-MH-MU-ZET-CL14-8727,2024-11-04,692.0357142857143
NAHAR SHAKTI DSS_40978,36387-17212,1S-MH-MU-ZET-CL14-9546,1S-MH-MU-ZET-CL14-8088,,
NAHAR SHAKTI DSS_40978,10480-02962,1S-MH-MU-ZET-CL14-8134,1S-MH-MU-ZET-CL14-8413,,
NAHAR SHAKTI DSS_40978,02960-30584,1S-MH-MU-ZET-CL14-8413,1S-MH-MU-ZET-CL14-9173,2025-04-04,309.15954415954417
NAHAR SHAKTI DSS_40978,40978-27006,1S-MH-MU-ZET-RSTN-NAHA,1S-MH-MU-ZET-CL14-8134,2025-04-04,257.0644329896907
NAHAR SHAKTI DSS_40978,12816-14620,1S-MH-MU-ZET-CL14-8729,1S-MH-MU-ZET-CL14-8573,2025-04-04,339.3936572890026
NAHAR SHAKTI DSS_40978,17213-12982,1S-MH-MU-ZET-CL14-8088,1S-MH-MU-ZET-CL14-8730,2025-04-04,188.76746411483253
NAHAR SHAKTI DSS_40978,10780-12817,1S-MH-MU-ZET-CL14-8727,1S-MH-MU-ZET-CL14-8729,2025-04-04,877.1279459459461
NAHAR SHAKTI DSS_40978,30610-36386,1S-MH-MU-ZET-CL14-9173,1S-MH-MU-ZET-CL14-9546,2025-04-04,253.39766666666668
NAHAR SHAKTI DSS_40978,10481-DT,1S-MH-MU-ZET-CL14-8134,1S-MH-MU-ZET-CL14-8134,2025-04-04,257.0644329896907
NAHAR SHAKTI DSS_40978,10781-DT,1S-MH-MU-ZET-CL14-8727,1S-MH-MU-ZET-CL14-8727,2024-11-04,692.0357142857143
NAHAR SHAKTI DSS_40978,30586-DT,1S-MH-MU-ZET-CL14-9173,1S-MH-MU-ZET-CL14-9173,2025-04-04,309.15954415954417
NAHAR SHAKTI DSS_40978,12981-DT,1S-MH-MU-ZET-CL14-8730,1S-MH-MU-ZET-CL14-8730,2025-04-04,188.76746411483253
NAHAR SHAKTI DSS_40978,36388-DT,1S-MH-MU-ZET-CL14-9546,1S-MH-MU-ZET-CL14-9546,2025-04-04,253.39766666666668
NAHAR SHAKTI DSS_40978,30585-DT,1S-MH-MU-ZET-CL14-9173,1S-MH-MU-ZET-CL14-9173,2025-04-04,309.15954415954417
NAHAR SHAKTI DSS_40978,10784-DT,1S-MH-MU-ZET-CL14-8729,1S-MH-MU-ZET-CL14-8729,2025-04-04,877.1279459459461
NAHAR SHAKTI DSS_40978,41590-DT,1S-MH-MU-ZET-CL14-8730,1S-MH-MU-ZET-CL14-8730,2025-04-04,188.76746411483253
NAHAR SHAKTI DSS_40978,32596-HTConsumer,1S-MH-MU-ZET-CL14-8088,nan,,
NAHAR SHAKTI DSS_40980,25233-36759,1S-MH-MU-ZET-CL14-8998,1S-MH-MU-ZET-RSTN-NAHA,2025-02-07,69.336
NAHAR SHAKTI DSS_40980,38281-25235,1S-MH-MU-ZET-CL14-9660,1S-MH-MU-ZET-CL14-8998,2025-04-04,116.3396984924623
NAHAR SHAKTI DSS_40980,07931-02762,1S-MH-MU-ZET-CL14-8119,1S-MH-MU-ZET-CL14-8133,2025-04-04,107.62554973821989
NAHAR SHAKTI DSS_40980,07930-34104,1S-MH-MU-ZET-CL14-8119,1S-MH-MU-ZET-CL14-9322,2025-04-04,116.47209302325582
NAHAR SHAKTI DSS_40980,10994-32325,1S-MH-MU-ZET-CL14-8121,1S-MH-MU-ZET-CL14-9282,2025-04-04,180.3129411764706
NAHAR SHAKTI DSS_40980,32326-25873,1S-MH-MU-ZET-CL14-9282,1S-MH-MU-ZET-CL14-9017,2008-08-25,636.66
NAHAR SHAKTI DSS_40980,07929-07938,1S-MH-MU-ZET-CL14-8119,1S-MH-MU-ZET-CL14-8118,2025-04-04,171.36180904522612
NAHAR SHAKTI DSS_40980,40980-38908,1S-MH-MU-ZET-RSTN-NAHA,1S-MH-MU-ZET-CL14-8757,2025-04-04,182.56119402985075
NAHAR SHAKTI DSS_40980,38906-38279,1S-MH-MU-ZET-CL14-8757,1S-MH-MU-ZET-CL14-9660,2025-04-04,128.61913043478262
NAHAR SHAKTI DSS_40980,38907-29823,1S-MH-MU-ZET-CL14-8757,1S-MH-MU-ZET-CL14-9151,2025-04-04,246.80103092783506
NAHAR SHAKTI DSS_40980,16673-DT,1S-MH-MU-ZET-CL14-8119,1S-MH-MU-ZET-CL14-8119,2025-04-04,317.6934715025907
NAHAR SHAKTI DSS_40980,34105-DT,1S-MH-MU-ZET-CL14-9322,1S-MH-MU-ZET-CL14-9322,2025-04-04,116.47209302325582
NAHAR SHAKTI DSS_40980,25234-DT,1S-MH-MU-ZET-CL14-8998,1S-MH-MU-ZET-CL14-8998,2025-04-04,116.3396984924623
NAHAR SHAKTI DSS_40980,10993-DT,1S-MH-MU-ZET-CL14-8121,1S-MH-MU-ZET-CL14-8121,2024-03-06,239.46795580110495
NAHAR SHAKTI DSS_40980,38280-DT,1S-MH-MU-ZET-CL14-9660,1S-MH-MU-ZET-CL14-9660,2025-04-04,128.61913043478262
NAHAR SHAKTI DSS_40980,32327-DT,1S-MH-MU-ZET-CL14-9282,1S-MH-MU-ZET-CL14-9282,2025-04-04,180.3129411764706
NAHAR SHAKTI DSS_40980,38909-DT,1S-MH-MU-ZET-CL14-8757,1S-MH-MU-ZET-CL14-8757,2025-04-04,182.56119402985075
NAHAR SHAKTI DSS_40980,29826-DT,1S-MH-MU-ZET-CL14-9151,1S-MH-MU-ZET-CL14-9151,2025-04-04,246.80103092783506
NAHAR SHAKTI DSS_40980,07939-DT,1S-MH-MU-ZET-CL14-8118,1S-MH-MU-ZET-CL14-8118,2025-04-04,171.36180904522612
NAHAR SHAKTI DSS_40980,29824-07928,1S-MH-MU-ZET-CL14-9151,1S-MH-MU-ZET-CL14-8119,2025-04-04,317.6934715025907
NAHAR SHAKTI DSS_40980,34106-10992,1S-MH-MU-ZET-CL14-9322,1S-MH-MU-ZET-CL14-8121,2024-03-06,239.46795580110495
NETMAGICDC9NO1_33360,33360-HTC,nan,1S-MH-MU-ZET-RSTN-NET1,,
POTHEAD,220AAR74-33037,1T-MH-MU-ARY,1S-MH-MU-ZSC-RSTN-MEGH,2012-05-30,369.36879999999996
POTHEAD,02390-07327,1S-MH-MU-ZSC-CL03-2437,1S-MH-MU-ZSC-CL03-2709,2025-04-04,411.80187500000005
POTHEAD CABLE,00000-00000,nan,nan,,
POTHEAD CABLE,18146-18168,1S-MH-MU-ZCT-CL10-4115,1S-MH-MU-ZCT-CL10-4525,2025-04-04,314.63714285714286
POTHEAD CABLE,00000-00000,1S-MH-MU-ZCT-CL10-5045,1S-MH-MU-ZCT-CL10-5045,2025-04-04,122.99508771929824
POTHEAD CABLE,00000-00000,1S-MH-MU-ZCT-CL01-4132,1S-MH-MU-ZCT-CL01-4246,2025-04-04,198.76746411483253
POTHEAD CABLE,15991-15991,1S-MH-MU-ZCT-CL08-4202,1S-MH-MU-ZCT-CL08-4860,2025-04-04,401.9881773399015
POTHEAD CABLE,10053-16153,1S-MH-MU-ZSC-CL02-2198,1S-MH-MU-ZSC-CL02-2198,2025-03-06,445.35744680851064
POTHEAD CABLE,19974-19333,1S-MH-MU-ZCT-CL10-4913,1S-MH-MU-ZCT-CL10-4873,2025-04-04,611.0163461538461
POTHEAD CABLE,00000-00000,1S-MH-MU-ZCT-CL07-4271,1S-MH-MU-ZCT-CL07-4069,2025-04-04,140.18260869565216
POTHEAD CABLE,07749-28979,1S-MH-MU-ZCT-CL01-4347,1S-MH-MU-ZCT-CL01-5041,2025-04-04,252.69990049751243
POTHEAD CABLE,29057-06330,1S-MH-MU-ZCT-CL03-5049,1S-MH-MU-ZCT-CL03-4414,2025-04-04,539.8507317073171
POTHEAD CABLE,00000-00000,1S-MH-MU-ZCT-CL03-5561,nan,,
POTHEAD CABLE,00000-00000,1S-MH-MU-ZCT-CL10-4933,nan,,
POTHEAD CABLE,00000-00000,1S-MH-MU-ZCT-CL08-4772,nan,,
POTHEAD CABLE,00000-00000,1S-MH-MU-ZCT-CL04-4687,1S-MH-MU-ZCT-CL04-4709,2025-04-04,277.32995024875623
POTHEAD CABLE,T22MALOG17H33-33120,2T-MH-MU-MAL,1S-MH-MU-ZCT-CL03-4561,2025-04-04,462.4790361445783
POTHEAD CABLE,35100-18789,1S-MH-MU-ZCT-CL01-4746,1S-MH-MU-ZCT-CL01-4501,2025-03-06,666.2526829268293
POTHEAD CABLE,29798-38249,1S-MH-MU-ZCT-CL09-5073,1S-MH-MU-ZCT-CL09-4563,2025-04-04,310.5019230769231
POTHEAD CABLE,00000-00000,1S-MH-MU-ZCT-CL01-4101,1S-MH-MU-ZCT-CL01-5184,2025-04-04,270.68773480662986
POTHEAD CABLE,00000-00000,1S-MH-MU-ZCT-CL10-4794,nan,,
B4T1,100-1-220AAR110,1T-MH-MU-ARY,1T-MH-MU-ARY,,
B4T1,100-1-220AAR94,1T-MH-MU-ARY,1T-MH-MU-ARY,,
B4T1,100-1-220AAR87,1T-MH-MU-ARY,1T-MH-MU-ARY,,
B5T2,100-2-220AAR105,1T-MH-MU-ARY,1T-MH-MU-ARY,,
B5T2,100-2-220AAR49,1T-MH-MU-ARY,1T-MH-MU-ARY,,
B5T2,100-2-220AAR60,1T-MH-MU-ARY,1T-MH-MU-ARY,,
B6T3,100-3-220AAR39,1T-MH-MU-ARY,1T-MH-MU-ARY,,
B6T3,100-3-220AAR53,1T-MH-MU-ARY,1T-MH-MU-ARY,,
B6T3,100-3-220AAR66,1T-MH-MU-ARY,1T-MH-MU-ARY,,
B8T4,100-4-220AAR33,1T-MH-MU-ARY,1T-MH-MU-ARY,,
B8T4,100-4-220AAR99,1T-MH-MU-ARY,1T-MH-MU-ARY,,
B11T5,AAR01152-100-5,1T-MH-MU-ARY,1T-MH-MU-ARY,,
B11T5,AAR01152B-100-5,1T-MH-MU-ARY,1T-MH-MU-ARY,,
B11T5,AAR01152R-100-5,1T-MH-MU-ARY,1T-MH-MU-ARY,,
B11T5,100-5-220AAR43,1T-MH-MU-ARY,1T-MH-MU-ARY,,
B11T5,100-5-220AAR73,1T-MH-MU-ARY,1T-MH-MU-ARY,,
B11T5,100-5-220AAR80,1T-MH-MU-ARY,1T-MH-MU-ARY,,
B10T1,BOR00152-TRN 1,1T-MH-MU-BVL,1T-MH-MU-BVL,,
B10T1,BOR00152-220BOR04,1T-MH-MU-BVL,1T-MH-MU-BVL,,
B10T1,BOR00152-220BOR22,1T-MH-MU-BVL,1T-MH-MU-BVL,,
B07T2,BOR00752-TRN 2,1T-MH-MU-BVL,1T-MH-MU-BVL,,
B07T2,BOR00752-220BOR19,1T-MH-MU-BVL,1T-MH-MU-BVL,,
B07T2,BOR00752-220BOR29,1T-MH-MU-BVL,1T-MH-MU-BVL,,
B10T2,CHE00252-TRN 2,1T-MH-MU-CHB,1T-MH-MU-CHB,,
B10T2,125-2-220CHE09,1T-MH-MU-CHB,1T-MH-MU-CHB,,
B10T2,125-2-220CHE20,1T-MH-MU-CHB,1T-MH-MU-CHB,,
B10T3,CHE00852-TRN 3,1T-MH-MU-CHB,1T-MH-MU-CHB,,
B10T3,125-3-220CHE23,1T-MH-MU-CHB,1T-MH-MU-CHB,,
B10T3,125-3-220CHE34,1T-MH-MU-CHB,1T-MH-MU-CHB,,
B10T1,CHE01052-TRN 1,1T-MH-MU-CHB,1T-MH-MU-CHB,,
B10T1,125-1-220CHE06,1T-MH-MU-CHB,1T-MH-MU-CHB,,
B10T1,125-1-220CHE37,1T-MH-MU-CHB,1T-MH-MU-CHB,,
B7T3,100-3-220GHO23,1T-MH-MU-GBR,1T-MH-MU-GBR,,
B7T3,100-3-220GHO67,1T-MH-MU-GBR,1T-MH-MU-GBR,,
B9T1,100-1-220GHO41,1T-MH-MU-GBR,1T-MH-MU-GBR,,
B9T1,100-1-220GHO74,1T-MH-MU-GBR,1T-MH-MU-GBR,,
B9T1,100-2-220GHO63,1T-MH-MU-GBR,1T-MH-MU-GBR,,
B10T4,GHD01052-125-4,1T-MH-MU-GBR,1T-MH-MU-GBR,,
B10T4,GHD01052B-125-4,1T-MH-MU-GBR,1T-MH-MU-GBR,,
B10T4,GHD01052R-125-4,1T-MH-MU-GBR,1T-MH-MU-GBR,,
B10T4,125-4-220GHO34,1T-MH-MU-GBR,1T-MH-MU-GBR,,
B10T4,125-4-220GHO48,1T-MH-MU-GBR,1T-MH-MU-GBR,,
B10T4,125-4-220GHO29,1T-MH-MU-GBR,1T-MH-MU-GBR,,
B2T1,GOI00252-125-1,1T-MH-MU-GOR,1T-MH-MU-GOR,,
B2T1,PT TRN 1-220GOI04,1T-MH-MU-GOR,1T-MH-MU-GOR,,
B2T1,PT TRN 1-220GOI23,1T-MH-MU-GOR,1T-MH-MU-GOR,,
B7T2,GOI00752-125-2,1T-MH-MU-GOR,1T-MH-MU-GOR,,
B7T2,PT TRN 2-220GOI10,1T-MH-MU-GOR,1T-MH-MU-GOR,,
B7T2,PT TRN 2-220GOI17,1T-MH-MU-GOR,1T-MH-MU-GOR,,
B2T3,GOR00252-125-3,1T-MH-MU-GGN,1T-MH-MU-GGN,,
B2T3,125-2-220GORE33,1T-MH-MU-GGN,1T-MH-MU-GGN,,
B2T3,125-3-220GOR09,1T-MH-MU-GGN,1T-MH-MU-GGN,,
B7T2,GOR00752-125-2,1T-MH-MU-GGN,1T-MH-MU-GGN,,
B7T2,125-2-220GORE19,1T-MH-MU-GGN,1T-MH-MU-GGN,,
B7T2,125-2-220GORE42,1T-MH-MU-GGN,1T-MH-MU-GGN,,
B10T1,GOR01052-125-1,1T-MH-MU-GGN,1T-MH-MU-GGN,,
B10T1,125-1-220GORE04,1T-MH-MU-GGN,1T-MH-MU-GGN,,
B10T1,125-1-220GORE24,1T-MH-MU-GGN,1T-MH-MU-GGN,,
B7T3,SAK00752-PT 125-3,1T-MH-MU-SAK,1T-MH-MU-SAK,,
B7T3,125-3-220SAK10,1T-MH-MU-SAK,1T-MH-MU-SAK,,
B7T3,SAK00752-220SAK18,1T-MH-MU-SAK,1T-MH-MU-SAK,,
B09T2,SAK00952-PT 125-2,1T-MH-MU-SAK,1T-MH-MU-SAK,,
B09T2,125-2-220SAK25,1T-MH-MU-SAK,1T-MH-MU-SAK,,
B09T2,125-1-220SAK40,1T-MH-MU-SAK,1T-MH-MU-SAK,,
B12T1,SAK01252-PT 125-1,1T-MH-MU-SAK,1T-MH-MU-SAK,,
B12T1,125-1-220SAK04,1T-MH-MU-SAK,1T-MH-MU-SAK,,
B12T1,125-1-220SAK34,1T-MH-MU-SAK,1T-MH-MU-SAK,,
B6T1,100-1-220VER03,1T-MH-MU-VSV,1T-MH-MU-VSV,,
B6T1,100-1-220VER51,1T-MH-MU-VSV,1T-MH-MU-VSV,,
B7T2,100-2-220VER84,1T-MH-MU-VSV,1T-MH-MU-VSV,,
B7T2,100-2-220VER29,1T-MH-MU-VSV,1T-MH-MU-VSV,,
B8T3,100-3-220VER95,1T-MH-MU-VSV,1T-MH-MU-VSV,,
B8T3,100-3-220VER39,1T-MH-MU-VSV,1T-MH-MU-VSV,,
B8T3,100-3-220VER58,1T-MH-MU-VSV,1T-MH-MU-VSV,,
B10T4,100-3-220VER09,1T-MH-MU-VSV,1T-MH-MU-VSV,,
B10T4,100-3-220VER34,1T-MH-MU-VSV,1T-MH-MU-VSV,,
B13T5,VER04352-125-5,1T-MH-MU-VSV,1T-MH-MU-VSV,,
B13T5,VER04352B-125-5,1T-MH-MU-VSV,1T-MH-MU-VSV,,
B13T5,VER04352R-125-5,1T-MH-MU-VSV,1T-MH-MU-VSV,,
B13T5,125-5-220GHO19,1T-MH-MU-VSV,1T-MH-MU-VSV,,
B13T5,125-5-220VER44,1T-MH-MU-VSV,1T-MH-MU-VSV,,
B13T5,125-5-220VER65,1T-MH-MU-VSV,1T-MH-MU-VSV,,
SECTION CHANGED,06796-34640,1S-MH-MU-ZSC-CL04-2256,1S-MH-MU-ZSC-CL04-3283,2025-04-04,341.6868049792531
TBR00252_BOR00352,TBR00252-BOR00352,2T-MH-MU-BRV,1T-MH-MU-BVL,,
TBR00252_BOR00352,TBR00252-BOR00352,1T-MH-MU-BVL,1T-MH-MU-BVL,,
TBR00252_BOR00352,BOR00452-220BOR10,1T-MH-MU-BVL,1T-MH-MU-BVL,,
TBR00252_BOR00352,BOR00452-220BOR32,1T-MH-MU-BVL,1T-MH-MU-BVL,,
TBR00252_BOR00352,BOR00452-PT-TRN3,1T-MH-MU-BVL,1T-MH-MU-BVL,,
TBR00252_BOR01652,TBR00152-AAR01652,2T-MH-MU-BRV,1T-MH-MU-ARY,,
TPCVER0152_VER01452,TVE00152-VER01452,1T-MH-MU-VSV,1T-MH-MU-VSV,,
TPCVER0252_VER01552,TVE00252-VER01552,1T-MH-MU-VSV,1T-MH-MU-VSV,,
TRANSMISSION CABLE,SW YARD-SW YARD,1T-MH-MU-ARY,1T-MH-MU-ARY,,
1,TSK00152-SAK00652,2T-MH-MU-SKI,1T-MH-MU-SAK,,
2,TSK00252-SAK00352,2T-MH-MU-SKI,1T-MH-MU-SAK,,
VER00352_GOI00652,GHD00152-VER00352,1T-MH-MU-GOR,1T-MH-MU-VSV,,
VER00352_GOI00652,GOI00652-VER00352,1T-MH-MU-GOR,1T-MH-MU-VSV,,
VER01152_GOR00452,GOR00452-PT,1T-MH-MU-GGN,1T-MH-MU-GGN,,
VER01152_GOR00452,GOR00452-TOWER NO VAB 19,1T-MH-MU-GGN,1T-MH-MU-VSV,,
1,VER001252-VER001252,1T-MH-MU-VSV,1T-MH-MU-GGN,,
XLPE,2021-8a6bf921-1af5-46fe-a6ba-bc0d1d064be4,U,2025-04-22 18:05:54+00:00,,
