SWNO,VOLTAGE,Month_01,Month_02,Month_03,Month_04,Month_05,Month_06,Month_07,Month_08,Month_09,Month_10,Month_11,Month_12
1102,22KV,92.389,102.723,106.061,123.698,128.475,120.584,136.144,136.144,108.977,110.157,93.751,66.215
1103,22KV,102.193,107.356,118.431,137.569,148.191,134.438,132.592,132.592,117.787,136.851,119.913,104.350
1128,22KV,59.446,69.649,83.887,96.127,138.809,137.713,173.458,173.458,111.959,124.805,101.583,84.117
1129,22KV,99.948,91.137,117.393,124.713,134.600,131.651,149.379,149.379,112.727,124.085,111.153,93.430
1133,22KV,76.663,90.766,100.196,120.750,121.859,122.721,130.959,130.959,84.364,98.219,88.555,75.979
1135,22KV,88.372,98.629,105.254,132.330,112.744,109.645,113.768,113.768,98.276,103.753,91.062,80.845
1143,22KV,87.552,95.222,102.596,126.222,141.253,131.687,130.789,130.789,122.338,133.688,111.004,98.425
1151,22KV,26.696,22.334,28.964,69.614,79.471,75.520,65.000,65.000,69.385,72.621,0.295,0.002
1159,22KV,117.624,118.296,131.326,146.433,179.249,176.495,177.329,177.329,142.661,157.636,136.418,121.650
1163,22KV,80.784,77.540,92.507,114.721,120.450,119.444,116.126,116.126,97.068,117.612,98.863,89.567
1171,22KV,69.811,75.266,79.624,105.467,100.379,104.868,109.359,109.359,86.725,82.739,74.188,63.865
1175,33KV,61.471,74.912,82.145,94.589,97.313,79.674,75.683,75.683,66.200,67.743,57.979,57.682
1192,22KV,81.071,93.045,105.807,108.417,114.999,117.070,120.774,120.774,100.808,107.604,90.721,79.837
1193,22KV,73.639,66.438,81.381,72.781,123.299,169.097,123.675,123.675,101.117,117.913,92.423,86.287
1285,33KV,107.672,114.676,118.741,82.668,88.479,88.047,91.084,91.084,71.035,77.578,66.695,69.482
1289,22KV,76.316,82.088,90.070,75.549,107.152,105.656,77.071,77.071,62.871,88.160,86.315,74.590
22001,22KV,112.543,120.195,137.444,151.958,159.026,157.826,158.478,158.478,145.323,154.275,125.783,108.548
33001,33KV,102.448,113.501,121.684,142.338,152.267,155.933,165.286,165.286,126.126,136.607,119.979,103.274
33002,33KV,116.136,117.904,139.687,170.187,175.896,170.809,191.431,191.431,155.581,167.899,144.948,130.751
33003,33KV,97.280,103.868,109.935,120.365,122.731,124.821,74.000,74.000,121.520,117.700,100.825,89.175
33004,33KV,38.687,43.538,47.094,49.511,49.083,46.773,24.000,24.000,61.075,51.938,41.540,38.473
33006,33KV,115.025,123.449,148.682,161.931,161.313,157.114,149.155,149.155,171.932,155.116,129.622,115.189
33008,33KV,109.087,105.072,124.232,134.380,149.585,143.142,133.400,133.400,112.256,117.667,113.462,124.736
33009,33KV,144.281,154.222,175.030,198.788,190.975,188.475,183.268,183.268,172.088,188.234,160.110,133.533
33010,33KV,47.799,99.433,114.177,130.345,142.972,139.739,147.952,147.952,120.698,41.337,0.000,0.000
33011,33KV,101.431,110.973,129.917,150.404,137.837,139.952,148.887,148.887,124.718,134.614,118.763,100.833
33012,22KV,,47.229,51.848,58.050,,,,,,,,
33012,33KV,64.591,81.896,99.381,127.425,168.110,164.374,162.668,162.668,45.930,45.930,47.851,45.056
33015,33KV,111.081,116.664,136.341,164.917,169.687,157.644,152.000,152.000,129.400,148.855,128.097,111.385
33018,33KV,109.442,69.093,75.418,96.426,99.882,103.684,92.315,92.315,76.620,177.489,170.042,147.004
33019,33KV,126.512,126.782,151.371,181.055,209.472,207.820,215.370,215.370,221.533,237.397,209.414,212.579
33020,33KV,84.054,54.551,63.815,130.367,149.700,137.020,144.656,144.656,108.008,116.064,99.579,97.228
33021,33KV,79.706,84.146,83.178,111.723,138.215,129.158,114.650,114.650,93.624,110.907,90.669,76.500
33022,33KV,78.549,79.985,93.169,112.089,128.939,122.742,112.697,112.697,88.699,104.067,85.473,74.889
33024,33KV,145.402,156.510,166.336,181.145,188.920,184.826,182.190,182.190,151.281,170.088,153.731,140.815
33026,33KV,100.618,104.365,118.024,132.131,129.829,137.361,143.593,143.593,111.392,129.593,119.382,104.638
33027,33KV,104.508,121.093,154.527,166.687,180.484,173.916,150.431,150.431,124.051,85.824,67.562,62.207
33030,33KV,130.919,131.598,146.443,159.288,164.554,160.866,159.651,159.651,142.987,165.712,154.667,144.698
33031,33KV,127.595,145.274,143.356,176.046,193.026,187.436,196.914,196.914,157.857,175.793,151.974,132.850
33032,33KV,109.581,128.353,148.578,168.842,190.100,184.133,186.755,186.755,142.466,148.522,120.191,87.111
33035,33KV,68.162,79.581,87.391,86.118,88.195,89.231,92.910,92.910,134.935,83.773,72.084,48.948
33036,33KV,113.907,120.032,138.218,159.751,164.230,151.458,143.934,143.934,138.015,148.413,132.440,114.071
33037,33KV,122.388,130.198,154.982,175.877,191.531,187.797,199.754,199.754,159.870,171.762,142.120,125.636
33038,33KV,65.353,69.067,73.846,85.081,89.816,85.952,88.027,88.027,72.716,79.164,72.148,59.032
33039,33KV,65.545,69.463,74.055,85.395,89.810,86.080,88.343,88.343,72.607,79.167,71.090,58.170
33040,33KV,105.697,109.494,124.645,142.558,150.916,159.636,157.981,157.981,124.336,134.090,120.669,103.009
33041,33KV,87.187,93.217,104.443,126.514,136.978,130.111,129.567,129.567,102.611,114.382,96.814,80.988
33043,33KV,96.147,97.749,108.956,135.169,147.786,144.887,140.350,140.350,126.214,135.287,113.752,90.493
33044,33KV,103.174,124.174,125.926,145.145,144.627,143.758,127.484,127.484,92.235,81.021,62.606,59.193
33045,33KV,113.101,125.313,126.764,129.990,132.872,142.502,120.904,120.904,93.837,75.378,63.107,63.489
33047,22KV,71.415,83.657,73.671,81.110,85.469,87.159,70.494,70.494,67.968,78.083,70.139,63.609
33049,33KV,104.706,107.460,115.673,128.644,131.280,125.976,134.231,134.231,115.933,118.544,100.905,104.193
33050,33KV,95.333,107.573,123.162,135.794,141.097,137.480,128.025,128.025,125.618,140.451,120.549,110.322
33051,33KV,118.420,117.251,122.880,142.953,154.416,165.440,164.071,164.071,128.978,138.890,121.579,110.611
33052,33KV,95.845,100.179,111.662,133.791,150.032,134.954,148.805,148.805,118.925,129.775,112.161,100.558
33053,22KV,68.647,69.589,80.593,93.326,100.516,100.582,102.984,102.984,84.955,93.338,82.125,67.110
33054,22KV,81.245,87.003,99.625,100.414,115.777,108.911,118.446,118.446,87.510,99.795,88.909,85.966
33055,33KV,117.337,128.785,155.953,170.115,178.666,168.772,168.352,168.352,150.360,160.499,132.752,107.453
33056,33KV,49.476,52.699,77.804,149.843,160.112,163.967,157.728,157.728,125.038,136.346,122.841,100.774
33059,33KV,97.995,100.540,90.102,116.445,139.614,166.258,159.562,159.562,75.588,119.096,100.387,91.633
33060,33KV,91.985,93.654,108.359,127.294,143.649,131.969,125.118,125.118,39.820,123.184,108.634,98.841
33061,22KV,33.023,33.999,37.646,23.698,22.148,45.142,31.223,31.223,37.057,39.969,34.499,30.441
33062,22KV,43.774,47.983,49.747,89.903,102.563,8.678,0.920,0.920,1.215,1.206,1.206,0.900
33063,22KV,63.161,72.932,75.137,83.337,92.094,85.388,54.871,54.871,67.522,63.450,44.650,60.495
33064,22KV,54.852,61.452,68.882,99.126,66.634,84.583,53.216,53.216,76.454,67.651,62.416,52.215
33065,33KV,69.964,69.188,78.441,91.254,95.358,101.907,76.000,76.000,83.141,82.433,73.707,66.217
33066,33KV,80.331,80.436,98.138,102.008,108.365,106.191,92.000,92.000,100.495,108.626,89.821,89.796
33067,33KV,94.090,94.345,111.767,115.511,123.570,108.137,106.000,106.000,103.208,113.295,99.741,93.955
33069,22KV,119.905,113.218,124.064,140.379,153.942,144.869,151.641,151.641,127.128,125.520,113.924,99.575
33070,33KV,137.740,148.199,169.047,192.983,161.220,146.471,161.033,161.033,171.385,184.643,155.184,138.064
33073,22KV,83.292,108.333,129.964,139.505,141.607,144.501,151.000,151.000,106.895,132.694,97.206,75.244
33074,33KV,25.898,28.662,35.268,34.605,42.371,42.385,47.808,47.808,,,32.364,33.304
33075,33KV,60.426,61.718,74.322,81.114,92.259,95.758,99.292,99.292,67.412,77.973,71.354,59.839
33080,33KV,124.320,138.353,131.403,166.899,178.028,162.662,183.533,183.533,147.689,160.029,138.181,122.840
33081,33KV,61.022,65.104,71.174,76.376,89.869,98.934,108.400,108.400,80.052,85.171,71.408,61.835
33082,33KV,117.198,126.866,147.134,183.003,174.612,167.274,171.592,171.592,152.713,155.690,133.603,115.322
33084,33KV,118.274,127.659,141.571,166.349,175.875,160.862,160.425,160.425,131.955,143.479,130.585,108.271
33085,22KV,83.136,91.316,106.172,116.692,114.672,110.262,103.306,103.306,88.913,97.743,83.963,68.851
33086,33KV,77.018,87.517,91.881,107.290,111.156,105.623,58.000,58.000,107.418,112.554,92.453,85.699
33087,33KV,117.447,120.838,132.045,161.981,174.870,172.904,166.931,166.931,142.531,154.276,126.774,110.995
33088,33KV,102.943,107.834,139.590,173.709,187.581,167.574,173.377,173.377,161.194,161.292,126.405,105.346
33090,33KV,130.309,130.288,144.938,156.876,168.010,168.679,155.976,155.976,146.640,156.968,140.612,121.741
33093,33KV,66.530,66.778,83.673,100.177,104.713,115.192,118.271,118.271,99.513,85.396,70.457,77.466
33094,22KV,69.747,77.504,99.630,119.091,125.288,114.831,123.291,123.291,123.970,125.119,108.662,89.698
33095,33KV,90.703,105.614,108.967,134.650,148.090,135.381,121.106,121.106,98.642,105.381,88.922,83.000
33096,22KV,86.059,90.809,95.417,96.747,104.609,112.709,91.935,91.935,,,,
33096,33KV,82.569,84.867,86.496,97.731,,,,,89.937,93.821,84.358,82.052
33097,33KV,107.018,114.536,123.366,146.307,157.913,146.493,132.593,132.593,123.604,134.638,113.040,102.154
33098,33KV,115.131,123.893,142.093,163.003,174.035,166.025,160.972,160.972,140.249,159.197,131.638,124.574
33099,33KV,105.893,110.063,121.538,137.614,145.959,135.961,129.384,129.384,121.356,130.826,120.475,101.570
33100,22KV,123.315,127.872,149.861,171.290,163.753,165.082,185.452,185.452,149.098,157.690,132.620,120.968
33101,33KV,50.701,53.673,65.870,74.471,98.182,78.925,59.549,59.549,68.785,80.960,67.331,53.711
33102,33KV,100.972,106.960,113.483,135.701,147.689,121.509,140.475,140.475,118.814,129.408,112.135,103.275
33104,33KV,114.479,110.271,122.308,161.831,179.220,182.190,190.720,190.720,126.461,145.314,129.188,108.669
33105,33KV,130.569,130.663,139.339,179.376,179.575,181.792,170.322,170.322,138.564,147.352,138.450,127.733
33106,33KV,142.642,147.990,166.510,178.775,190.935,180.916,181.981,181.981,184.419,200.804,175.248,158.516
33107,33KV,104.308,115.779,123.489,130.386,135.292,147.356,136.744,136.744,115.912,128.658,120.457,106.180
33109,33KV,121.814,131.842,142.421,166.455,177.226,172.933,170.148,170.148,160.266,173.613,135.657,120.122
33111,22KV,77.847,78.871,89.424,105.578,118.910,115.353,132.000,132.000,86.508,97.262,84.418,72.510
33112,33KV,84.402,104.003,101.202,133.967,133.179,124.211,116.760,116.760,103.278,118.593,107.533,94.669
33115,33KV,68.848,79.943,82.774,104.427,113.585,107.201,110.644,110.644,91.382,95.455,78.632,67.963
33116,33KV,33.330,37.425,40.076,40.293,41.698,39.478,36.736,36.736,37.228,43.574,31.750,33.208
33118,33KV,136.965,139.974,165.499,184.804,178.045,162.806,151.683,151.683,143.031,160.811,135.703,119.743
33119,33KV,137.732,137.411,161.356,199.694,210.197,203.140,217.032,217.032,181.164,193.723,166.483,138.954
33120,22KV,147.011,167.312,173.764,198.960,189.006,189.802,164.000,164.000,168.376,168.283,139.225,128.513
33121,33KV,121.290,125.257,142.016,164.737,175.103,191.230,186.000,186.000,142.597,159.374,136.277,120.443
33122,33KV,79.206,83.587,93.083,103.313,107.151,107.499,108.391,108.391,97.037,104.514,85.360,78.394
33123,22KV,74.543,73.946,87.196,92.759,117.011,133.899,146.256,146.256,108.437,121.153,96.920,81.597
33124,22KV,117.764,136.648,148.722,171.392,177.223,163.190,174.000,174.000,143.426,143.827,139.197,104.380
33125,33KV,0.000,0.000,0.000,0.000,0.000,0.000,0.000,0.000,,,,
33126,33KV,118.336,119.483,122.370,129.248,129.275,129.603,129.934,129.934,121.032,128.507,121.292,108.921
33127,33KV,154.332,157.079,154.301,151.884,155.225,156.469,153.058,153.058,154.282,155.390,163.700,153.283
33128,33KV,137.185,144.754,153.333,188.318,196.883,198.204,204.110,204.110,164.751,183.993,145.521,132.892
33129,33KV,104.083,110.271,111.902,111.386,138.099,129.828,130.092,130.092,116.895,125.922,111.091,96.228
33130,22KV,125.209,135.399,158.640,178.976,194.821,188.856,194.198,194.198,149.315,167.009,136.489,118.497
33131,33KV,90.697,98.516,108.405,118.487,139.286,137.608,152.654,152.654,112.623,121.886,105.816,101.136
33132,33KV,100.374,106.100,121.550,137.569,147.232,137.565,154.642,154.642,119.494,130.527,111.874,99.449
33133,33KV,120.901,121.198,129.191,153.442,160.751,175.667,174.738,174.738,134.952,156.604,130.741,139.388
33134,33KV,98.370,97.910,109.104,117.621,125.887,133.237,115.977,115.977,112.207,120.482,95.871,88.624
33135,22KV,,195.630,216.278,221.083,,,,,,,,
33135,33KV,166.168,164.495,190.599,227.263,252.134,282.534,269.170,269.170,206.925,240.502,197.864,177.588
33136,22KV,123.538,131.188,148.693,162.424,172.437,166.805,173.141,173.141,154.184,162.096,142.309,125.065
33137,22KV,114.438,123.867,148.566,158.394,164.341,158.679,174.490,174.490,141.180,167.440,139.289,124.744
33138,33KV,104.428,112.632,127.528,161.225,164.662,149.684,167.694,167.694,135.053,156.991,129.209,91.473
33139,33KV,55.372,57.320,65.625,73.483,75.541,71.944,77.033,77.033,65.647,72.470,63.972,55.854
33140,33KV,112.879,118.818,129.965,144.157,154.161,145.490,141.284,141.284,136.501,145.686,125.748,113.379
33148,22KV,0.000,0.000,0.000,0.000,0.000,0.000,0.000,0.000,,,,
33149,22KV,0.000,0.000,0.000,0.000,0.000,0.000,0.000,0.000,,,,
33150,33KV,76.772,78.532,88.125,89.449,97.933,100.019,88.424,88.424,74.616,88.962,79.238,82.559
33151,33KV,87.747,90.262,102.663,112.910,115.200,114.266,102.817,102.817,106.120,109.903,93.217,90.038
33152,33KV,90.580,99.244,111.743,131.430,141.702,121.388,114.541,114.541,102.010,116.826,103.752,92.212
33154,22KV,68.985,70.171,78.853,98.264,101.706,101.382,98.961,98.961,96.971,84.599,78.446,68.519
33155,33KV,57.294,59.624,70.053,80.802,84.979,69.859,75.046,75.046,65.956,72.326,61.244,53.826
33156,33KV,114.625,121.867,137.856,156.630,170.815,172.503,170.720,170.720,132.864,146.366,125.511,114.466
33157,33KV,0.000,0.000,0.000,0.000,0.000,0.000,0.000,0.000,0.000,0.000,0.000,0.000
33158,33KV,0.000,0.000,0.000,0.000,0.000,0.000,0.000,0.000,0.000,0.000,0.000,0.000
33159,33KV,88.453,90.827,91.743,106.654,115.689,108.475,75.062,75.062,100.599,101.621,89.287,86.282
33162,22KV,147.659,148.704,166.397,203.550,252.172,249.446,260.461,260.461,191.960,176.534,146.616,131.178
33163,22KV,104.158,109.894,136.907,156.119,177.744,156.405,150.706,150.706,135.031,159.542,136.836,115.511
33163,33KV,,127.671,142.128,180.391,,,,,,,,
33166,33KV,115.635,127.285,130.510,142.889,145.759,143.400,127.657,127.657,127.571,131.003,117.663,96.422
33167,33KV,110.423,117.815,138.196,137.627,142.473,140.151,140.335,140.335,92.434,150.322,129.582,120.235
33168,33KV,2.826,2.829,2.827,2.812,2.824,2.823,2.819,2.819,,,,
33169,33KV,93.944,120.216,137.803,155.928,166.330,167.315,196.797,196.797,138.357,139.990,141.411,119.713
33170,33KV,94.032,120.613,140.640,156.255,166.497,167.483,196.019,196.019,138.664,170.153,141.727,120.486
33171,33KV,2.596,2.628,11.860,11.103,2.626,2.626,2.645,2.645,,,,
33172,33KV,118.500,129.145,144.758,189.184,182.700,141.636,180.757,180.757,108.125,84.029,106.311,90.748
33173,33KV,118.126,128.964,143.426,185.708,182.180,142.165,179.808,179.808,108.149,101.642,120.363,97.629
33174,33KV,0.000,0.000,0.000,0.000,0.000,0.000,0.000,0.000,0.000,0.000,0.000,0.000
33175,33KV,97.014,116.017,138.272,157.084,186.863,179.943,182.931,182.931,143.242,145.781,140.734,117.989
33176,33KV,120.926,120.678,137.566,170.888,152.038,145.033,166.977,166.977,130.581,161.418,127.518,101.470
33177,33KV,66.685,70.981,80.116,98.506,105.501,95.963,95.158,95.158,84.398,88.745,71.081,60.730
33178,33KV,74.444,88.825,99.280,118.481,117.678,119.638,126.245,126.245,76.692,89.798,82.176,75.102
33179,22KV,97.084,97.309,108.918,129.425,134.323,126.509,100.818,100.818,112.086,121.591,109.121,76.311
33179,33KV,,102.487,117.492,127.633,,,,,,,,
33180,22KV,118.996,130.829,136.732,155.874,181.683,159.019,184.096,184.096,136.579,150.670,117.663,106.040
33181,33KV,110.325,122.073,141.515,158.796,179.120,172.064,184.520,184.520,139.371,152.179,138.387,123.254
33184,33KV,76.033,76.308,100.456,101.330,,,,,91.883,96.379,74.642,75.149
33185,33KV,71.734,76.382,89.919,109.068,108.771,101.628,74.221,74.221,89.149,96.558,74.906,75.025
33186,33KV,3.224,3.208,3.206,3.196,,,,,,,3.269,3.210
33188,33KV,2.933,2.930,2.933,2.937,,,,,,,2.926,2.935
33189,33KV,71.458,76.649,86.737,86.278,93.620,89.976,85.266,85.266,89.120,98.803,88.188,77.197
33190,33KV,78.807,92.005,100.556,116.082,,,,,86.067,99.764,89.101,78.024
33192,22KV,79.612,86.949,86.819,109.080,114.959,109.141,113.836,113.836,94.490,103.735,87.335,66.706
33193,22KV,61.007,59.497,70.093,86.965,91.162,86.870,91.109,91.109,74.378,83.690,67.457,59.352
33194,22KV,59.875,58.920,69.531,87.086,91.665,86.755,91.531,91.531,71.700,81.119,65.268,57.354
33196,22KV,40.364,34.406,39.798,78.286,54.887,35.531,0.000,0.000,40.500,45.646,38.201,32.970
33197,22KV,40.802,34.539,39.765,78.314,55.035,38.329,0.214,0.214,40.644,45.818,38.287,32.875
33198,22KV,0.000,0.000,0.001,0.004,0.001,0.000,0.000,0.000,0.210,0.210,0.105,0.000
33199,33KV,104.819,107.524,116.092,135.533,,,,,,,101.572,107.584
33200,33KV,97.083,101.063,112.449,150.391,148.978,131.863,109.112,109.112,121.580,134.627,124.363,107.535
33201,33KV,2.855,2.853,4.281,4.475,,,,,,,2.857,2.857
33203,33KV,0.000,0.000,0.000,0.000,,,,,,,0.000,0.000
33204,33KV,98.092,96.763,97.254,123.683,128.105,103.498,61.845,61.845,99.990,107.423,93.085,89.991
33205,33KV,92.559,85.707,91.934,121.379,,,,,,,89.533,89.618
33206,33KV,120.388,139.923,157.112,150.400,166.187,152.056,144.865,144.865,145.307,154.722,128.917,123.625
33207,22KV,103.200,105.048,101.470,114.508,116.876,120.941,125.248,125.248,122.663,114.271,92.742,100.348
33208,33KV,72.089,74.991,73.573,96.778,103.309,102.429,82.000,82.000,87.538,89.534,70.686,66.642
33209,22KV,67.249,71.084,75.477,70.469,62.823,69.191,63.161,63.161,71.708,74.866,80.665,53.807
33210,22KV,57.523,49.441,59.414,58.594,62.023,63.575,72.199,72.199,53.282,53.118,36.312,61.401
33211,33KV,53.311,49.119,63.082,72.019,77.719,80.384,86.781,86.781,64.167,69.971,56.688,48.059
33212,33KV,67.698,73.830,76.397,99.504,108.676,105.930,114.686,114.686,69.262,82.729,74.838,62.682
33213,33KV,105.179,107.958,139.805,149.258,160.659,146.415,127.824,127.824,156.765,149.483,121.261,102.901
33214,22KV,106.968,110.092,127.986,151.833,164.195,156.107,137.900,137.900,127.304,136.202,115.787,103.485
33215,33KV,104.670,114.958,145.110,137.115,144.369,134.221,136.588,136.588,124.756,136.668,115.042,106.491
33216,22KV,0.000,0.000,0.000,0.000,0.000,0.000,0.000,0.000,,,,
33217,22KV,0.000,0.000,0.000,0.000,0.000,0.000,0.000,0.000,,,,
33218,33KV,38.918,44.716,49.639,47.668,56.147,55.060,38.246,38.246,48.542,51.562,43.032,32.187
33219,33KV,51.931,55.983,52.155,57.939,69.349,63.036,40.929,40.929,56.043,55.548,49.733,49.977
33220,22KV,129.532,136.583,144.550,147.650,158.157,148.594,153.000,153.000,153.108,156.728,147.456,124.190
33221,22KV,107.282,116.020,121.738,140.306,154.960,126.207,110.000,110.000,124.254,131.036,107.620,104.731
33222,33KV,85.345,95.893,112.166,114.118,115.465,113.336,110.624,110.624,102.360,105.803,93.361,86.877
33223,33KV,85.800,92.163,99.362,113.799,115.558,113.885,108.690,108.690,99.533,107.946,92.919,85.723
33224,33KV,0.000,5.839,12.988,1.327,0.000,0.000,0.000,0.000,0.000,0.000,0.000,0.000
33226,33KV,113.291,121.493,138.343,156.481,168.418,158.769,147.636,147.636,130.218,147.629,123.264,112.936
33227,33KV,113.112,121.963,138.639,154.531,164.816,159.295,148.189,148.189,133.105,145.860,123.928,114.379
33228,33KV,0.000,0.000,0.000,0.000,0.000,0.000,0.000,0.000,0.000,0.000,0.000,0.000
33229,33KV,97.192,77.899,98.762,111.500,126.618,122.011,120.101,120.101,153.244,188.513,158.441,143.605
33230,33KV,35.813,52.586,60.963,72.919,76.192,74.948,70.201,70.201,1.640,1.514,1.454,1.585
33231,33KV,97.927,104.410,122.788,136.147,163.884,151.674,142.000,142.000,128.998,149.588,120.339,100.831
33232,33KV,121.549,126.284,138.783,152.576,170.295,171.083,180.000,180.000,157.450,160.173,128.742,117.000
33233,33KV,112.659,122.321,134.960,139.722,139.052,150.437,140.000,140.000,138.195,148.382,116.581,116.534
33234,33KV,92.601,91.773,109.762,126.023,127.097,128.716,140.000,140.000,107.634,118.472,103.915,86.706
33235,33KV,8.719,9.467,6.852,0.346,22.993,0.000,0.000,0.000,0.000,8.619,20.618,15.503
33236,33KV,119.345,126.771,143.135,179.389,173.778,174.363,182.000,182.000,151.765,153.398,105.958,88.150
33237,22KV,98.918,99.229,118.446,124.486,131.848,139.740,151.000,151.000,114.028,128.625,106.955,99.522
33238,33KV,60.637,60.764,80.527,84.102,92.540,90.159,100.000,100.000,81.543,81.484,69.851,55.606
33239,33KV,102.862,70.075,121.106,140.473,120.495,119.515,136.000,136.000,101.045,115.942,100.926,87.102
33240,33KV,107.070,145.682,139.091,151.993,172.686,167.420,184.000,184.000,158.774,175.281,145.168,123.184
33241,33KV,0.000,0.000,0.000,0.000,0.000,0.000,0.000,0.000,,,,
33242,33KV,0.000,0.000,0.000,0.000,0.000,0.000,0.000,0.000,,,,
33243,22KV,57.169,57.289,54.536,71.695,67.440,65.118,45.000,45.000,54.703,62.335,53.061,46.478
33244,22KV,91.419,94.374,92.732,107.772,117.925,125.456,120.000,120.000,115.234,116.453,101.762,93.075
33245,33KV,118.000,125.238,120.712,150.785,158.217,135.483,146.000,146.000,123.005,130.336,111.647,105.352
33246,33KV,112.644,103.385,139.842,161.016,165.856,160.717,172.000,172.000,137.220,146.613,134.605,122.708
33247,33KV,41.331,43.395,46.739,50.935,57.854,54.287,56.000,56.000,48.098,54.921,46.961,42.808
33248,33KV,46.019,47.134,53.068,60.448,60.496,59.419,62.000,62.000,55.848,56.325,49.807,47.925
33249,33KV,94.493,96.793,109.470,102.889,145.812,141.480,143.800,143.800,138.004,153.544,133.153,115.146
33250,33KV,94.168,96.592,109.367,102.572,145.359,141.471,143.200,143.200,,,130.965,114.904
33251,33KV,87.938,92.353,105.515,124.451,119.762,120.419,126.900,126.900,101.306,115.364,98.737,85.403
33252,33KV,88.001,92.339,105.692,124.489,119.653,120.684,126.900,126.900,,,96.699,85.418
33253,33KV,41.604,42.225,41.029,42.388,44.808,44.370,44.000,44.000,,,,
33254,33KV,0.000,0.000,0.000,0.000,0.000,0.000,0.000,0.000,,,,
33255,33KV,0.000,0.000,0.000,0.000,0.000,0.000,0.000,0.000,,,,
33256,33KV,44.735,45.132,44.666,42.574,44.455,44.102,42.000,42.000,,,48.816,44.473
33257,33KV,0.000,0.000,0.000,0.000,0.000,0.000,0.000,0.000,,,,
33258,33KV,34.864,39.586,40.070,41.382,51.768,48.371,34.000,34.000,,,,
33259,33KV,40.326,46.017,29.791,42.634,56.064,53.904,40.000,40.000,,,52.733,36.133
33260,33KV,0.000,0.000,0.000,0.000,0.000,0.007,0.000,0.000,,,,
33261,33KV,0.000,0.000,0.000,0.000,0.000,0.000,0.000,0.000,,,,
33262,33KV,0.000,0.000,0.000,0.000,0.000,0.000,0.000,0.000,,,,
33263,33KV,35.044,36.369,38.689,50.238,56.742,57.995,68.000,68.000,,,,
33264,33KV,12.521,11.732,12.648,13.591,14.138,12.066,22.000,22.000,,,,
33265,33KV,112.492,116.587,94.816,122.466,141.980,138.311,134.000,134.000,,,129.103,118.794
33266,33KV,48.864,52.146,46.555,52.366,64.106,57.949,38.000,38.000,,,,
33267,33KV,0.000,0.000,0.000,0.000,0.000,0.018,0.000,0.000,,,,
33268,33KV,0.000,0.000,0.000,0.000,0.000,0.000,0.000,0.000,,,,
33269,33KV,3.572,2.383,1.454,0.755,1.275,1.561,0.000,0.000,,,3.954,4.406
33270,33KV,0.000,0.000,0.000,0.000,0.000,0.000,0.000,0.000,,,,
33271,33KV,0.643,2.060,0.373,0.554,0.802,1.322,0.000,0.000,,,,
33273,33KV,81.711,108.182,132.540,136.313,,,,,,,101.348,87.820
33274,33KV,99.637,113.684,126.489,158.160,157.440,158.075,162.600,162.600,,,88.340,87.938
33275,33KV,0.000,0.000,0.000,0.000,,,,,,,0.000,0.000
33276,33KV,113.703,118.527,141.700,143.395,162.078,156.017,191.505,191.505,133.472,165.381,147.679,129.654
33277,33KV,134.840,131.264,150.333,150.094,162.629,126.357,108.193,108.193,148.616,164.634,152.367,133.876
33278,33KV,64.771,66.422,68.477,63.245,75.161,74.438,67.900,67.900,89.886,77.977,62.631,63.902
33279,33KV,64.625,66.213,68.400,63.073,75.003,74.414,68.300,68.300,,,70.835,64.120
33280,33KV,22.094,24.373,25.762,53.288,32.503,21.699,28.200,28.200,31.359,28.204,20.009,24.165
33281,33KV,22.173,24.582,25.975,54.145,33.224,21.720,28.000,28.000,,,19.389,24.233
33282,22KV,147.610,89.938,115.751,115.977,128.261,131.226,128.912,128.912,115.831,128.479,102.204,88.486
33283,33KV,95.716,94.544,110.213,124.374,133.960,127.225,140.870,140.870,114.300,129.867,116.518,104.919
33284,33KV,101.502,103.108,121.716,129.666,,,,,,,103.110,103.431
33285,33KV,99.385,108.459,122.702,139.587,140.099,129.561,155.272,155.272,120.965,133.680,123.926,104.113
33286,33KV,104.014,115.307,132.694,137.514,,,,,,,109.838,102.479
33287,33KV,103.843,98.541,116.051,133.422,165.401,105.750,0.000,0.000,132.975,155.592,118.630,121.410
33288,33KV,102.902,113.531,120.678,155.589,158.344,175.904,223.702,223.702,122.277,148.346,115.248,102.706
33289,33KV,97.592,99.968,119.148,142.142,161.105,149.510,152.702,152.702,130.003,141.748,121.500,101.325
33290,33KV,91.463,93.851,96.652,135.897,140.839,138.342,129.840,129.840,105.677,122.159,105.185,87.954
33291,33KV,85.383,88.846,106.288,126.852,139.467,148.265,139.350,139.350,108.479,127.489,103.156,86.897
33292,33KV,41.625,42.634,51.606,53.505,59.565,64.426,52.827,52.827,55.280,57.170,51.151,44.968
33293,33KV,56.158,60.899,70.039,90.135,94.594,56.748,91.637,91.637,72.719,84.093,66.695,53.142
33294,33KV,30.098,29.864,31.886,37.082,33.982,39.098,37.004,37.004,37.850,42.221,26.441,32.766
33295,33KV,42.125,41.600,47.270,51.519,57.006,57.588,54.600,54.600,48.523,52.985,56.871,39.742
33296,33KV,0.000,0.000,0.000,0.000,0.000,0.000,0.000,0.000,0.000,0.000,0.000,0.000
33297,33KV,0.000,0.000,0.000,0.000,0.000,0.000,0.000,0.000,0.000,0.000,0.000,0.000
33298,33KV,154.452,155.015,156.338,170.336,167.441,161.361,144.404,144.404,157.045,158.673,164.081,151.327
33299,33KV,52.026,53.961,63.538,70.684,89.377,112.729,42.733,42.733,76.280,84.596,68.313,57.319
33300,33KV,97.738,103.558,123.696,147.180,158.880,106.119,154.028,154.028,139.285,130.405,110.043,98.112
33301,33KV,47.599,51.501,60.048,94.567,85.233,87.346,90.184,90.184,81.649,83.612,51.825,57.481
33302,33KV,62.733,68.571,80.299,105.016,110.985,100.135,100.266,100.266,77.121,84.084,69.387,58.203
33303,22KV,3.229,3.462,3.793,4.452,4.462,4.462,4.462,4.462,4.290,4.290,4.290,4.290
33304,22KV,2.301,2.570,2.681,3.328,3.333,3.333,3.333,3.333,3.260,3.260,3.260,3.260
33305,33KV,48.388,79.573,76.486,69.974,85.732,79.595,83.417,83.417,71.771,81.264,65.909,37.992
33306,33KV,100.149,82.703,98.189,111.875,110.829,118.052,107.447,107.447,107.739,95.868,76.851,90.392
33307,33KV,0.000,0.000,0.000,0.000,0.000,0.000,0.000,0.000,,,,
33316,33KV,35.696,38.570,53.347,6.917,0.221,0.000,0.000,0.000,74.957,81.440,81.440,81.440
33317,33KV,53.294,83.609,110.446,94.322,,,,,,,60.632,62.753
33318,33KV,22.386,23.487,39.229,16.342,37.390,33.597,31.027,31.027,63.738,66.310,54.865,39.356
33319,33KV,24.780,24.780,63.062,85.223,,,,,,,24.780,24.780
33320,22KV,,18.872,17.584,20.825,,,,,,,,
33320,33KV,11.509,7.867,10.315,50.895,26.253,10.409,5.179,5.179,16.732,17.397,14.627,16.299
33321,22KV,,54.178,58.464,62.248,,,,,,,,
33321,33KV,47.756,43.931,51.063,25.603,45.333,58.303,28.312,28.312,41.962,45.746,44.039,58.641
33322,22KV,86.162,87.788,93.700,100.314,110.174,113.290,153.802,153.802,88.696,100.251,93.213,96.218
33323,22KV,78.501,99.661,104.100,127.318,133.427,130.325,152.393,152.393,113.986,131.482,113.294,24.906
33324,33KV,120.121,128.249,137.173,160.735,190.793,174.880,185.638,185.638,142.425,149.046,142.429,116.708
33325,33KV,122.823,125.260,139.868,159.647,,,,,142.233,149.052,142.450,116.645
33326,33KV,99.214,104.116,116.662,146.750,162.718,137.184,137.583,137.583,122.875,137.840,115.507,109.939
33327,33KV,103.566,107.926,129.404,137.619,,,,,,,113.330,110.555
33328,33KV,124.697,131.255,147.021,178.405,190.743,178.477,185.906,185.906,132.061,150.216,154.876,117.254
33329,33KV,119.511,132.693,150.464,180.940,,,,,,,157.543,117.339
33330,33KV,0.000,0.000,0.000,0.000,0.000,0.000,0.000,0.000,,,0.000,0.000
33331,33KV,0.000,0.000,0.000,0.000,0.000,0.000,0.000,0.000,,,,
33332,33KV,0.000,0.000,0.000,0.000,0.000,0.000,0.000,0.000,,,,
33334,33KV,0.000,0.000,0.000,0.000,0.000,0.000,0.000,0.000,,,,
33335,33KV,0.000,0.000,0.000,0.000,0.000,0.000,0.000,0.000,,,,
33336,33KV,0.000,0.000,0.000,0.000,0.000,0.000,0.000,0.000,,,0.000,0.000
33339,33KV,106.224,112.261,123.114,134.058,150.558,154.314,173.048,173.048,125.193,146.104,126.652,102.004
33340,33KV,109.313,100.187,122.382,150.115,163.083,168.060,193.211,193.211,127.696,157.090,130.759,117.635
33341,33KV,0.000,0.000,0.000,0.000,0.000,0.000,0.000,0.000,,,0.000,0.000
33342,33KV,16.244,8.960,10.296,1.958,0.000,0.000,0.000,0.000,23.647,25.379,20.458,19.102
33343,33KV,16.257,8.949,10.313,1.963,0.000,0.000,0.000,0.000,,,19.309,19.090
33344,33KV,34.934,29.580,41.290,52.452,49.488,49.533,39.084,39.084,,,28.453,41.677
33345,33KV,34.953,29.661,41.358,52.363,49.252,49.806,38.670,38.670,,,37.536,41.552
33346,33KV,86.997,87.976,96.209,96.555,120.385,120.705,135.483,135.483,,,101.171,83.269
33347,33KV,86.938,87.950,96.076,96.563,120.304,120.449,135.483,135.483,,,102.073,83.359
33348,33KV,79.074,82.324,85.214,87.431,87.217,87.459,92.117,92.117,,,87.847,89.208
33349,33KV,79.000,82.174,85.205,87.355,87.263,87.271,91.979,91.979,,,87.644,89.121
33350,33KV,43.532,42.474,48.768,29.697,28.766,26.947,26.655,26.655,23.424,32.287,29.916,27.366
33351,33KV,35.385,36.924,45.060,63.299,69.409,66.848,72.092,72.092,55.160,61.438,49.394,41.613
33352,33KV,0.000,0.000,0.000,0.000,0.000,0.000,0.000,0.000,,,,
33353,33KV,0.000,0.000,0.022,0.000,0.000,0.000,0.000,0.000,,,0.000,0.000
33354,33KV,127.803,133.115,149.268,147.366,197.858,191.158,202.036,202.036,157.503,177.881,169.714,150.559
33355,22KV,96.777,102.194,127.896,132.836,141.391,133.553,162.581,162.581,131.953,145.105,126.635,103.343
33356,33KV,42.801,35.075,23.920,48.766,45.338,50.369,48.884,48.884,,,33.542,35.206
33357,33KV,0.000,0.000,0.000,0.000,0.000,0.000,0.000,0.000,,,,
33358,33KV,15.064,9.916,15.158,28.046,21.007,23.807,23.893,23.893,,,,
33360,33KV,23.475,20.811,19.635,24.005,24.678,26.652,26.654,26.654,,,,
33361,33KV,0.000,0.000,0.000,0.000,0.000,0.000,0.000,0.000,,,,
33362,33KV,0.000,0.000,0.000,0.000,0.000,0.000,0.000,0.000,,,,
33370,33KV,6.505,3.794,5.695,1.271,0.000,0.000,0.000,0.000,,,10.169,11.917
33371,33KV,0.000,0.000,0.000,0.000,0.000,0.000,0.000,0.000,,,,
33372,33KV,0.000,0.000,0.000,0.000,0.000,0.000,0.000,0.000,,,,
33374,33KV,0.000,0.000,0.000,0.000,0.000,0.000,0.000,0.000,,,,
33375,33KV,0.000,0.000,0.000,0.000,0.000,0.000,0.000,0.000,,,,
33376,33KV,0.000,0.020,2.919,1.190,0.000,0.000,0.000,0.000,,,0.000,0.000
33388,33KV,0.000,0.972,1.266,0.009,,,,,,,0.000,0.000
33389,33KV,0.000,0.000,0.408,0.009,,,,,,,0.000,0.000
33390,33KV,0.000,0.000,0.396,0.000,,,,,,,0.000,0.000
33391,33KV,0.000,0.000,0.319,0.000,,,,,,,0.000,0.000
33392,33KV,0.000,0.000,0.293,0.000,,,,,,,0.000,0.000
33393,33KV,0.000,0.000,0.346,0.000,,,,,,,0.000,0.000
33394,33KV,0.000,0.000,0.281,0.000,,,,,,,0.000,0.000
33395,33KV,0.000,0.000,0.158,0.000,,,,,,,0.000,0.000
33396,22KV,0.000,0.000,0.000,0.000,,,,,0.000,0.000,0.000,0.000
33409,22KV,0.006,0.000,0.000,0.000,,,,,,0.360,0.000,0.000
33410,33KV,0.000,0.000,0.000,0.189,,,,,,,,0.000
33411,33KV,0.000,0.005,6.760,192.691,,,,,,,,0.000
33424,33KV,,20.684,0.000,0.000,,,,,,,,
33425,33KV,,75.512,,,,,,,,,,
33426,33KV,,142.560,,,,,,,,,,
33427,33KV,,140.906,,,,,,,,,,
33428,33KV,,22.318,0.000,0.000,,,,,,,,
33429,33KV,,134.676,,,,,,,,,,
33430,33KV,,144.846,,,,,,,,,,
33432,33KV,,21.952,0.000,0.000,,,,,,,,
33433,33KV,,144.826,,,,,,,,,,
33434,33KV,,144.826,,,,,,,,,,
33436,33KV,,0.000,1.347,0.000,,,,,,,,
33442,33KV,,0.000,1.339,0.000,,,,,,,,
