SWNO,VOLTAGE,I_Month_01,I_Month_02,I_Month_03,I_Month_04,I_Month_05,I_Month_06,I_Month_07,I_Month_08,I_Month_09,I_Month_10,I_Month_11,I_Month_12,PEAK_Month_01,PEAK_Month_02,PEAK_Month_03,PEAK_Month_04,PEAK_Month_05,PEAK_Month_06,PEAK_Month_07,PEAK_Month_08,PEAK_Month_09,PEAK_Month_10,PEAK_Month_11,PEAK_Month_12,CYCLE_Month_01,CYCLE_Month_02,CYCLE_Month_03,CYCLE_Month_04,CYCLE_Month_05,CYCLE_Month_06,CYCLE_Month_07,CYCLE_Month_08,CYCLE_Month_09,CYCLE_Month_10,CYCLE_Month_11,CYCLE_Month_12,OVR_Month_01,OVR_Month_02,OVR_Month_03,OVR_Month_04,OVR_Month_05,OVR_Month_06,OVR_Month_07,OVR_Month_08,OVR_Month_09,OVR_Month_10,OVR_Month_11,OVR_Month_12
1102,22KV,93.150,103.734,104.255,123.695,128.400,124.666,136.144,136.144,108.969,119.842,100.707,82.124,166.102,176.593,198.040,194.847,215.428,203.233,136.144,136.144,165.900,164.990,234.580,122.010,0.000,0.000,1.000,0.000,0.000,0.000,0.000,0.000,0.000,0.000,0.000,1.000,0.000,0.000,0.000,0.000,0.000,0.000,0.000,0.000,0.000,0.000,1.000,0.000
1103,22KV,100.500,105.780,122.273,137.386,148.168,134.677,132.592,132.592,121.929,136.975,119.905,104.953,179.785,173.940,192.980,208.831,224.885,221.128,132.592,132.592,158.910,212.940,170.740,160.970,0.000,0.000,1.000,0.000,0.000,0.000,0.000,0.000,0.000,0.000,0.000,0.000,0.000,0.000,0.000,0.000,0.000,0.000,0.000,0.000,0.000,0.000,0.000,0.000
1128,22KV,62.260,70.626,84.058,96.703,138.818,137.749,173.458,173.458,112.002,124.780,101.552,84.217,225.410,144.131,179.410,182.435,211.798,201.984,173.458,173.458,147.630,211.390,162.580,148.770,1.000,3.000,1.000,1.000,1.000,1.000,0.000,0.000,0.000,0.000,0.000,0.000,57.000,6.000,7.000,0.000,0.000,0.000,0.000,0.000,0.000,0.000,0.000,0.000
1129,22KV,101.407,90.870,116.259,124.521,134.563,131.681,149.379,149.379,112.798,124.067,111.060,93.179,206.540,177.948,225.139,264.653,195.423,192.100,149.379,149.379,173.870,179.960,165.690,201.950,0.000,0.000,2.000,1.000,0.000,0.000,0.000,0.000,0.000,0.000,0.000,1.000,1.000,0.000,0.000,1.000,0.000,0.000,0.000,0.000,0.000,0.000,0.000,1.000
1133,22KV,75.573,89.271,108.091,120.945,121.738,122.727,130.959,130.959,84.222,98.654,88.423,77.295,169.631,205.569,167.190,232.133,202.249,212.405,130.959,130.959,122.660,174.610,136.330,148.050,2.000,1.000,3.000,4.000,1.000,1.000,0.000,0.000,0.000,0.000,0.000,0.000,20.000,1.000,0.000,0.000,0.000,0.000,0.000,0.000,0.000,0.000,0.000,0.000
1135,22KV,90.671,101.834,108.250,133.492,112.825,110.179,113.768,113.768,98.319,106.793,91.652,81.589,150.464,212.064,169.134,236.486,196.908,209.814,113.768,113.768,139.880,144.500,134.210,159.240,0.000,3.000,1.000,1.000,1.000,0.000,0.000,0.000,0.000,0.000,0.000,0.000,0.000,4.000,0.000,0.000,0.000,0.000,0.000,0.000,0.000,0.000,0.000,0.000
1143,22KV,85.342,93.649,101.776,125.740,141.218,131.585,130.789,130.789,122.232,133.602,110.949,98.444,151.590,172.389,153.669,197.845,200.341,205.682,130.789,130.789,167.790,202.290,160.260,155.740,1.000,1.000,1.000,4.000,0.000,2.000,0.000,0.000,0.000,0.000,0.000,0.000,0.000,0.000,0.000,0.000,0.000,0.000,0.000,0.000,0.000,0.000,0.000,0.000
1151,22KV,52.676,41.454,57.090,74.048,79.921,75.516,65.000,65.000,69.282,74.608,92.250,5.000,87.000,84.000,149.000,119.000,125.000,121.000,65.000,65.000,101.000,112.000,95.000,5.000,2.000,3.000,2.000,3.000,2.000,2.000,0.000,0.000,2.000,1.000,1.000,0.000,0.000,2.000,23.000,0.000,0.000,0.000,0.000,0.000,0.000,0.000,0.000,0.000
1159,22KV,116.600,116.815,125.377,146.075,179.218,176.515,177.329,177.329,142.684,157.621,136.305,121.958,227.880,1786.411,373.030,948.103,259.365,252.321,177.329,177.329,209.920,196.940,179.820,248.320,3.000,4.000,3.000,4.000,0.000,0.000,0.000,0.000,1.000,1.000,1.000,4.000,0.000,1.000,1.000,1.000,0.000,0.000,0.000,0.000,0.000,0.000,0.000,7.000
1163,22KV,85.281,88.937,91.102,115.086,120.414,119.507,116.126,116.126,97.075,117.666,98.793,89.662,167.289,176.156,171.510,212.849,228.595,191.402,116.126,116.126,154.780,184.570,172.910,162.110,1.000,1.000,2.000,0.000,0.000,0.000,0.000,0.000,0.000,0.000,0.000,0.000,0.000,0.000,0.000,0.000,0.000,0.000,0.000,0.000,0.000,0.000,0.000,0.000
1171,22KV,70.630,75.637,85.748,105.994,100.480,104.833,109.359,109.359,86.676,83.012,75.072,63.911,126.110,134.800,181.470,216.156,171.127,222.924,109.359,109.359,154.770,120.860,146.350,107.380,0.000,0.000,0.000,0.000,0.000,3.000,0.000,0.000,0.000,0.000,0.000,0.000,0.000,0.000,5.000,1.000,0.000,7.000,0.000,0.000,0.000,0.000,0.000,0.000
1175,33KV,66.033,74.265,88.964,94.718,97.322,80.553,75.683,75.683,66.055,67.777,57.975,57.856,142.388,177.605,223.871,194.454,148.327,1784.616,75.683,75.683,95.980,115.040,80.650,123.330,8.000,4.000,8.000,3.000,0.000,2.000,0.000,0.000,1.000,2.000,1.000,3.000,152.000,29.000,160.000,18.000,0.000,6.000,0.000,0.000,0.000,0.000,0.000,2.000
1192,22KV,81.012,94.118,105.146,110.010,115.074,117.071,120.774,120.774,100.780,107.641,90.602,79.852,188.585,160.204,177.398,169.733,149.501,175.603,120.774,120.774,128.990,134.650,123.540,110.690,0.000,4.000,3.000,0.000,0.000,0.000,0.000,0.000,0.000,0.000,1.000,0.000,1.000,0.000,0.000,0.000,0.000,0.000,0.000,0.000,0.000,0.000,0.000,0.000
1193,22KV,71.201,61.783,73.485,71.554,123.321,170.042,123.675,123.675,101.158,117.963,92.865,86.190,211.580,112.700,249.010,146.880,294.306,299.346,123.675,123.675,174.910,243.550,169.040,184.230,4.000,1.000,3.000,0.000,1.000,0.000,0.000,0.000,0.000,0.000,0.000,0.000,220.000,0.000,159.000,2.000,58.000,0.000,0.000,0.000,0.000,11.000,0.000,39.000
1285,33KV,101.976,107.278,111.975,84.767,88.442,88.013,91.084,91.084,70.999,77.577,67.049,69.267,323.480,212.255,398.485,326.920,115.402,119.699,91.084,91.084,147.000,94.980,86.830,220.820,2.000,2.000,1.000,1.000,0.000,1.000,0.000,0.000,1.000,1.000,3.000,4.000,32.000,0.000,94.000,81.000,0.000,0.000,0.000,0.000,2.000,0.000,0.000,574.000
1289,22KV,77.964,83.731,91.361,110.393,107.131,105.782,77.071,77.071,95.114,98.822,86.314,75.314,303.100,165.525,244.620,205.496,201.889,192.142,77.071,77.071,178.400,192.050,179.660,175.000,7.000,8.000,10.000,3.000,5.000,4.000,0.000,0.000,2.000,4.000,4.000,6.000,1.000,0.000,18.000,0.000,0.000,0.000,0.000,0.000,0.000,0.000,42.000,123.000
22001,22KV,112.096,120.871,138.425,152.029,158.991,158.540,158.478,158.478,145.270,154.268,125.631,108.520,158.750,169.388,200.050,216.900,218.968,223.457,158.478,158.478,179.610,228.570,179.060,175.050,3.000,3.000,1.000,0.000,0.000,0.000,0.000,0.000,0.000,0.000,0.000,0.000,0.000,0.000,0.000,0.000,0.000,0.000,0.000,0.000,0.000,0.000,0.000,0.000
33001,33KV,102.706,114.553,121.489,143.411,154.137,155.902,165.286,165.286,126.093,136.649,119.887,103.554,243.880,220.500,239.438,596.000,220.187,220.654,165.286,165.286,155.990,189.390,165.710,250.650,1.000,2.000,1.000,1.000,1.000,0.000,0.000,0.000,0.000,0.000,1.000,0.000,132.000,0.000,0.000,46.000,0.000,0.000,0.000,0.000,0.000,0.000,0.000,72.000
33002,33KV,117.160,121.594,139.325,171.322,175.806,170.747,191.431,191.431,155.822,167.943,144.638,131.661,243.900,197.616,225.890,265.316,262.952,239.802,191.431,191.431,202.430,220.840,206.840,206.950,1.000,5.000,1.000,0.000,0.000,0.000,0.000,0.000,0.000,0.000,0.000,0.000,22.000,0.000,0.000,0.000,0.000,0.000,0.000,0.000,0.000,0.000,0.000,0.000
33003,33KV,98.072,106.387,113.073,119.592,122.671,124.844,74.000,74.000,121.272,119.200,100.639,90.024,226.000,280.000,494.000,254.000,250.000,256.000,74.000,74.000,254.000,270.000,238.000,286.000,10.000,8.000,10.000,8.000,5.000,4.000,0.000,0.000,2.000,3.000,5.000,5.000,442.000,422.000,862.000,141.000,32.000,51.000,0.000,0.000,44.000,462.000,715.000,804.000
33004,33KV,49.720,52.676,57.737,59.632,60.313,58.277,24.000,24.000,64.282,64.425,52.645,50.826,256.000,236.000,392.000,132.000,360.000,168.000,24.000,24.000,200.000,272.000,116.000,240.000,10.000,7.000,8.000,7.000,5.000,3.000,0.000,0.000,1.000,1.000,2.000,3.000,472.000,376.000,382.000,429.000,448.000,698.000,0.000,0.000,48.000,72.000,296.000,312.000
33006,33KV,114.871,123.535,149.621,164.053,162.053,157.071,149.155,149.155,171.654,155.074,129.485,114.906,387.942,453.266,1991.914,260.746,257.155,213.927,149.155,149.155,225.390,191.970,178.300,167.520,3.000,4.000,4.000,0.000,0.000,0.000,0.000,0.000,1.000,1.000,2.000,2.000,2.000,4.000,6.000,0.000,0.000,0.000,0.000,0.000,0.000,0.000,0.000,0.000
33008,33KV,111.380,110.875,126.967,137.393,149.228,142.976,133.400,133.400,112.140,117.688,114.456,124.483,216.995,227.933,230.470,273.050,272.075,275.200,133.400,133.400,254.690,238.680,160.550,250.000,4.000,6.000,6.000,1.000,6.000,2.000,0.000,0.000,0.000,1.000,0.000,4.000,0.000,10.000,0.000,0.000,0.000,0.000,0.000,0.000,52.000,10.000,0.000,16.000
33009,33KV,144.255,154.066,176.692,194.272,191.267,188.395,183.268,183.268,172.158,188.179,160.090,137.960,253.702,244.035,467.350,1462.689,379.656,266.408,183.268,183.268,224.150,253.290,228.430,271.930,2.000,2.000,3.000,0.000,0.000,0.000,0.000,0.000,0.000,0.000,0.000,1.000,0.000,0.000,2.000,2.000,0.000,0.000,0.000,0.000,0.000,0.000,0.000,0.000
33010,33KV,92.195,100.376,113.460,133.005,142.960,139.754,147.952,147.952,120.782,132.675,,,210.636,174.220,206.070,200.380,199.640,260.673,147.952,147.952,167.160,173.420,,,1.000,0.000,5.000,2.000,0.000,0.000,0.000,0.000,0.000,0.000,,,150.000,0.000,0.000,0.000,0.000,0.000,0.000,0.000,0.000,0.000,,
33011,33KV,101.697,111.630,129.934,150.063,137.964,139.820,148.887,148.887,124.829,134.572,118.833,100.787,189.369,217.530,246.770,1201.731,625.603,242.987,148.887,148.887,259.490,207.850,235.860,176.860,3.000,2.000,2.000,2.000,1.000,0.000,0.000,0.000,0.000,1.000,1.000,0.000,0.000,0.000,0.000,2.000,2.000,0.000,0.000,0.000,16.000,0.000,0.000,0.000
33012,22KV,,48.375,52.386,58.186,,,,,,,,,,111.080,94.410,80.560,,,,,,,,,,0.000,0.000,0.000,,,,,,,,,,30.000,0.000,0.000,,,,,,,,
33012,33KV,68.370,83.778,99.386,129.559,168.052,165.045,162.668,162.668,45.930,45.930,48.230,45.003,240.878,227.863,204.700,340.488,282.080,266.799,162.668,162.668,45.930,45.930,96.650,86.380,0.000,0.000,0.000,0.000,0.000,0.000,0.000,0.000,0.000,0.000,1.000,0.000,170.000,86.000,16.000,2.000,0.000,0.000,0.000,0.000,0.000,0.000,4.000,0.000
33015,33KV,110.929,117.106,136.562,165.189,170.221,157.739,152.000,152.000,129.450,149.232,128.927,111.327,242.000,238.000,242.000,262.000,266.000,276.000,152.000,152.000,192.000,266.000,226.000,244.000,0.000,0.000,2.000,0.000,0.000,1.000,0.000,0.000,0.000,0.000,0.000,0.000,66.000,2.000,0.000,0.000,0.000,0.000,0.000,0.000,0.000,0.000,0.000,8.000
33018,33KV,111.303,69.006,75.266,93.100,99.881,103.680,92.315,92.315,76.731,177.467,170.105,146.915,241.520,193.110,193.082,209.700,217.885,201.171,92.315,92.315,216.620,273.330,232.750,230.970,2.000,0.000,1.000,3.000,0.000,2.000,0.000,0.000,0.000,1.000,0.000,0.000,28.000,78.000,34.000,2.000,2.000,0.000,0.000,0.000,4.000,0.000,0.000,0.000
33019,33KV,125.940,125.680,149.380,181.326,209.432,207.816,215.370,215.370,221.602,237.394,209.295,212.474,272.219,215.798,249.700,269.139,290.730,332.374,215.370,215.370,295.800,306.650,279.960,300.500,0.000,0.000,0.000,0.000,0.000,0.000,0.000,0.000,1.000,0.000,1.000,0.000,46.000,0.000,0.000,0.000,0.000,0.000,0.000,0.000,0.000,0.000,0.000,0.000
33020,33KV,93.483,101.499,110.164,130.045,149.730,137.260,144.656,144.656,108.054,116.184,99.603,97.162,171.691,296.597,219.146,511.374,273.829,242.530,144.656,144.656,186.360,251.120,374.790,231.010,1.000,1.000,2.000,3.000,1.000,1.000,0.000,0.000,0.000,1.000,1.000,1.000,0.000,2.000,0.000,9.000,0.000,0.000,0.000,0.000,0.000,6.000,2.000,30.000
33021,33KV,80.187,84.541,86.970,109.499,138.415,129.436,114.650,114.650,93.442,110.855,90.574,76.265,129.104,146.490,164.651,268.560,233.401,216.604,114.650,114.650,139.060,170.710,142.970,182.420,8.000,6.000,6.000,8.000,4.000,2.000,0.000,0.000,1.000,4.000,1.000,5.000,0.000,0.000,0.000,12.000,0.000,0.000,0.000,0.000,0.000,0.000,0.000,4.000
33022,33KV,79.301,82.771,96.710,111.923,128.764,122.890,112.697,112.697,88.598,104.066,85.437,74.842,200.390,231.640,227.151,270.122,273.247,198.245,112.697,112.697,119.920,164.070,151.960,123.440,8.000,6.000,8.000,8.000,3.000,3.000,0.000,0.000,2.000,5.000,5.000,5.000,130.000,58.000,66.000,62.000,6.000,0.000,0.000,0.000,0.000,0.000,0.000,0.000
33024,33KV,147.670,157.553,165.861,182.922,189.017,184.970,182.190,182.190,151.080,169.831,155.115,140.746,268.530,270.480,264.030,277.680,267.895,275.904,182.190,182.190,211.640,282.870,227.450,251.710,1.000,0.000,1.000,2.000,0.000,1.000,0.000,0.000,0.000,0.000,0.000,0.000,0.000,0.000,0.000,0.000,0.000,0.000,0.000,0.000,0.000,0.000,0.000,0.000
33026,33KV,100.617,104.544,117.864,134.152,138.035,137.424,143.593,143.593,111.500,129.662,119.368,104.599,203.269,249.548,219.320,246.530,239.554,254.712,143.593,143.593,177.370,229.280,216.680,181.600,0.000,1.000,0.000,0.000,1.000,0.000,0.000,0.000,0.000,0.000,0.000,0.000,2.000,110.000,0.000,0.000,0.000,0.000,0.000,0.000,0.000,0.000,0.000,0.000
33027,33KV,129.905,138.495,159.792,171.229,180.393,173.891,150.431,150.431,162.289,171.740,135.188,124.176,237.000,256.000,258.532,258.000,275.375,260.651,150.431,150.431,244.290,304.300,201.220,251.340,6.000,5.000,4.000,3.000,0.000,1.000,0.000,0.000,1.000,1.000,0.000,0.000,0.000,0.000,0.000,0.000,0.000,0.000,0.000,0.000,0.000,0.000,0.000,2.000
33030,33KV,129.093,133.072,145.299,161.378,164.498,160.822,159.651,159.651,142.965,165.705,154.562,144.715,248.600,269.581,242.520,320.563,227.772,294.324,159.651,159.651,183.170,233.070,204.540,275.580,4.000,5.000,4.000,1.000,0.000,0.000,0.000,0.000,0.000,0.000,1.000,2.000,0.000,2.000,0.000,0.000,0.000,0.000,0.000,0.000,0.000,0.000,0.000,0.000
33031,33KV,127.376,146.347,142.871,179.750,193.072,187.380,196.914,196.914,157.938,175.771,151.872,132.697,224.627,278.396,290.997,286.433,294.047,293.886,196.914,196.914,212.180,235.550,221.770,219.830,3.000,3.000,5.000,3.000,2.000,1.000,0.000,0.000,0.000,0.000,0.000,0.000,0.000,0.000,12.000,0.000,0.000,0.000,0.000,0.000,0.000,0.000,0.000,0.000
33032,33KV,112.840,131.114,148.903,175.898,190.065,184.188,186.755,186.755,142.600,148.443,120.207,87.081,203.075,217.520,226.590,269.560,393.461,265.647,186.755,186.755,188.380,197.220,174.250,161.480,7.000,1.000,0.000,0.000,0.000,1.000,0.000,0.000,0.000,0.000,0.000,0.000,0.000,0.000,0.000,0.000,2.000,0.000,0.000,0.000,0.000,0.000,0.000,0.000
33035,33KV,68.633,79.633,87.424,89.054,88.170,89.729,92.910,92.910,132.844,83.881,73.079,49.321,162.440,154.635,157.054,176.757,154.116,189.199,92.910,92.910,238.930,261.360,161.470,233.910,5.000,4.000,2.000,4.000,0.000,1.000,0.000,0.000,1.000,2.000,1.000,2.000,2.000,0.000,0.000,0.000,0.000,12.000,0.000,0.000,0.000,380.000,36.000,90.000
33036,33KV,113.029,119.379,135.943,160.763,164.249,153.106,143.934,143.934,138.165,148.484,132.374,115.376,169.990,240.257,215.390,283.523,237.222,553.325,143.934,143.934,265.860,209.800,196.300,187.380,2.000,4.000,4.000,3.000,0.000,1.000,0.000,0.000,0.000,1.000,1.000,1.000,0.000,2.000,0.000,0.000,0.000,2.000,0.000,0.000,0.000,0.000,0.000,0.000
33037,33KV,122.283,130.458,154.500,176.629,191.433,187.699,199.754,199.754,160.050,171.712,142.045,125.525,250.670,242.233,271.840,490.750,253.564,281.704,199.754,199.754,229.220,221.000,187.970,214.690,2.000,4.000,3.000,1.000,0.000,1.000,0.000,0.000,0.000,0.000,2.000,2.000,8.000,0.000,0.000,2.000,0.000,0.000,0.000,0.000,0.000,0.000,0.000,0.000
33038,33KV,65.406,68.986,73.806,84.687,89.740,86.056,88.027,88.027,72.813,79.215,72.128,59.355,164.535,144.013,156.700,149.423,146.917,142.272,88.027,88.027,113.430,182.610,115.210,124.830,1.000,3.000,2.000,1.000,0.000,0.000,0.000,0.000,0.000,0.000,0.000,0.000,136.000,14.000,2.000,0.000,0.000,0.000,0.000,0.000,0.000,2.000,0.000,34.000
33039,33KV,65.612,69.289,74.031,85.024,89.849,86.126,88.343,88.343,72.730,79.167,71.070,58.240,147.870,144.306,122.630,150.504,147.828,142.319,88.343,88.343,113.220,123.790,115.190,112.950,1.000,3.000,2.000,1.000,0.000,0.000,0.000,0.000,0.000,0.000,0.000,0.000,140.000,14.000,0.000,0.000,0.000,0.000,0.000,0.000,0.000,0.000,0.000,0.000
33040,33KV,105.892,109.585,124.844,142.501,150.981,159.465,157.981,157.981,124.136,134.182,120.629,103.171,281.086,201.546,263.704,254.410,244.105,263.401,157.981,157.981,208.760,213.050,200.570,191.310,8.000,4.000,8.000,6.000,4.000,2.000,0.000,0.000,1.000,3.000,1.000,3.000,14.000,0.000,34.000,0.000,0.000,0.000,0.000,0.000,0.000,0.000,0.000,0.000
33041,33KV,87.594,93.395,104.515,126.424,136.984,129.914,129.567,129.567,102.531,114.383,96.811,82.307,238.680,260.830,169.270,368.217,228.882,220.311,129.567,129.567,155.830,178.170,160.830,143.220,1.000,5.000,6.000,4.000,2.000,1.000,0.000,0.000,1.000,3.000,1.000,0.000,110.000,84.000,0.000,2.000,0.000,0.000,0.000,0.000,0.000,0.000,0.000,0.000
33043,33KV,96.681,95.935,108.187,128.875,147.754,144.918,140.350,140.350,125.323,135.289,113.610,90.552,421.150,206.000,230.000,215.668,233.927,232.228,140.350,140.350,250.590,204.210,158.960,150.610,2.000,0.000,0.000,0.000,0.000,2.000,0.000,0.000,0.000,1.000,0.000,0.000,70.000,32.000,20.000,0.000,0.000,0.000,0.000,0.000,0.000,0.000,0.000,0.000
33044,33KV,116.389,124.073,129.004,145.988,144.594,143.852,127.484,127.484,127.793,144.646,111.916,105.864,278.000,288.000,272.000,275.495,251.894,246.189,127.484,127.484,216.850,276.540,205.520,203.730,5.000,2.000,4.000,4.000,2.000,0.000,0.000,0.000,1.000,1.000,1.000,0.000,180.000,6.000,9.000,0.000,0.000,0.000,0.000,0.000,0.000,0.000,0.000,0.000
33045,33KV,119.250,118.102,124.860,129.273,133.169,142.376,120.904,120.904,130.248,137.392,112.830,113.521,304.000,278.517,266.000,243.000,239.210,238.760,120.904,120.904,273.810,317.410,215.390,236.260,4.000,3.000,4.000,4.000,3.000,1.000,0.000,0.000,1.000,1.000,1.000,0.000,322.000,411.000,129.000,0.000,0.000,0.000,0.000,0.000,89.000,61.000,0.000,45.000
33047,22KV,73.757,89.466,73.326,81.136,85.536,87.083,70.494,70.494,69.727,78.107,70.199,63.546,147.800,195.670,155.660,296.630,162.310,153.285,70.494,70.494,157.970,145.960,176.870,151.730,5.000,5.000,9.000,5.000,4.000,3.000,0.000,0.000,1.000,4.000,4.000,3.000,1.000,81.000,11.000,1.000,0.000,0.000,0.000,0.000,11.000,0.000,43.000,7.000
33049,33KV,104.431,107.307,116.117,128.232,131.356,126.049,134.231,134.231,115.806,118.668,100.870,104.191,192.761,209.910,229.130,236.340,307.790,241.744,134.231,134.231,199.350,218.130,203.760,201.820,1.000,2.000,3.000,1.000,0.000,1.000,0.000,0.000,0.000,1.000,0.000,0.000,0.000,0.000,0.000,0.000,2.000,0.000,0.000,0.000,0.000,0.000,2.000,0.000
33050,33KV,96.731,107.543,122.537,138.336,140.988,137.647,128.025,128.025,125.700,140.298,120.561,110.332,199.426,262.403,227.880,234.091,1687.527,224.700,128.025,128.025,221.940,238.370,215.310,176.910,3.000,3.000,4.000,3.000,1.000,1.000,0.000,0.000,0.000,1.000,1.000,1.000,2.000,80.000,0.000,0.000,2.000,0.000,0.000,0.000,0.000,0.000,0.000,0.000
33051,33KV,119.437,117.874,122.948,142.413,154.313,165.401,164.071,164.071,129.054,138.917,121.568,110.581,231.190,1705.757,489.312,218.071,213.513,253.012,164.071,164.071,164.070,177.610,154.680,157.860,2.000,2.000,4.000,4.000,2.000,0.000,0.000,0.000,0.000,1.000,0.000,0.000,0.000,10.000,2.000,0.000,0.000,0.000,0.000,0.000,0.000,0.000,0.000,0.000
33052,33KV,95.519,100.490,111.346,133.783,150.298,134.954,148.805,148.805,119.117,129.797,112.063,100.560,195.760,172.870,255.000,212.668,336.583,195.186,148.805,148.805,196.310,175.160,170.790,177.850,0.000,3.000,3.000,3.000,1.000,0.000,0.000,0.000,0.000,0.000,0.000,0.000,4.000,0.000,6.000,0.000,8.000,0.000,0.000,0.000,0.000,0.000,0.000,0.000
33053,22KV,67.952,69.053,79.521,93.342,103.323,100.549,102.984,102.984,84.989,93.342,81.998,67.096,118.498,140.130,125.970,186.032,171.445,183.829,102.984,102.984,107.490,120.000,116.000,121.630,3.000,2.000,3.000,0.000,0.000,1.000,0.000,0.000,0.000,0.000,0.000,1.000,0.000,1.000,0.000,0.000,0.000,0.000,0.000,0.000,0.000,0.000,0.000,0.000
33054,22KV,79.560,84.991,97.041,122.295,115.759,109.316,118.446,118.446,87.767,99.833,92.325,85.926,216.892,154.827,184.000,213.720,213.862,184.749,118.446,118.446,118.070,141.910,128.270,132.830,2.000,1.000,1.000,0.000,0.000,0.000,0.000,0.000,0.000,0.000,0.000,1.000,1.000,0.000,0.000,0.000,0.000,0.000,0.000,0.000,0.000,0.000,0.000,0.000
33055,33KV,117.508,129.129,155.688,172.470,178.715,169.314,168.352,168.352,150.475,160.520,132.779,107.376,178.710,236.850,245.000,220.140,228.705,219.452,168.352,168.352,194.590,202.460,249.970,201.220,0.000,1.000,3.000,1.000,0.000,0.000,0.000,0.000,0.000,0.000,1.000,0.000,0.000,0.000,0.000,0.000,0.000,0.000,0.000,0.000,0.000,0.000,0.000,0.000
33056,33KV,113.019,118.002,132.955,151.391,160.088,163.996,157.728,157.728,125.137,136.389,122.724,112.128,176.370,216.720,248.130,258.430,262.656,271.888,157.728,157.728,172.020,203.900,242.420,181.040,2.000,3.000,2.000,4.000,0.000,0.000,0.000,0.000,1.000,2.000,1.000,3.000,0.000,0.000,0.000,0.000,0.000,0.000,0.000,0.000,0.000,0.000,0.000,0.000
33059,33KV,97.525,100.162,89.424,119.949,139.793,166.428,159.562,159.562,77.705,119.027,100.330,91.733,192.310,228.630,158.670,194.899,228.227,242.913,159.562,159.562,174.180,203.100,155.920,179.600,2.000,0.000,3.000,3.000,0.000,1.000,0.000,0.000,1.000,1.000,0.000,0.000,0.000,30.000,0.000,0.000,0.000,0.000,0.000,0.000,26.000,0.000,0.000,0.000
33060,33KV,91.954,94.074,108.658,129.762,143.752,132.288,125.118,125.118,42.594,125.452,110.029,99.984,214.660,168.890,199.850,453.958,206.317,877.497,125.118,125.118,169.740,184.200,452.940,215.850,4.000,4.000,3.000,3.000,0.000,0.000,0.000,0.000,1.000,1.000,1.000,3.000,64.000,0.000,0.000,2.000,0.000,6.000,0.000,0.000,560.000,0.000,2.000,30.000
33061,22KV,33.181,34.649,37.781,30.665,31.136,45.140,31.223,31.223,37.029,39.847,34.481,30.447,166.300,87.750,88.410,92.401,94.739,93.835,31.223,31.223,79.360,89.340,160.250,87.130,9.000,8.000,10.000,2.000,1.000,4.000,0.000,0.000,3.000,4.000,4.000,5.000,37.000,57.000,193.000,596.000,580.000,18.000,0.000,0.000,33.000,110.000,186.000,134.000
33062,22KV,73.396,76.714,82.722,94.449,102.555,10.798,0.920,0.920,1.216,1.221,1.217,1.119,211.883,212.163,260.606,130.692,157.509,88.416,0.920,0.920,3.700,2.030,2.140,24.220,0.000,0.000,0.000,0.000,0.000,0.000,0.000,0.000,1.000,1.000,0.000,0.000,2.000,1.000,1.000,0.000,0.000,737.000,0.000,0.000,1.000,0.000,0.000,2.000
33063,22KV,63.432,73.660,74.081,83.463,92.070,85.296,54.871,54.871,67.401,72.590,61.259,60.972,203.150,187.640,196.830,177.920,172.922,174.455,54.871,54.871,175.830,156.030,148.120,141.130,9.000,7.000,10.000,6.000,4.000,4.000,0.000,0.000,2.000,4.000,2.000,4.000,65.000,364.000,576.000,15.000,0.000,7.000,0.000,0.000,31.000,112.000,135.000,139.000
33064,22KV,55.400,59.363,65.128,100.052,66.610,84.656,53.216,53.216,76.533,67.660,62.330,52.203,134.890,289.140,170.570,238.295,129.602,196.096,53.216,53.216,189.960,192.740,185.870,104.240,8.000,8.000,8.000,6.000,5.000,3.000,0.000,0.000,2.000,4.000,5.000,4.000,137.000,498.000,765.000,310.000,0.000,141.000,0.000,0.000,83.000,110.000,212.000,0.000
33065,33KV,69.847,69.694,77.925,90.968,95.514,101.921,76.000,76.000,83.193,82.482,73.707,66.189,224.000,160.000,244.000,136.000,1602.000,180.000,76.000,76.000,178.000,128.000,134.000,114.000,7.000,8.000,8.000,6.000,5.000,4.000,0.000,0.000,2.000,5.000,4.000,6.000,108.000,4.000,112.000,0.000,2.000,0.000,0.000,0.000,12.000,0.000,0.000,0.000
33066,33KV,80.653,80.316,98.106,103.226,108.319,106.181,92.000,92.000,100.192,108.824,89.812,89.903,236.000,270.000,248.000,186.000,184.000,182.000,92.000,92.000,272.000,204.000,158.000,194.000,9.000,7.000,9.000,7.000,4.000,4.000,0.000,0.000,3.000,4.000,2.000,4.000,80.000,138.000,48.000,0.000,0.000,0.000,0.000,0.000,34.000,0.000,0.000,54.000
33067,33KV,93.609,94.625,111.311,115.494,123.426,108.062,106.000,106.000,105.034,113.410,99.900,93.814,288.000,280.000,288.000,212.000,242.000,204.000,106.000,106.000,186.000,202.000,188.000,258.000,8.000,8.000,8.000,8.000,5.000,4.000,0.000,0.000,2.000,4.000,5.000,6.000,340.000,243.000,460.000,0.000,0.000,0.000,0.000,0.000,0.000,0.000,0.000,88.000
33069,22KV,119.276,115.015,122.654,140.289,153.943,145.176,151.641,151.641,127.147,134.348,113.797,99.488,239.615,181.403,218.350,211.718,226.081,230.293,151.641,151.641,200.810,178.780,163.590,177.470,3.000,1.000,1.000,0.000,0.000,0.000,0.000,0.000,0.000,0.000,1.000,0.000,1.000,0.000,0.000,0.000,0.000,0.000,0.000,0.000,0.000,0.000,0.000,0.000
33070,33KV,137.013,147.633,168.350,186.790,161.334,146.543,161.033,161.033,171.862,184.702,155.025,138.214,238.787,281.600,1694.570,1125.708,258.674,258.950,161.033,161.033,237.820,265.300,214.760,200.390,0.000,0.000,1.000,2.000,0.000,1.000,0.000,0.000,1.000,0.000,0.000,0.000,0.000,0.000,2.000,4.000,0.000,0.000,0.000,0.000,0.000,0.000,0.000,0.000
33073,22KV,84.162,106.441,127.708,139.427,141.621,144.384,151.000,151.000,106.921,132.824,101.497,76.152,200.000,211.000,221.000,249.000,240.000,381.000,151.000,151.000,171.000,253.000,194.000,159.000,2.000,5.000,2.000,1.000,0.000,1.000,0.000,0.000,0.000,0.000,2.000,1.000,72.000,0.000,0.000,0.000,0.000,1.000,0.000,0.000,0.000,0.000,0.000,6.000
33074,33KV,30.306,34.545,42.233,44.142,42.602,46.436,47.808,47.808,,,32.327,33.400,64.450,97.990,116.300,123.430,642.198,74.900,47.808,47.808,,,46.000,83.830,0.000,1.000,0.000,2.000,3.000,1.000,0.000,0.000,,,0.000,0.000,40.000,346.000,28.000,16.000,6.000,0.000,0.000,0.000,,,0.000,6.000
33075,33KV,60.138,61.189,73.851,78.384,92.262,95.722,99.292,99.292,67.411,77.919,73.166,59.787,401.200,506.449,137.884,147.156,128.915,172.650,99.292,99.292,91.000,111.770,160.890,99.250,0.000,0.000,8.000,2.000,0.000,1.000,0.000,0.000,0.000,0.000,0.000,0.000,4.000,2.000,0.000,0.000,0.000,0.000,0.000,0.000,0.000,0.000,22.000,0.000
33080,33KV,125.146,137.564,132.830,166.213,178.073,162.913,183.533,183.533,147.576,159.923,138.200,122.832,407.915,828.318,698.840,277.991,290.181,376.718,183.533,183.533,236.950,248.150,222.000,239.390,2.000,2.000,4.000,4.000,1.000,0.000,0.000,0.000,0.000,0.000,0.000,0.000,2.000,4.000,36.000,0.000,0.000,4.000,0.000,0.000,0.000,0.000,0.000,0.000
33081,33KV,66.644,71.595,78.612,79.895,90.225,99.103,108.400,108.400,80.052,85.193,71.306,61.771,147.072,181.640,208.990,135.354,288.091,162.698,108.400,108.400,162.500,117.190,166.020,96.880,8.000,6.000,5.000,6.000,3.000,4.000,0.000,0.000,3.000,5.000,4.000,2.000,14.000,8.000,4.000,0.000,4.000,0.000,0.000,0.000,2.000,0.000,4.000,0.000
33082,33KV,117.026,126.755,146.800,181.366,176.387,167.230,171.592,171.592,153.152,155.651,133.437,115.280,213.870,274.348,228.250,451.184,254.804,240.769,171.592,171.592,247.040,198.550,232.710,173.880,0.000,2.000,2.000,1.000,0.000,1.000,0.000,0.000,1.000,0.000,0.000,0.000,0.000,30.000,0.000,2.000,0.000,0.000,0.000,0.000,0.000,0.000,0.000,0.000
33084,33KV,119.854,128.787,141.186,165.257,175.903,161.021,160.425,160.425,132.142,143.470,130.660,108.463,208.560,218.361,236.510,242.770,254.749,307.087,160.425,160.425,190.180,237.170,231.090,383.570,2.000,4.000,0.000,2.000,0.000,0.000,0.000,0.000,0.000,1.000,0.000,0.000,0.000,0.000,0.000,0.000,0.000,0.000,0.000,0.000,0.000,0.000,0.000,18.000
33085,22KV,89.041,94.711,106.319,117.317,114.660,110.367,103.306,103.306,88.894,97.652,83.967,69.111,186.284,193.240,209.870,167.663,204.422,220.011,103.306,103.306,131.370,170.340,147.920,120.210,5.000,4.000,1.000,1.000,1.000,2.000,0.000,0.000,1.000,3.000,1.000,0.000,5.000,2.000,0.000,0.000,0.000,0.000,0.000,0.000,0.000,0.000,0.000,0.000
33086,33KV,76.273,87.089,90.964,106.847,111.357,106.340,58.000,58.000,106.909,112.808,92.339,85.897,192.000,260.000,256.000,236.000,230.000,232.000,58.000,58.000,224.000,258.000,216.000,236.000,11.000,8.000,10.000,8.000,5.000,4.000,0.000,0.000,1.000,3.000,3.000,5.000,1340.000,830.000,1476.000,463.000,82.000,346.000,0.000,0.000,36.000,274.000,634.000,660.000
33087,33KV,116.801,120.200,132.972,161.802,174.846,172.950,166.931,166.931,142.799,154.153,126.744,111.037,196.950,256.830,220.280,243.198,357.469,247.434,166.931,166.931,224.000,254.280,182.260,170.300,6.000,1.000,5.000,0.000,0.000,1.000,0.000,0.000,0.000,1.000,1.000,0.000,0.000,6.000,0.000,0.000,2.000,0.000,0.000,0.000,0.000,0.000,0.000,0.000
33088,33KV,103.687,110.408,139.602,171.244,187.597,167.507,173.377,173.377,161.096,162.941,126.277,105.295,179.200,191.600,337.730,266.115,260.754,467.900,173.377,173.377,209.370,242.500,184.890,159.900,0.000,0.000,1.000,1.000,0.000,0.000,0.000,0.000,0.000,0.000,0.000,0.000,0.000,0.000,2.000,0.000,0.000,2.000,0.000,0.000,0.000,0.000,0.000,0.000
33090,33KV,130.302,129.718,143.664,160.335,168.096,168.998,155.976,155.976,146.567,158.947,142.716,122.878,266.500,272.560,261.180,278.810,259.210,298.860,155.976,155.976,223.080,247.450,257.510,214.780,4.000,3.000,5.000,5.000,2.000,2.000,0.000,0.000,0.000,1.000,2.000,2.000,4.000,28.000,0.000,0.000,0.000,0.000,0.000,0.000,0.000,0.000,0.000,0.000
33093,33KV,68.967,70.003,83.429,94.894,104.729,115.147,118.271,118.271,101.258,85.377,70.485,77.598,230.260,130.000,236.000,186.643,174.844,176.477,118.271,118.271,160.800,123.550,147.230,119.420,5.000,5.000,4.000,3.000,3.000,1.000,0.000,0.000,2.000,1.000,1.000,2.000,142.000,0.000,70.000,0.000,0.000,0.000,0.000,0.000,0.000,0.000,2.000,0.000
33094,22KV,70.327,70.978,94.353,117.406,125.223,114.874,123.291,123.291,123.873,125.135,108.510,89.555,123.030,154.069,183.000,220.605,217.204,185.652,123.291,123.291,189.330,185.280,167.570,163.440,4.000,3.000,0.000,0.000,0.000,0.000,0.000,0.000,2.000,0.000,1.000,1.000,0.000,13.000,0.000,0.000,0.000,0.000,0.000,0.000,0.000,0.000,0.000,0.000
33095,33KV,90.142,104.108,107.808,129.875,148.049,135.187,121.106,121.106,98.303,105.266,89.073,82.878,185.661,209.880,236.004,249.709,276.062,259.102,121.106,121.106,188.350,203.260,278.680,179.140,8.000,8.000,9.000,8.000,5.000,3.000,0.000,0.000,2.000,4.000,3.000,5.000,14.000,2.000,62.000,0.000,0.000,0.000,0.000,0.000,0.000,0.000,39.000,132.000
33096,22KV,85.888,90.692,95.760,96.988,104.895,112.860,91.935,91.935,,,,,168.405,233.293,195.136,179.068,202.312,232.901,91.935,91.935,,,,,5.000,4.000,4.000,5.000,5.000,2.000,0.000,0.000,,,,,0.000,13.000,1.000,0.000,0.000,12.000,0.000,0.000,,,,
33096,33KV,82.401,84.939,87.319,97.875,,,,,89.763,93.805,84.381,82.123,189.890,223.490,255.190,258.940,,,,,187.350,167.300,242.800,253.240,4.000,4.000,5.000,2.000,,,,,2.000,3.000,3.000,5.000,12.000,62.000,86.000,10.000,,,,,2.000,0.000,142.000,110.000
33097,33KV,107.480,114.975,125.041,146.989,157.811,146.493,132.593,132.593,123.616,134.708,112.895,105.379,231.940,238.050,198.470,369.148,318.173,236.524,132.593,132.593,190.990,202.670,173.860,178.170,0.000,2.000,4.000,2.000,0.000,1.000,0.000,0.000,1.000,0.000,0.000,0.000,36.000,12.000,0.000,2.000,2.000,0.000,0.000,0.000,0.000,0.000,0.000,0.000
33098,33KV,116.013,125.307,144.346,163.611,174.245,166.276,160.972,160.972,140.301,159.134,131.671,124.389,218.099,273.950,242.860,538.707,257.276,250.135,160.972,160.972,194.200,238.830,189.510,275.150,1.000,3.000,3.000,2.000,0.000,1.000,0.000,0.000,0.000,0.000,0.000,3.000,0.000,30.000,0.000,6.000,0.000,0.000,0.000,0.000,0.000,0.000,0.000,22.000
33099,33KV,107.222,112.784,123.219,139.569,146.021,135.996,129.384,129.384,121.319,131.940,120.410,109.266,191.030,233.730,220.736,417.644,296.997,236.111,129.384,129.384,183.980,211.500,207.590,184.330,6.000,5.000,4.000,3.000,2.000,1.000,0.000,0.000,0.000,2.000,2.000,3.000,0.000,16.000,0.000,2.000,2.000,0.000,0.000,0.000,0.000,0.000,0.000,0.000
33100,22KV,123.123,128.557,150.458,171.628,163.688,165.137,185.452,185.452,149.092,159.966,132.535,120.928,227.055,214.358,246.480,244.438,259.672,247.953,185.452,185.452,196.100,215.430,203.910,183.280,0.000,2.000,4.000,0.000,0.000,1.000,0.000,0.000,1.000,0.000,1.000,1.000,0.000,0.000,0.000,0.000,0.000,0.000,0.000,0.000,0.000,0.000,0.000,0.000
33101,33KV,51.163,54.222,68.373,76.069,97.739,78.788,59.549,59.549,68.812,80.904,67.250,53.656,97.700,92.910,261.620,113.458,267.999,274.476,59.549,59.549,106.870,221.560,100.980,214.230,0.000,0.000,4.000,0.000,3.000,3.000,0.000,0.000,1.000,0.000,1.000,0.000,0.000,0.000,270.000,0.000,262.000,409.000,0.000,0.000,0.000,38.000,0.000,4.000
33102,33KV,100.707,105.614,118.712,138.229,147.778,121.633,140.475,140.475,119.083,129.468,111.967,103.277,176.457,188.804,237.490,277.058,243.372,214.526,140.475,140.475,180.760,180.320,175.750,175.750,0.000,0.000,2.000,0.000,1.000,0.000,0.000,0.000,0.000,0.000,0.000,0.000,0.000,0.000,2.000,2.000,0.000,0.000,0.000,0.000,0.000,0.000,0.000,0.000
33104,33KV,113.834,107.691,118.580,157.583,179.164,182.305,190.720,190.720,126.572,145.175,129.155,108.667,233.325,244.944,246.901,248.216,275.690,278.639,190.720,190.720,182.810,214.020,207.410,186.870,0.000,3.000,5.000,3.000,2.000,1.000,0.000,0.000,0.000,0.000,0.000,0.000,2.000,42.000,2.000,0.000,0.000,0.000,0.000,0.000,0.000,0.000,0.000,0.000
33105,33KV,131.787,129.750,138.054,171.059,179.479,182.026,170.322,170.322,138.486,147.422,138.528,127.734,232.618,402.174,245.990,279.975,292.933,256.522,170.322,170.322,188.790,216.160,185.380,192.630,1.000,1.000,2.000,3.000,1.000,1.000,0.000,0.000,0.000,1.000,0.000,0.000,0.000,2.000,0.000,0.000,0.000,0.000,0.000,0.000,0.000,0.000,0.000,0.000
33106,33KV,144.927,154.521,171.156,186.615,191.049,180.963,181.981,181.981,184.440,200.827,175.117,158.383,236.307,249.060,270.420,287.990,271.175,800.005,181.981,181.981,246.380,273.690,242.510,254.870,4.000,3.000,3.000,4.000,0.000,1.000,0.000,0.000,1.000,0.000,0.000,0.000,0.000,0.000,0.000,0.000,0.000,2.000,0.000,0.000,0.000,0.000,0.000,0.000
33107,33KV,108.828,118.722,126.558,131.686,137.211,147.438,136.744,136.744,115.776,128.628,120.388,106.288,215.690,205.070,222.700,195.227,242.830,247.159,136.744,136.744,194.510,245.510,185.000,205.790,2.000,4.000,5.000,0.000,2.000,0.000,0.000,0.000,0.000,0.000,0.000,0.000,0.000,0.000,0.000,0.000,0.000,0.000,0.000,0.000,0.000,0.000,0.000,0.000
33109,33KV,121.316,132.034,142.908,166.202,177.253,173.407,170.148,170.148,160.415,173.658,138.257,120.065,162.830,245.690,250.111,497.737,892.446,255.359,170.148,170.148,189.480,210.340,186.440,182.720,2.000,5.000,4.000,1.000,1.000,1.000,0.000,0.000,0.000,0.000,1.000,0.000,0.000,0.000,0.000,2.000,2.000,0.000,0.000,0.000,0.000,0.000,0.000,0.000
33111,22KV,78.250,79.107,93.711,106.380,118.922,115.340,132.000,132.000,86.490,97.261,84.288,72.450,168.000,142.000,128.000,181.000,172.000,166.000,132.000,132.000,112.000,131.000,124.000,107.000,1.000,0.000,1.000,0.000,0.000,0.000,0.000,0.000,0.000,0.000,0.000,0.000,1.000,0.000,0.000,0.000,0.000,0.000,0.000,0.000,0.000,0.000,0.000,0.000
33112,33KV,85.804,104.253,101.922,132.832,135.022,124.263,116.760,116.760,102.941,118.580,107.302,94.576,249.620,211.440,197.740,262.707,243.163,259.936,116.760,116.760,190.350,289.470,222.210,204.220,6.000,6.000,6.000,6.000,3.000,3.000,0.000,0.000,1.000,3.000,4.000,4.000,58.000,2.000,0.000,0.000,0.000,4.000,0.000,0.000,0.000,8.000,18.000,2.000
33115,33KV,67.304,76.648,80.547,99.412,113.589,107.188,110.644,110.644,91.418,96.741,79.034,67.980,102.200,146.815,134.287,162.280,155.141,160.459,110.644,110.644,152.380,498.570,119.460,124.710,1.000,5.000,0.000,1.000,0.000,0.000,0.000,0.000,0.000,0.000,0.000,0.000,0.000,0.000,0.000,0.000,0.000,0.000,0.000,0.000,0.000,10.000,0.000,0.000
33116,33KV,32.701,36.942,39.190,42.244,41.676,39.470,36.736,36.736,37.275,43.651,32.251,33.219,59.940,603.941,100.540,140.870,95.017,65.463,36.736,36.736,73.060,164.070,438.350,98.750,2.000,3.000,3.000,4.000,0.000,0.000,0.000,0.000,1.000,0.000,1.000,0.000,0.000,12.000,4.000,2.000,4.000,0.000,0.000,0.000,0.000,242.000,46.000,12.000
33118,33KV,135.381,136.678,163.583,177.602,178.110,162.859,151.683,151.683,142.421,160.804,135.578,119.676,300.520,243.180,250.500,265.123,275.149,283.816,151.683,151.683,194.300,208.890,185.720,176.760,3.000,4.000,4.000,2.000,0.000,1.000,0.000,0.000,1.000,0.000,1.000,2.000,2.000,0.000,0.000,0.000,0.000,0.000,0.000,0.000,0.000,0.000,0.000,0.000
33119,33KV,138.924,136.612,171.917,198.172,210.179,203.051,217.032,217.032,181.595,193.731,166.366,138.942,300.520,207.472,247.980,283.050,1269.978,278.254,217.032,217.032,267.110,249.440,227.460,209.750,0.000,3.000,3.000,1.000,0.000,0.000,0.000,0.000,0.000,1.000,0.000,0.000,2.000,0.000,0.000,0.000,2.000,0.000,0.000,0.000,0.000,0.000,0.000,0.000
33120,22KV,149.158,165.818,173.753,199.815,193.645,189.782,164.000,164.000,168.316,168.290,139.234,128.495,270.000,278.000,276.000,288.000,270.000,282.000,164.000,164.000,244.000,272.000,218.000,218.000,1.000,3.000,1.000,2.000,1.000,1.000,0.000,0.000,1.000,3.000,1.000,3.000,0.000,0.000,0.000,0.000,0.000,0.000,0.000,0.000,0.000,0.000,0.000,0.000
33121,33KV,121.676,125.185,141.571,165.159,175.119,191.153,186.000,186.000,142.680,159.304,136.206,120.396,268.000,208.000,226.000,242.000,292.000,280.000,186.000,186.000,208.000,268.000,266.000,206.000,2.000,1.000,3.000,0.000,1.000,0.000,0.000,0.000,0.000,0.000,0.000,0.000,40.000,0.000,0.000,0.000,0.000,0.000,0.000,0.000,0.000,0.000,0.000,0.000
33122,33KV,80.938,84.095,94.067,104.703,107.133,108.495,108.391,108.391,96.953,104.518,85.905,78.459,166.800,133.460,171.649,154.986,142.383,141.502,108.391,108.391,131.230,138.260,122.680,129.600,1.000,0.000,3.000,4.000,1.000,1.000,0.000,0.000,0.000,1.000,0.000,0.000,22.000,0.000,0.000,0.000,0.000,0.000,0.000,0.000,0.000,0.000,0.000,0.000
33123,22KV,76.812,76.769,91.237,93.610,117.132,133.828,146.256,146.256,108.455,121.229,96.740,81.585,205.051,146.980,201.959,150.950,194.270,210.335,146.256,146.256,147.350,166.180,204.740,127.010,7.000,5.000,5.000,2.000,2.000,0.000,0.000,0.000,0.000,0.000,2.000,0.000,118.000,0.000,19.000,0.000,0.000,0.000,0.000,0.000,0.000,0.000,13.000,0.000
33124,22KV,125.385,139.214,148.757,174.639,177.231,165.093,174.000,174.000,143.367,150.806,139.997,104.438,208.000,252.000,450.000,278.000,276.000,266.000,174.000,174.000,206.000,252.000,226.000,184.000,2.000,3.000,0.000,1.000,0.000,0.000,0.000,0.000,0.000,1.000,1.000,0.000,0.000,0.000,1.000,0.000,0.000,0.000,0.000,0.000,0.000,0.000,0.000,0.000
33126,33KV,113.806,115.870,119.787,124.573,129.301,129.742,129.934,129.934,121.106,128.529,121.296,108.982,236.117,150.110,260.900,717.387,146.737,245.247,129.934,129.934,140.360,144.470,141.870,276.540,0.000,1.000,4.000,1.000,0.000,3.000,0.000,0.000,0.000,1.000,0.000,1.000,38.000,0.000,2.000,4.000,0.000,0.000,0.000,0.000,0.000,0.000,0.000,2.000
33127,33KV,156.472,156.959,154.714,154.936,155.204,158.241,153.058,153.058,154.270,155.374,163.711,153.278,238.620,230.824,261.390,263.460,230.370,250.690,153.058,153.058,170.760,232.450,255.850,172.030,2.000,4.000,1.000,0.000,0.000,1.000,0.000,0.000,1.000,0.000,4.000,0.000,0.000,0.000,0.000,0.000,0.000,0.000,0.000,0.000,0.000,0.000,0.000,0.000
33128,33KV,137.824,144.089,153.489,181.207,203.270,198.243,204.110,204.110,164.448,183.961,152.766,132.850,261.340,213.544,244.480,253.419,284.821,268.458,204.110,204.110,208.870,255.130,205.880,192.300,7.000,5.000,5.000,2.000,0.000,0.000,0.000,0.000,1.000,2.000,1.000,4.000,0.000,0.000,0.000,0.000,0.000,0.000,0.000,0.000,0.000,0.000,0.000,0.000
33129,33KV,103.434,110.433,115.002,119.925,138.152,129.990,130.092,130.092,116.915,125.948,111.051,96.108,232.950,256.050,316.180,177.040,268.073,202.074,130.092,130.092,159.880,167.610,262.750,152.820,5.000,7.000,3.000,1.000,0.000,0.000,0.000,0.000,1.000,1.000,2.000,3.000,38.000,44.000,218.000,0.000,0.000,0.000,0.000,0.000,0.000,0.000,28.000,0.000
33130,22KV,126.519,136.677,163.422,178.926,194.807,188.811,194.198,194.198,149.269,166.923,136.387,118.483,205.065,257.620,260.420,253.731,271.967,277.392,194.198,194.198,194.230,267.040,175.490,189.490,4.000,2.000,4.000,1.000,1.000,1.000,0.000,0.000,0.000,1.000,1.000,2.000,0.000,0.000,0.000,0.000,0.000,0.000,0.000,0.000,0.000,0.000,0.000,0.000
33131,33KV,97.293,100.849,111.676,124.409,139.304,137.618,152.654,152.654,112.800,121.764,106.943,101.127,246.818,187.300,264.763,230.000,216.665,222.700,152.654,152.654,179.090,189.630,175.000,167.360,1.000,0.000,0.000,0.000,0.000,0.000,0.000,0.000,0.000,0.000,0.000,0.000,126.000,0.000,32.000,0.000,0.000,0.000,0.000,0.000,0.000,0.000,0.000,0.000
33132,33KV,101.292,106.560,122.813,138.299,147.154,137.640,154.642,154.642,119.448,130.588,111.840,99.573,269.890,234.332,240.940,1118.188,221.962,204.475,154.642,154.642,182.980,195.910,201.720,185.220,4.000,1.000,3.000,1.000,0.000,1.000,0.000,0.000,0.000,0.000,0.000,0.000,312.000,50.000,0.000,3.000,0.000,0.000,0.000,0.000,0.000,0.000,0.000,0.000
33133,33KV,121.785,120.841,129.155,154.878,160.732,175.602,174.738,174.738,134.937,156.655,130.712,139.393,224.140,223.793,219.220,251.250,239.845,262.580,174.738,174.738,178.720,227.890,230.350,228.110,0.000,0.000,0.000,0.000,0.000,0.000,0.000,0.000,0.000,0.000,0.000,0.000,0.000,0.000,0.000,0.000,0.000,0.000,0.000,0.000,0.000,0.000,0.000,0.000
33134,33KV,97.842,97.343,108.628,118.485,125.858,133.207,115.977,115.977,112.272,120.566,96.517,88.672,291.710,237.560,227.880,220.340,265.760,287.685,115.977,115.977,161.270,219.300,168.410,167.600,4.000,4.000,3.000,2.000,0.000,0.000,0.000,0.000,0.000,0.000,1.000,2.000,524.000,4.000,14.000,0.000,4.000,8.000,0.000,0.000,0.000,0.000,0.000,0.000
33135,22KV,,195.624,217.171,221.465,,,,,,,,,,255.770,338.500,261.570,,,,,,,,,,0.000,0.000,0.000,,,,,,,,,,0.000,0.000,0.000,,,,,,,,
33135,33KV,169.016,164.543,190.622,227.367,252.032,282.607,269.170,269.170,207.188,240.525,197.731,178.932,262.130,269.446,300.382,399.957,429.926,902.942,269.170,269.170,316.130,409.210,308.810,269.860,0.000,0.000,0.000,0.000,0.000,0.000,0.000,0.000,0.000,1.000,0.000,0.000,0.000,0.000,0.000,0.000,0.000,4.000,0.000,0.000,0.000,0.000,0.000,0.000
33136,22KV,124.825,132.674,150.431,162.617,172.472,166.817,173.141,173.141,154.281,162.253,142.367,125.061,196.915,220.271,229.804,221.450,227.847,231.417,173.141,173.141,222.800,237.930,193.610,195.140,0.000,1.000,2.000,0.000,0.000,0.000,0.000,0.000,0.000,0.000,0.000,0.000,0.000,0.000,0.000,0.000,0.000,0.000,0.000,0.000,0.000,0.000,0.000,0.000
33137,22KV,117.441,126.627,149.661,159.272,164.536,158.600,174.490,174.490,141.205,167.498,139.228,124.705,203.650,211.818,231.770,215.540,231.812,219.665,174.490,174.490,220.950,226.940,197.770,183.810,4.000,4.000,1.000,1.000,0.000,0.000,0.000,0.000,0.000,0.000,0.000,0.000,0.000,0.000,0.000,0.000,0.000,0.000,0.000,0.000,0.000,0.000,0.000,0.000
33138,33KV,103.876,114.347,128.907,160.178,170.081,156.932,167.694,167.694,138.790,156.962,129.083,107.325,208.850,238.410,223.380,272.400,252.588,223.447,167.694,167.694,188.680,207.970,222.320,187.030,0.000,2.000,1.000,1.000,1.000,0.000,0.000,0.000,0.000,0.000,0.000,1.000,2.000,2.000,0.000,0.000,0.000,0.000,0.000,0.000,0.000,0.000,0.000,0.000
33139,33KV,55.647,58.005,66.875,74.791,75.503,71.939,77.033,77.033,65.947,72.476,63.990,55.840,99.190,182.037,117.250,115.960,126.293,157.642,77.033,77.033,200.630,105.050,96.440,86.110,0.000,0.000,0.000,1.000,0.000,0.000,0.000,0.000,0.000,1.000,0.000,0.000,0.000,57.000,0.000,0.000,0.000,12.000,0.000,0.000,66.000,0.000,0.000,0.000
33140,33KV,113.714,120.415,132.530,146.165,154.238,145.473,141.284,141.284,136.644,145.660,125.644,113.301,263.870,281.490,195.400,207.500,218.619,209.382,141.284,141.284,243.880,193.590,210.300,182.030,7.000,7.000,4.000,5.000,0.000,0.000,0.000,0.000,1.000,3.000,4.000,6.000,2.000,2.000,0.000,0.000,0.000,0.000,0.000,0.000,0.000,0.000,0.000,0.000
33150,33KV,77.017,79.317,89.045,87.753,97.730,100.097,88.424,88.424,74.327,88.911,79.163,82.258,426.026,263.810,234.720,1302.726,264.497,205.764,88.424,88.424,141.320,179.810,144.890,176.970,8.000,6.000,9.000,5.000,5.000,3.000,0.000,0.000,2.000,3.000,4.000,3.000,88.000,285.000,344.000,2.000,86.000,6.000,0.000,0.000,0.000,6.000,0.000,158.000
33151,33KV,88.498,93.694,103.425,115.204,116.462,114.351,102.817,102.817,106.050,109.970,93.088,89.984,224.517,259.100,188.731,212.170,185.457,194.545,102.817,102.817,185.060,177.500,164.520,169.990,9.000,9.000,9.000,6.000,5.000,3.000,0.000,0.000,3.000,4.000,3.000,4.000,40.000,64.000,0.000,0.000,0.000,0.000,0.000,0.000,0.000,0.000,0.000,0.000
33152,33KV,90.916,99.197,112.404,130.304,141.624,121.423,114.541,114.541,101.851,116.936,103.678,92.136,267.280,232.950,397.748,331.204,239.794,481.049,114.541,114.541,151.710,208.530,164.220,249.520,1.000,3.000,3.000,4.000,1.000,2.000,0.000,0.000,0.000,0.000,1.000,0.000,60.000,58.000,42.000,32.000,0.000,38.000,0.000,0.000,0.000,0.000,0.000,100.000
33154,22KV,68.776,68.507,89.550,102.698,104.006,101.318,98.961,98.961,96.922,97.791,78.368,68.509,135.956,221.018,154.800,300.997,169.651,171.890,98.961,98.961,116.680,129.120,131.620,109.950,2.000,3.000,4.000,2.000,0.000,1.000,0.000,0.000,1.000,0.000,1.000,0.000,0.000,1.000,0.000,1.000,0.000,0.000,0.000,0.000,0.000,0.000,0.000,0.000
33155,33KV,57.207,57.999,72.024,79.857,84.963,69.896,75.046,75.046,65.874,72.325,61.213,53.810,213.030,196.712,246.500,182.905,174.342,111.972,75.046,75.046,88.100,96.480,87.660,108.990,0.000,1.000,5.000,1.000,1.000,1.000,0.000,0.000,0.000,0.000,0.000,0.000,66.000,97.000,102.000,4.000,4.000,0.000,0.000,0.000,0.000,0.000,0.000,8.000
33156,33KV,115.137,123.448,139.753,157.437,170.857,172.458,170.720,170.720,132.808,146.329,125.406,114.438,209.650,209.650,212.430,233.350,240.245,225.982,170.720,170.720,182.670,206.060,175.060,184.350,4.000,5.000,5.000,3.000,1.000,1.000,0.000,0.000,0.000,3.000,0.000,2.000,0.000,0.000,0.000,0.000,0.000,0.000,0.000,0.000,0.000,0.000,0.000,0.000
33159,33KV,88.045,89.659,90.975,104.526,116.086,108.558,75.062,75.062,100.288,101.602,89.148,86.568,151.626,172.560,238.315,179.890,210.233,192.827,75.062,75.062,171.360,177.120,213.420,159.010,10.000,8.000,9.000,7.000,5.000,3.000,0.000,0.000,3.000,4.000,4.000,4.000,0.000,0.000,122.000,0.000,0.000,0.000,0.000,0.000,0.000,0.000,64.000,0.000
33162,22KV,148.407,148.277,167.401,203.865,252.035,249.579,260.461,260.461,191.953,177.986,146.263,131.191,406.350,392.644,405.900,519.128,451.983,393.010,260.461,260.461,423.660,304.360,415.570,219.700,1.000,0.000,3.000,0.000,1.000,0.000,0.000,0.000,2.000,0.000,0.000,0.000,212.000,99.000,161.000,1.000,0.000,0.000,0.000,0.000,24.000,0.000,1.000,0.000
33163,22KV,112.311,112.491,136.837,156.289,177.728,156.628,150.706,150.706,136.228,159.550,136.698,115.283,356.575,263.974,549.890,233.727,279.914,253.556,150.706,150.706,204.900,252.660,314.310,194.240,1.000,1.000,0.000,1.000,0.000,1.000,0.000,0.000,1.000,0.000,0.000,0.000,6.000,13.000,1.000,0.000,0.000,0.000,0.000,0.000,0.000,0.000,1.000,0.000
33163,33KV,,127.643,159.152,186.266,,,,,,,,,,189.560,240.310,265.720,,,,,,,,,,0.000,2.000,0.000,,,,,,,,,,0.000,0.000,0.000,,,,,,,,
33166,33KV,114.007,125.444,138.512,149.532,145.797,143.473,127.657,127.657,127.238,131.047,117.681,96.794,218.782,211.180,212.479,240.660,222.303,202.651,127.657,127.657,188.310,253.930,193.920,192.620,5.000,6.000,5.000,3.000,2.000,1.000,0.000,0.000,1.000,3.000,3.000,6.000,0.000,0.000,0.000,0.000,0.000,0.000,0.000,0.000,0.000,0.000,0.000,0.000
33167,33KV,111.251,119.805,140.107,142.998,142.431,139.964,140.335,140.335,93.121,150.482,129.435,120.146,244.580,259.740,263.470,241.260,227.759,211.277,140.335,140.335,185.290,233.450,190.630,255.660,5.000,5.000,4.000,4.000,0.000,1.000,0.000,0.000,1.000,3.000,1.000,4.000,46.000,102.000,0.000,0.000,0.000,0.000,0.000,0.000,0.000,0.000,0.000,48.000
33168,33KV,2.827,2.829,2.827,2.825,2.824,2.823,2.819,2.819,,,,,2.867,2.867,2.861,2.867,2.873,2.855,2.819,2.819,,,,,1.000,0.000,0.000,0.000,0.000,0.000,0.000,0.000,,,,,0.000,0.000,0.000,0.000,0.000,0.000,0.000,0.000,,,,
33169,33KV,96.551,121.157,140.221,159.750,166.349,167.282,196.797,196.797,138.404,140.004,141.271,119.780,168.060,199.099,269.183,277.397,269.114,274.295,196.797,196.797,209.180,280.540,212.150,239.930,2.000,1.000,4.000,0.000,0.000,0.000,0.000,0.000,0.000,2.000,0.000,0.000,0.000,0.000,0.000,0.000,0.000,0.000,0.000,0.000,0.000,2.000,0.000,2.000
33170,33KV,96.814,121.695,142.667,165.391,166.608,167.491,196.019,196.019,138.741,170.193,141.623,120.883,168.820,199.295,267.906,278.282,275.389,274.031,196.019,196.019,210.000,273.780,210.920,240.810,2.000,1.000,3.000,0.000,0.000,0.000,0.000,0.000,0.000,1.000,0.000,0.000,0.000,0.000,0.000,0.000,0.000,0.000,0.000,0.000,0.000,0.000,0.000,0.000
33171,33KV,2.596,2.628,11.918,10.870,2.626,2.626,2.645,2.645,,,,,2.663,2.663,149.243,104.470,2.669,2.651,2.645,2.645,,,,,4.000,0.000,1.000,1.000,0.000,0.000,0.000,0.000,,,,,0.000,0.000,278.000,310.000,0.000,0.000,0.000,0.000,,,,
33172,33KV,115.328,124.910,142.101,179.297,182.666,141.804,180.757,180.757,108.084,143.259,106.168,91.120,213.550,213.755,232.317,273.131,262.629,236.369,180.757,180.757,154.210,319.870,167.880,231.960,0.000,6.000,5.000,2.000,0.000,0.000,0.000,0.000,0.000,2.000,0.000,0.000,0.000,0.000,0.000,0.000,0.000,0.000,0.000,0.000,0.000,258.000,0.000,26.000
33173,33KV,114.808,124.689,139.771,176.134,182.263,141.975,179.808,179.808,108.200,101.566,120.446,97.909,213.692,214.764,233.426,274.696,263.422,234.651,179.808,179.808,153.580,186.210,233.060,461.710,0.000,5.000,4.000,2.000,0.000,0.000,0.000,0.000,0.000,3.000,1.000,0.000,0.000,0.000,0.000,0.000,0.000,0.000,0.000,0.000,0.000,0.000,0.000,158.000
33175,33KV,97.680,116.518,132.840,160.394,186.848,180.094,182.931,182.931,143.415,145.737,140.770,117.896,157.490,263.300,205.560,258.637,256.804,272.562,182.931,182.931,187.180,221.870,214.900,262.080,3.000,2.000,2.000,1.000,0.000,0.000,0.000,0.000,0.000,0.000,0.000,0.000,0.000,32.000,0.000,0.000,0.000,0.000,0.000,0.000,0.000,0.000,0.000,44.000
33176,33KV,122.432,121.710,137.653,168.708,152.201,159.252,166.977,166.977,130.625,161.383,127.530,107.166,207.657,234.840,213.660,284.652,247.766,255.823,166.977,166.977,180.110,242.550,218.900,181.550,2.000,1.000,0.000,0.000,0.000,0.000,0.000,0.000,0.000,1.000,0.000,1.000,0.000,0.000,0.000,0.000,0.000,0.000,0.000,0.000,0.000,0.000,0.000,0.000
33177,33KV,67.126,70.476,80.557,96.425,105.400,95.850,95.158,95.158,84.313,88.687,71.127,61.527,197.780,233.200,204.470,141.932,333.664,143.244,95.158,95.158,120.370,122.060,107.750,114.740,4.000,2.000,3.000,0.000,0.000,1.000,0.000,0.000,0.000,0.000,1.000,0.000,252.000,85.000,20.000,0.000,2.000,0.000,0.000,0.000,0.000,0.000,0.000,0.000
33178,33KV,76.135,89.122,99.320,115.089,117.532,119.718,126.245,126.245,76.661,89.759,82.191,74.976,191.320,342.644,219.720,186.530,1207.696,219.858,126.245,126.245,113.010,130.990,123.690,180.490,1.000,4.000,1.000,4.000,0.000,1.000,0.000,0.000,0.000,2.000,0.000,0.000,92.000,2.000,28.000,0.000,2.000,0.000,0.000,0.000,0.000,0.000,0.000,54.000
33179,22KV,97.477,97.333,108.938,129.415,134.361,126.600,100.818,100.818,112.072,121.722,109.097,87.428,263.922,221.247,201.360,226.909,218.071,263.232,100.818,100.818,180.370,209.510,186.860,207.160,2.000,0.000,2.000,1.000,0.000,0.000,0.000,0.000,1.000,0.000,0.000,2.000,144.000,17.000,0.000,0.000,0.000,9.000,0.000,0.000,0.000,0.000,0.000,58.000
33179,33KV,,102.341,117.477,135.838,,,,,,,,,,206.750,224.700,232.570,,,,,,,,,,0.000,0.000,0.000,,,,,,,,,,4.000,0.000,0.000,,,,,,,,
33180,22KV,122.659,132.088,136.184,156.041,181.681,159.063,184.096,184.096,136.682,153.354,122.064,108.438,232.019,262.400,823.117,232.986,284.224,270.827,184.096,184.096,195.840,241.410,177.190,281.460,4.000,3.000,4.000,0.000,0.000,1.000,0.000,0.000,0.000,0.000,0.000,1.000,0.000,0.000,1.000,0.000,0.000,0.000,0.000,0.000,0.000,0.000,0.000,49.000
33181,33KV,110.712,120.681,139.181,160.274,179.177,172.119,184.520,184.520,139.450,153.889,138.358,123.166,220.700,216.290,253.970,272.801,11092.193,273.488,184.520,184.520,200.850,233.100,206.930,213.260,0.000,0.000,0.000,0.000,0.000,0.000,0.000,0.000,0.000,0.000,0.000,0.000,0.000,0.000,0.000,0.000,2.000,0.000,0.000,0.000,0.000,0.000,0.000,0.000
33184,33KV,75.988,76.416,100.474,101.330,,,,,91.688,96.400,74.761,75.118,147.520,157.570,134.700,101.330,,,,,279.090,188.560,166.880,213.440,4.000,4.000,0.000,0.000,,,,,2.000,4.000,4.000,5.000,0.000,10.000,0.000,0.000,,,,,80.000,0.000,165.000,170.000
33185,33KV,72.772,76.906,90.849,108.995,108.832,101.903,74.221,74.221,88.648,96.480,75.261,75.034,148.990,463.650,260.570,224.336,200.775,226.537,74.221,74.221,269.920,186.950,368.360,212.980,9.000,8.000,10.000,6.000,5.000,4.000,0.000,0.000,3.000,3.000,5.000,5.000,4.000,14.000,172.000,20.000,0.000,63.000,0.000,0.000,8.000,0.000,157.000,174.000
33186,33KV,3.224,3.208,3.206,3.185,,,,,,,3.269,3.229,3.370,3.390,3.390,3.330,,,,,,,3.420,3.390,0.000,0.000,0.000,0.000,,,,,,,0.000,0.000,0.000,0.000,0.000,0.000,,,,,,,0.000,0.000
33188,33KV,2.933,2.930,2.933,2.935,,,,,,,2.926,2.935,3.000,2.990,2.960,2.960,,,,,,,2.950,2.990,0.000,0.000,0.000,0.000,,,,,,,0.000,0.000,0.000,0.000,0.000,0.000,,,,,,,0.000,0.000
33189,33KV,73.325,80.948,89.353,95.075,93.540,90.052,85.266,85.266,88.987,98.828,88.134,77.154,160.808,256.560,230.020,168.590,132.150,146.118,85.266,85.266,165.840,136.890,221.890,148.220,4.000,8.000,4.000,7.000,0.000,1.000,0.000,0.000,2.000,3.000,2.000,4.000,2.000,90.000,38.000,0.000,0.000,0.000,0.000,0.000,0.000,0.000,38.000,0.000
33190,33KV,78.793,91.970,100.542,120.489,,,,,85.905,99.758,89.115,78.050,112.750,258.100,231.350,169.070,,,,,164.590,137.710,223.390,147.380,4.000,3.000,1.000,0.000,,,,,1.000,3.000,2.000,4.000,0.000,82.000,28.000,0.000,,,,,0.000,0.000,38.000,0.000
33192,22KV,77.931,85.227,87.366,109.181,114.961,109.252,113.836,113.836,94.505,103.768,87.297,66.859,161.100,165.604,153.990,179.010,173.663,169.412,113.836,113.836,150.120,139.160,131.890,162.570,1.000,2.000,1.000,1.000,0.000,1.000,0.000,0.000,0.000,0.000,0.000,1.000,4.000,0.000,0.000,0.000,0.000,0.000,0.000,0.000,0.000,0.000,0.000,20.000
33193,22KV,61.588,59.235,71.071,87.002,91.144,86.848,91.109,91.109,74.384,83.730,67.291,59.282,169.990,153.870,115.360,131.634,133.637,143.106,91.109,91.109,121.040,111.960,119.280,118.000,0.000,0.000,2.000,0.000,0.000,0.000,0.000,0.000,0.000,0.000,0.000,0.000,18.000,1.000,0.000,0.000,0.000,0.000,0.000,0.000,0.000,0.000,0.000,0.000
33194,22KV,59.948,58.410,70.218,87.170,91.574,86.764,91.531,91.531,71.738,81.112,65.176,57.293,168.100,92.180,157.950,131.130,133.115,143.661,91.531,91.531,118.460,188.870,116.080,133.310,0.000,0.000,3.000,0.000,0.000,0.000,0.000,0.000,0.000,0.000,0.000,0.000,18.000,0.000,1.000,0.000,0.000,0.000,0.000,0.000,0.000,1.000,0.000,7.000
33196,22KV,38.419,32.962,48.768,81.330,54.874,35.505,0.000,0.000,40.501,45.645,38.177,32.976,78.139,76.732,91.089,174.135,130.860,82.156,0.000,0.000,65.020,65.900,59.390,129.670,0.000,0.000,1.000,3.000,0.000,0.000,0.000,0.000,1.000,0.000,0.000,0.000,1.000,93.000,0.000,1.000,5.000,61.000,0.000,0.000,0.000,0.000,0.000,1.000
33197,22KV,38.790,41.828,51.167,77.678,54.992,38.152,0.214,0.214,40.630,45.806,38.269,33.094,211.030,77.248,87.224,133.116,130.667,81.190,0.214,0.214,64.360,66.110,59.910,81.370,0.000,2.000,2.000,2.000,0.000,0.000,0.000,0.000,1.000,0.000,0.000,0.000,21.000,0.000,0.000,0.000,5.000,11.000,0.000,0.000,0.000,0.000,0.000,1.000
33198,22KV,0.000,0.000,0.002,0.004,0.001,0.000,0.000,0.000,0.210,0.210,0.210,,0.000,0.000,0.622,0.590,0.584,0.579,0.000,0.000,0.210,0.210,0.210,,0.000,0.000,1.000,0.000,1.000,1.000,0.000,0.000,1.000,0.000,0.000,,0.000,0.000,121.000,372.000,1.000,1.000,0.000,0.000,0.000,0.000,0.000,
33199,33KV,105.588,107.506,116.119,137.749,,,,,,,101.399,107.455,225.940,211.340,209.690,217.070,,,,,,,135.100,204.960,4.000,4.000,5.000,2.000,,,,,,,0.000,5.000,24.000,0.000,0.000,0.000,,,,,,,0.000,0.000
33200,33KV,98.649,102.502,112.884,147.622,148.867,131.866,109.112,109.112,121.870,134.556,124.433,107.322,182.750,210.430,219.533,277.458,256.163,239.121,109.112,109.112,231.820,248.980,247.940,205.710,7.000,8.000,9.000,7.000,5.000,3.000,0.000,0.000,3.000,4.000,5.000,5.000,0.000,6.000,0.000,0.000,0.000,0.000,0.000,0.000,0.000,0.000,0.000,0.000
33201,33KV,2.855,2.853,4.279,5.878,,,,,,,2.857,2.857,2.880,2.870,6.430,6.420,,,,,,,2.870,2.920,0.000,0.000,1.000,1.000,,,,,,,0.000,0.000,0.000,0.000,0.000,0.000,,,,,,,0.000,0.000
33204,33KV,97.289,95.205,96.762,121.441,127.685,103.635,61.845,61.845,99.699,107.380,92.887,89.856,276.090,221.178,253.469,251.050,254.717,251.890,61.845,61.845,222.340,254.510,231.260,218.230,11.000,8.000,10.000,7.000,5.000,4.000,0.000,0.000,3.000,3.000,5.000,5.000,200.000,226.000,306.000,11.000,0.000,212.000,0.000,0.000,157.000,496.000,613.000,420.000
33205,33KV,93.826,85.742,91.833,114.983,,,,,,,89.517,89.776,274.930,189.970,207.950,250.800,,,,,,,192.060,219.470,5.000,4.000,6.000,2.000,,,,,,,1.000,5.000,254.000,404.000,332.000,68.000,,,,,,,26.000,428.000
33206,33KV,122.215,138.367,154.846,153.434,166.938,152.530,144.865,144.865,145.756,154.802,128.901,123.642,241.911,261.340,287.970,261.540,259.943,233.874,144.865,144.865,277.730,259.830,209.610,219.530,2.000,2.000,3.000,1.000,3.000,1.000,0.000,0.000,1.000,1.000,2.000,0.000,0.000,0.000,0.000,0.000,0.000,0.000,0.000,0.000,0.000,0.000,0.000,0.000
33207,22KV,102.509,104.290,102.720,115.039,116.865,120.926,125.248,125.248,122.630,115.092,109.649,100.272,236.980,220.710,223.940,240.683,172.215,252.291,125.248,125.248,165.460,160.440,320.480,134.150,4.000,4.000,5.000,1.000,0.000,1.000,0.000,0.000,1.000,0.000,2.000,0.000,31.000,16.000,8.000,3.000,0.000,11.000,0.000,0.000,0.000,0.000,1.000,0.000
33208,33KV,76.486,77.783,81.744,94.784,103.943,102.378,82.000,82.000,87.323,89.454,70.455,68.885,178.000,206.000,212.000,258.000,210.000,232.000,82.000,82.000,168.000,196.000,164.000,160.000,9.000,9.000,8.000,7.000,5.000,4.000,0.000,0.000,3.000,4.000,4.000,5.000,4.000,6.000,112.000,11.000,2.000,2.000,0.000,0.000,0.000,16.000,451.000,140.000
33209,22KV,67.217,67.427,69.188,69.745,63.803,70.015,63.161,63.161,71.726,74.894,80.642,81.665,108.280,116.530,125.436,115.010,97.663,102.345,63.161,63.161,87.900,114.320,120.310,133.870,3.000,5.000,2.000,0.000,0.000,1.000,0.000,0.000,1.000,1.000,2.000,2.000,0.000,0.000,0.000,0.000,0.000,0.000,0.000,0.000,0.000,0.000,0.000,0.000
33210,22KV,58.865,49.388,56.882,58.162,62.042,63.596,72.199,72.199,53.268,53.132,36.256,62.467,119.840,115.152,132.785,111.750,136.781,135.404,72.199,72.199,72.610,75.400,95.390,124.960,3.000,0.000,1.000,0.000,0.000,0.000,0.000,0.000,0.000,0.000,2.000,1.000,7.000,21.000,110.000,0.000,17.000,43.000,0.000,0.000,0.000,0.000,3.000,1.000
33211,33KV,53.256,51.540,63.335,73.674,77.770,80.503,86.781,86.781,64.327,69.956,56.675,48.042,125.046,115.547,162.140,135.580,139.802,144.830,86.781,86.781,99.800,100.830,81.260,109.320,0.000,0.000,2.000,0.000,0.000,2.000,0.000,0.000,0.000,0.000,0.000,0.000,48.000,30.000,122.000,0.000,0.000,0.000,0.000,0.000,0.000,0.000,0.000,26.000
33212,33KV,67.961,73.680,78.882,97.931,108.624,105.990,114.686,114.686,69.391,82.704,74.755,62.709,143.812,153.470,145.190,181.145,196.735,184.681,114.686,114.686,141.510,164.460,118.280,120.170,0.000,0.000,0.000,2.000,0.000,0.000,0.000,0.000,0.000,0.000,1.000,0.000,32.000,16.000,0.000,0.000,0.000,0.000,0.000,0.000,8.000,0.000,0.000,0.000
33213,33KV,106.069,108.984,141.403,149.259,160.719,146.498,127.824,127.824,155.849,149.472,121.036,102.793,233.046,231.355,263.640,257.777,262.343,271.160,127.824,127.824,260.350,216.000,176.800,252.940,1.000,0.000,2.000,1.000,0.000,1.000,0.000,0.000,1.000,0.000,1.000,0.000,44.000,18.000,0.000,0.000,0.000,0.000,0.000,0.000,0.000,0.000,0.000,34.000
33214,22KV,107.163,110.189,130.300,151.943,164.198,156.152,137.900,137.900,127.284,136.683,116.101,103.461,157.235,178.089,184.580,203.638,217.518,217.311,137.900,137.900,161.930,168.900,157.580,163.730,3.000,5.000,3.000,0.000,0.000,0.000,0.000,0.000,1.000,1.000,1.000,4.000,0.000,0.000,0.000,0.000,0.000,0.000,0.000,0.000,0.000,0.000,0.000,0.000
33215,33KV,105.459,115.550,147.408,145.799,144.437,134.484,136.588,136.588,124.831,136.642,114.975,106.519,178.434,193.626,255.640,581.153,262.955,181.334,136.588,136.588,145.430,207.570,197.770,161.720,2.000,2.000,4.000,2.000,1.000,0.000,0.000,0.000,1.000,1.000,1.000,1.000,0.000,0.000,0.000,2.000,0.000,0.000,0.000,0.000,0.000,0.000,0.000,0.000
33218,33KV,38.528,44.566,51.903,49.666,56.230,55.123,38.246,38.246,48.407,51.704,42.824,32.150,107.080,121.144,223.810,160.870,125.943,151.929,38.246,38.246,110.530,207.960,155.580,206.940,9.000,8.000,9.000,7.000,5.000,4.000,0.000,0.000,3.000,5.000,5.000,5.000,224.000,228.000,604.000,461.000,48.000,46.000,0.000,0.000,58.000,140.000,653.000,454.000
33219,33KV,51.382,56.030,53.811,57.743,69.477,62.981,40.929,40.929,55.902,57.321,50.068,49.886,126.606,138.986,203.730,151.450,152.663,211.082,40.929,40.929,110.800,200.510,107.910,143.830,7.000,8.000,8.000,7.000,5.000,4.000,0.000,0.000,3.000,6.000,4.000,5.000,184.000,286.000,246.000,32.000,56.000,12.000,0.000,0.000,0.000,56.000,88.000,152.000
33220,22KV,131.099,137.630,145.815,147.995,158.109,153.995,153.000,153.000,153.115,156.809,147.399,136.546,183.000,211.000,216.000,178.000,226.000,247.000,153.000,153.000,185.000,183.000,200.000,165.000,2.000,4.000,3.000,1.000,0.000,1.000,0.000,0.000,1.000,1.000,2.000,2.000,0.000,0.000,0.000,0.000,0.000,0.000,0.000,0.000,0.000,0.000,0.000,0.000
33221,22KV,107.966,119.304,130.634,140.426,155.991,126.026,110.000,110.000,124.640,130.981,111.242,104.896,191.000,691.000,221.000,198.000,229.000,513.000,110.000,110.000,177.000,304.000,191.000,176.000,1.000,3.000,5.000,2.000,1.000,3.000,0.000,0.000,1.000,1.000,0.000,0.000,0.000,1.000,0.000,0.000,0.000,1.000,0.000,0.000,0.000,1.000,0.000,0.000
33222,33KV,86.214,97.886,115.650,122.417,116.860,113.615,110.624,110.624,102.442,107.462,94.794,87.213,1173.079,285.743,315.440,1576.489,654.626,181.749,110.624,110.624,213.100,154.960,281.460,269.720,6.000,5.000,5.000,3.000,1.000,2.000,0.000,0.000,0.000,2.000,2.000,4.000,122.000,69.000,26.000,6.000,12.000,0.000,0.000,0.000,38.000,0.000,80.000,80.000
33223,33KV,86.178,93.005,100.385,117.941,115.720,114.303,108.690,108.690,99.617,107.972,92.864,85.598,1175.013,200.250,283.120,1580.494,755.582,497.599,108.690,108.690,192.940,227.050,239.620,227.190,6.000,4.000,5.000,3.000,1.000,2.000,0.000,0.000,0.000,2.000,2.000,1.000,114.000,2.000,28.000,4.000,4.000,2.000,0.000,0.000,0.000,2.000,2.000,4.000
33224,33KV,,36.362,27.101,18.792,,,,,,,,,,177.467,163.520,22.510,,,,,,,,,,0.000,0.000,0.000,,,,,,,,,,71.000,6.000,0.000,,,,,,,,
33226,33KV,114.209,122.050,139.693,155.667,169.397,158.861,147.636,147.636,133.685,147.658,124.857,114.573,277.040,307.150,340.570,336.981,389.737,312.950,147.636,147.636,209.650,301.070,296.100,225.390,9.000,8.000,5.000,7.000,4.000,2.000,0.000,0.000,1.000,4.000,4.000,5.000,36.000,6.000,18.000,14.000,48.000,0.000,0.000,0.000,0.000,6.000,74.000,0.000
33227,33KV,113.837,122.338,139.734,153.993,164.578,159.169,148.189,148.189,132.838,145.745,123.829,114.479,274.280,304.250,402.310,247.625,909.848,312.398,148.189,148.189,209.650,271.790,236.160,227.050,9.000,8.000,6.000,7.000,3.000,2.000,0.000,0.000,2.000,4.000,4.000,5.000,36.000,6.000,18.000,0.000,4.000,0.000,0.000,0.000,0.000,0.000,0.000,0.000
33229,33KV,105.166,79.400,102.333,116.058,126.564,122.062,120.101,120.101,153.318,188.471,158.302,143.571,179.710,176.370,174.030,201.765,203.475,212.986,120.101,120.101,222.700,272.840,246.750,213.470,2.000,4.000,3.000,0.000,0.000,0.000,0.000,0.000,1.000,1.000,0.000,0.000,0.000,60.000,0.000,0.000,0.000,0.000,0.000,0.000,0.000,0.000,0.000,0.000
33230,33KV,39.279,53.119,60.808,72.288,76.151,75.003,70.201,70.201,1.642,1.606,1.690,1.686,136.322,118.980,125.070,140.148,117.913,129.621,70.201,70.201,2.110,2.130,18.460,28.660,1.000,2.000,1.000,0.000,0.000,0.000,0.000,0.000,0.000,0.000,0.000,0.000,64.000,8.000,14.000,0.000,0.000,0.000,0.000,0.000,0.000,0.000,6.000,2.000
33231,33KV,98.748,105.854,124.621,141.020,163.869,151.793,142.000,142.000,128.911,149.606,120.223,100.835,240.000,230.000,214.000,268.000,258.000,980.000,142.000,142.000,186.000,242.000,198.000,152.000,0.000,2.000,3.000,0.000,0.000,0.000,0.000,0.000,0.000,0.000,1.000,0.000,14.000,2.000,0.000,0.000,0.000,1.000,0.000,0.000,0.000,0.000,0.000,0.000
33232,33KV,121.876,126.485,139.688,154.754,170.582,170.844,180.000,180.000,157.802,160.206,128.617,116.841,198.000,182.000,208.000,272.000,274.000,284.000,180.000,180.000,222.000,228.000,200.000,202.000,1.000,1.000,3.000,1.000,0.000,0.000,0.000,0.000,0.000,1.000,1.000,1.000,0.000,0.000,0.000,0.000,0.000,0.000,0.000,0.000,0.000,0.000,0.000,0.000
33233,33KV,113.723,122.572,134.361,141.701,139.094,150.353,140.000,140.000,138.193,148.446,118.021,116.416,448.000,240.000,266.000,270.000,202.000,318.000,140.000,140.000,194.000,260.000,176.000,246.000,0.000,0.000,1.000,0.000,0.000,0.000,0.000,0.000,0.000,0.000,2.000,0.000,36.000,0.000,0.000,0.000,0.000,60.000,0.000,0.000,0.000,0.000,0.000,18.000
33234,33KV,93.284,97.312,112.872,127.585,127.086,129.774,140.000,140.000,107.631,120.636,103.867,88.613,234.000,162.000,254.000,228.000,212.000,224.000,140.000,140.000,140.000,196.000,224.000,150.000,0.000,0.000,1.000,1.000,1.000,1.000,0.000,0.000,0.000,0.000,0.000,0.000,48.000,0.000,2.000,0.000,0.000,0.000,0.000,0.000,0.000,0.000,26.000,0.000
33235,33KV,36.742,59.495,63.187,77.500,101.635,,,,,82.851,21.068,17.400,130.000,114.000,120.000,198.000,168.000,,,,,116.000,62.000,28.000,2.000,1.000,4.000,1.000,1.000,,,,,0.000,0.000,0.000,598.000,0.000,0.000,2.000,0.000,,,,,0.000,37.000,0.000
33236,33KV,125.093,131.089,145.256,174.831,180.984,174.291,182.000,182.000,151.723,168.779,105.725,88.067,222.000,224.000,234.000,240.000,268.000,240.000,182.000,182.000,198.000,432.000,168.000,134.000,3.000,3.000,4.000,3.000,0.000,0.000,0.000,0.000,0.000,0.000,0.000,0.000,0.000,0.000,0.000,0.000,0.000,0.000,0.000,0.000,0.000,2.000,0.000,0.000
33237,22KV,101.347,102.545,120.537,124.613,134.912,142.928,151.000,151.000,123.576,130.831,107.239,99.475,185.000,189.000,164.000,179.000,183.000,223.000,151.000,151.000,160.000,175.000,157.000,142.000,2.000,1.000,1.000,0.000,1.000,2.000,0.000,0.000,0.000,0.000,0.000,0.000,0.000,0.000,0.000,0.000,0.000,0.000,0.000,0.000,0.000,0.000,0.000,0.000
33238,33KV,60.628,61.562,81.838,80.776,92.566,94.195,100.000,100.000,81.383,81.481,69.701,55.584,148.000,162.000,194.000,1780.000,184.000,184.000,100.000,100.000,344.000,174.000,178.000,94.000,0.000,1.000,1.000,0.000,1.000,0.000,0.000,0.000,0.000,0.000,1.000,0.000,66.000,2.000,18.000,4.000,0.000,0.000,0.000,0.000,46.000,52.000,28.000,0.000
33239,33KV,102.482,116.773,121.726,139.227,120.638,119.603,136.000,136.000,100.981,115.969,100.760,87.031,338.000,252.000,284.000,230.000,194.000,204.000,136.000,136.000,144.000,170.000,158.000,154.000,6.000,5.000,5.000,0.000,1.000,0.000,0.000,0.000,0.000,0.000,0.000,0.000,454.000,41.000,56.000,0.000,0.000,0.000,0.000,0.000,0.000,0.000,0.000,0.000
33240,33KV,115.800,150.763,141.997,162.425,172.634,167.569,184.000,184.000,158.484,175.394,145.097,123.041,240.000,258.000,282.000,268.000,288.000,288.000,184.000,184.000,232.000,250.000,220.000,220.000,2.000,3.000,4.000,2.000,1.000,1.000,0.000,0.000,0.000,0.000,1.000,0.000,16.000,0.000,0.000,0.000,0.000,0.000,0.000,0.000,0.000,0.000,0.000,0.000
33243,22KV,55.162,55.564,55.131,71.420,67.304,66.340,45.000,45.000,54.788,62.318,53.105,47.105,117.000,143.000,170.000,155.000,1123.000,1121.000,45.000,45.000,88.000,146.000,166.000,127.000,7.000,6.000,9.000,4.000,4.000,4.000,0.000,0.000,1.000,4.000,3.000,3.000,13.000,106.000,4.000,32.000,1.000,277.000,0.000,0.000,0.000,47.000,15.000,44.000
33244,22KV,95.382,98.856,93.342,115.651,117.870,125.848,120.000,120.000,115.192,117.297,101.824,93.784,243.000,158.000,532.000,168.000,774.000,231.000,120.000,120.000,176.000,252.000,209.000,162.000,4.000,3.000,3.000,1.000,0.000,0.000,0.000,0.000,0.000,1.000,2.000,1.000,1.000,0.000,2.000,0.000,1.000,0.000,0.000,0.000,0.000,1.000,1.000,0.000
33245,33KV,116.688,123.867,122.267,148.462,158.219,140.100,146.000,146.000,122.886,130.406,112.047,105.246,246.000,252.000,250.000,262.000,230.000,250.000,146.000,146.000,194.000,206.000,170.000,186.000,8.000,6.000,8.000,6.000,2.000,2.000,0.000,0.000,2.000,2.000,2.000,4.000,146.000,15.000,2.000,0.000,0.000,0.000,0.000,0.000,0.000,0.000,0.000,0.000
33246,33KV,118.870,115.888,141.596,164.113,165.753,160.734,172.000,172.000,137.235,146.632,134.615,122.574,162.000,380.000,234.000,1382.000,222.000,272.000,172.000,172.000,204.000,210.000,260.000,190.000,0.000,6.000,5.000,4.000,0.000,0.000,0.000,0.000,0.000,0.000,1.000,1.000,0.000,2.000,0.000,2.000,0.000,0.000,0.000,0.000,0.000,0.000,0.000,0.000
33247,33KV,41.815,43.843,47.565,51.993,57.919,54.130,56.000,56.000,48.196,54.897,46.957,42.817,122.000,122.000,100.000,104.000,172.000,102.000,56.000,56.000,88.000,160.000,96.000,86.000,0.000,0.000,0.000,0.000,0.000,0.000,0.000,0.000,0.000,0.000,0.000,0.000,58.000,130.000,12.000,1.000,14.000,0.000,0.000,0.000,0.000,204.000,2.000,16.000
33248,33KV,46.126,47.828,53.237,60.078,60.806,59.749,62.000,62.000,55.864,59.022,49.755,47.923,122.000,84.000,82.000,346.000,340.000,78.000,62.000,62.000,104.000,74.000,64.000,72.000,0.000,0.000,0.000,1.000,0.000,0.000,0.000,0.000,0.000,1.000,0.000,0.000,60.000,0.000,0.000,2.000,2.000,0.000,0.000,0.000,0.000,0.000,0.000,0.000
33249,33KV,97.022,89.477,116.779,108.428,145.812,141.400,143.800,143.800,138.084,153.579,133.050,115.165,168.200,199.100,251.600,227.300,227.300,220.500,143.800,143.800,186.700,230.700,269.900,170.200,2.000,5.000,3.000,1.000,0.000,0.000,0.000,0.000,0.000,0.000,0.000,0.000,0.000,62.000,2.000,2.000,0.000,0.000,0.000,0.000,0.000,0.000,2.000,0.000
33250,33KV,96.651,89.382,116.430,108.085,145.349,141.477,143.200,143.200,,,126.151,114.989,167.900,199.000,251.200,225.600,225.500,221.600,143.200,143.200,,,414.500,170.100,2.000,5.000,3.000,1.000,0.000,0.000,0.000,0.000,,,0.000,0.000,0.000,64.000,2.000,2.000,0.000,0.000,0.000,0.000,,,2.000,0.000
33251,33KV,87.793,93.101,106.198,129.109,119.546,121.403,126.900,126.900,101.450,115.344,98.674,85.370,149.200,426.900,254.200,222.800,603.700,217.500,126.900,126.900,123.100,188.500,130.800,128.000,0.000,2.000,1.000,1.000,0.000,0.000,0.000,0.000,0.000,0.000,0.000,0.000,0.000,4.000,2.000,0.000,4.000,0.000,0.000,0.000,0.000,0.000,0.000,0.000
33252,33KV,87.891,93.071,106.287,129.148,119.514,121.357,126.900,126.900,,,93.755,85.430,148.700,187.400,168.000,222.500,588.000,250.000,126.900,126.900,,,124.300,128.100,0.000,2.000,1.000,1.000,0.000,0.000,0.000,0.000,,,0.000,0.000,0.000,2.000,0.000,0.000,4.000,2.000,0.000,0.000,,,0.000,0.000
33253,33KV,41.594,42.246,41.035,42.415,44.771,44.352,44.000,44.000,,,,,58.000,58.000,58.000,58.000,66.000,64.000,44.000,44.000,,,,,0.000,0.000,1.000,0.000,1.000,0.000,0.000,0.000,,,,,0.000,0.000,0.000,0.000,0.000,0.000,0.000,0.000,,,,
33256,33KV,45.790,46.018,45.716,43.820,44.471,44.111,42.000,42.000,,,49.061,44.641,84.000,68.000,68.000,68.000,66.000,64.000,42.000,42.000,,,64.000,64.000,3.000,4.000,3.000,0.000,1.000,0.000,0.000,0.000,,,1.000,2.000,0.000,0.000,0.000,0.000,0.000,0.000,0.000,0.000,,,0.000,0.000
33258,33KV,34.715,39.995,40.041,41.348,51.699,48.329,34.000,34.000,,,,,82.000,120.000,96.000,106.000,328.000,148.000,34.000,34.000,,,,,4.000,4.000,4.000,5.000,5.000,4.000,0.000,0.000,,,,,134.000,199.000,124.000,698.000,90.000,451.000,0.000,0.000,,,,
33259,33KV,40.736,46.710,50.165,46.007,56.117,53.989,40.000,40.000,,,46.011,36.100,116.000,122.000,234.000,114.000,128.000,152.000,40.000,40.000,,,166.000,104.000,8.000,8.000,5.000,5.000,5.000,4.000,0.000,0.000,,,3.000,5.000,394.000,390.000,256.000,352.000,52.000,226.000,0.000,0.000,,,263.000,410.000
33260,33KV,,,,,,14.000,,,,,,,,,,,,14.000,,,,,,,,,,,,0.000,,,,,,,,,,,,0.000,,,,,,
33263,33KV,35.320,36.480,38.871,50.299,56.638,58.179,68.000,68.000,,,,,68.000,76.000,78.000,86.000,96.000,102.000,68.000,68.000,,,,,0.000,0.000,0.000,0.000,0.000,0.000,0.000,0.000,,,,,0.000,4.000,2.000,0.000,0.000,0.000,0.000,0.000,,,,
33264,33KV,16.754,16.429,17.290,19.078,18.891,19.075,22.000,22.000,,,,,22.000,20.000,24.000,26.000,24.000,34.000,22.000,22.000,,,,,0.000,0.000,0.000,0.000,0.000,0.000,0.000,0.000,,,,,0.000,0.000,0.000,0.000,0.000,0.000,0.000,0.000,,,,
33265,33KV,112.911,117.035,93.644,116.642,142.011,138.268,134.000,134.000,,,123.443,118.827,200.000,538.000,208.000,226.000,264.000,450.000,134.000,134.000,,,202.000,232.000,4.000,4.000,1.000,2.000,2.000,0.000,0.000,0.000,,,0.000,4.000,0.000,2.000,144.000,0.000,0.000,2.000,0.000,0.000,,,0.000,0.000
33266,33KV,48.761,52.223,46.591,52.475,64.144,57.852,38.000,38.000,,,,,124.000,264.000,96.000,116.000,156.000,210.000,38.000,38.000,,,,,3.000,4.000,4.000,5.000,5.000,4.000,0.000,0.000,,,,,218.000,177.000,8.000,280.000,84.000,147.000,0.000,0.000,,,,
33267,33KV,,,,,,26.000,,,,,,,,,,,,26.000,,,,,,,,,,,,0.000,,,,,,,,,,,,0.000,,,,,,
33269,33KV,12.883,11.327,12.071,11.710,10.543,11.546,,,,,13.600,12.781,48.000,18.000,28.000,18.000,12.000,26.000,,,,,22.000,130.000,6.000,5.000,7.000,4.000,2.000,3.000,,,,,2.000,3.000,10.000,0.000,40.000,0.000,0.000,2.000,,,,,0.000,20.000
33271,33KV,10.207,10.868,10.057,10.293,10.452,11.590,,,,,,,12.000,20.000,12.000,16.000,12.000,20.000,,,,,,,2.000,3.000,1.000,1.000,2.000,2.000,,,,,,,0.000,0.000,0.000,0.000,0.000,0.000,,,,,,
33273,33KV,81.742,108.231,136.415,140.754,,,,,,,97.540,87.899,166.400,164.700,201.900,197.100,,,,,,,137.700,150.500,0.000,1.000,0.000,0.000,,,,,,,0.000,0.000,6.000,0.000,0.000,0.000,,,,,,,0.000,0.000
33274,33KV,96.437,113.465,130.515,157.597,158.315,158.148,162.600,162.600,,,88.340,87.926,240.600,195.100,457.500,239.500,241.600,241.900,162.600,162.600,,,125.700,150.800,0.000,2.000,3.000,5.000,1.000,2.000,0.000,0.000,,,0.000,0.000,96.000,0.000,4.000,0.000,0.000,0.000,0.000,0.000,,,0.000,0.000
33276,33KV,122.791,130.453,155.189,159.029,162.420,155.405,191.505,191.505,133.352,165.412,147.606,129.687,196.850,232.370,235.420,263.250,259.271,320.168,191.505,191.505,209.780,221.720,203.670,202.810,5.000,3.000,3.000,4.000,3.000,2.000,0.000,0.000,0.000,2.000,0.000,0.000,0.000,0.000,0.000,0.000,0.000,4.000,0.000,0.000,0.000,0.000,0.000,0.000
33277,33KV,141.638,134.601,159.232,154.737,162.237,126.397,108.193,108.193,148.407,164.542,152.317,134.000,217.620,236.610,220.360,215.927,215.927,243.496,108.193,108.193,217.920,217.110,212.000,212.740,4.000,1.000,5.000,3.000,1.000,2.000,0.000,0.000,1.000,1.000,0.000,0.000,0.000,0.000,0.000,0.000,0.000,0.000,0.000,0.000,0.000,0.000,0.000,0.000
33278,33KV,65.096,66.507,68.844,74.299,77.869,74.320,67.900,67.900,89.519,77.979,68.160,63.895,168.400,168.800,225.300,177.600,134.000,170.900,67.900,67.900,193.600,178.100,176.600,156.000,8.000,8.000,9.000,5.000,5.000,2.000,0.000,0.000,3.000,4.000,3.000,4.000,44.000,10.000,10.000,3.000,0.000,2.000,0.000,0.000,2.000,146.000,69.000,42.000
33279,33KV,64.951,66.432,68.764,74.224,77.821,74.356,68.300,68.300,,,70.781,64.040,151.000,169.700,161.800,177.000,135.000,139.900,68.300,68.300,,,177.500,166.100,8.000,8.000,9.000,5.000,5.000,2.000,0.000,0.000,,,1.000,4.000,30.000,12.000,14.000,2.000,0.000,0.000,0.000,0.000,,,50.000,50.000
33280,33KV,29.356,30.824,31.527,52.727,36.596,27.582,28.200,28.200,32.136,30.485,29.103,29.776,149.600,152.400,242.300,179.700,179.500,47.600,28.200,28.200,82.800,54.800,217.400,148.300,9.000,8.000,10.000,3.000,4.000,4.000,0.000,0.000,3.000,4.000,2.000,5.000,30.000,140.000,348.000,781.000,228.000,0.000,0.000,0.000,68.000,0.000,2.000,56.000
33281,33KV,29.361,30.875,31.546,53.192,36.746,27.564,28.000,28.000,,,30.198,29.851,150.200,152.400,195.900,181.300,176.900,46.700,28.000,28.000,,,106.400,233.600,9.000,8.000,10.000,3.000,4.000,4.000,0.000,0.000,,,1.000,5.000,32.000,140.000,380.000,797.000,228.000,0.000,0.000,0.000,,,2.000,60.000
33282,22KV,148.664,90.389,116.311,116.031,128.311,131.253,128.912,128.912,115.807,128.491,103.491,88.904,1754.533,132.600,192.150,154.764,204.998,172.475,128.912,128.912,157.690,210.830,146.070,128.820,1.000,4.000,4.000,1.000,1.000,0.000,0.000,0.000,1.000,2.000,0.000,1.000,469.000,0.000,0.000,0.000,0.000,0.000,0.000,0.000,0.000,0.000,0.000,0.000
33283,33KV,96.196,95.917,112.355,126.870,134.005,127.186,140.870,140.870,114.962,129.870,116.425,104.894,225.020,225.637,162.580,222.911,179.035,205.818,140.870,140.870,155.340,166.520,158.000,165.140,0.000,1.000,2.000,0.000,0.000,0.000,0.000,0.000,0.000,0.000,0.000,0.000,58.000,20.000,0.000,0.000,0.000,0.000,0.000,0.000,0.000,0.000,0.000,0.000
33284,33KV,101.459,103.123,121.714,135.086,,,,,,,103.131,103.450,135.190,142.220,161.760,175.250,,,,,,,129.590,164.480,0.000,0.000,0.000,0.000,,,,,,,0.000,0.000,0.000,0.000,0.000,0.000,,,,,,,0.000,0.000
33285,33KV,99.729,109.188,123.795,140.141,140.114,129.564,155.272,155.273,120.943,133.710,123.883,104.126,155.640,215.007,198.270,226.246,191.225,193.824,155.272,155.272,257.130,181.750,173.550,156.670,0.000,2.000,3.000,0.000,0.000,0.000,0.000,0.000,0.000,0.000,1.000,0.000,0.000,0.000,0.000,0.000,0.000,0.000,0.000,0.000,8.000,0.000,0.000,0.000
33286,33KV,103.976,115.301,132.728,140.156,,,,,,,109.841,102.482,154.470,183.960,196.760,199.960,,,,,,,159.240,155.120,0.000,1.000,1.000,0.000,,,,,,,0.000,0.000,0.000,0.000,0.000,0.000,,,,,,,0.000,0.000
33287,33KV,104.732,99.373,117.524,135.578,165.239,148.988,,,133.084,155.590,118.490,121.500,231.200,187.890,232.710,257.023,336.639,246.730,,,251.940,239.790,206.210,210.200,3.000,0.000,1.000,0.000,1.000,0.000,,,0.000,0.000,1.000,1.000,2.000,0.000,0.000,0.000,2.000,0.000,,,0.000,0.000,0.000,0.000
33288,33KV,102.338,112.292,119.971,154.196,161.202,175.886,223.702,223.702,122.732,148.342,115.226,102.679,189.446,195.532,218.390,274.000,1200.456,292.131,223.702,223.702,178.120,245.460,172.190,193.450,0.000,0.000,1.000,0.000,0.000,0.000,0.000,0.000,0.000,0.000,0.000,0.000,0.000,0.000,0.000,0.000,2.000,0.000,0.000,0.000,0.000,0.000,0.000,0.000
33289,33KV,97.605,102.257,119.200,147.751,161.083,149.591,152.702,152.702,129.942,143.363,121.460,101.316,234.590,242.920,189.770,255.370,253.650,257.260,152.702,152.702,190.490,211.930,191.010,153.620,0.000,1.000,2.000,1.000,0.000,0.000,0.000,0.000,0.000,0.000,0.000,0.000,36.000,42.000,0.000,0.000,0.000,0.000,0.000,0.000,0.000,0.000,0.000,0.000
33290,33KV,91.034,91.864,95.276,135.043,140.925,138.249,129.840,129.840,105.790,122.713,105.116,87.914,141.227,157.340,160.984,246.832,211.629,237.211,129.840,129.840,146.730,177.980,159.800,136.210,0.000,0.000,3.000,0.000,0.000,0.000,0.000,0.000,0.000,0.000,1.000,0.000,0.000,0.000,0.000,0.000,0.000,0.000,0.000,0.000,0.000,0.000,0.000,0.000
33291,33KV,85.905,90.679,108.840,128.531,139.497,148.208,139.350,139.350,108.584,127.503,102.969,86.864,195.530,161.290,183.340,253.900,216.913,254.079,139.350,139.350,156.310,227.120,177.980,147.650,1.000,0.000,4.000,0.000,0.000,0.000,0.000,0.000,0.000,0.000,0.000,0.000,34.000,0.000,0.000,0.000,0.000,0.000,0.000,0.000,0.000,0.000,0.000,0.000
33292,33KV,42.194,43.480,53.199,59.333,59.725,64.754,52.827,52.827,55.416,57.280,51.073,44.973,95.020,71.650,113.060,103.320,92.697,155.282,52.827,52.827,76.220,153.190,110.180,67.820,0.000,0.000,6.000,0.000,0.000,0.000,0.000,0.000,1.000,0.000,0.000,0.000,8.000,0.000,4.000,0.000,0.000,10.000,0.000,0.000,0.000,6.000,2.000,0.000
33293,33KV,56.614,61.430,70.963,88.465,94.330,56.635,91.637,91.637,72.720,84.125,66.659,53.134,112.327,134.439,151.433,217.928,206.313,143.226,91.637,91.637,98.470,173.030,128.140,79.290,0.000,0.000,2.000,1.000,0.000,3.000,0.000,0.000,0.000,0.000,0.000,0.000,0.000,15.000,2.000,76.000,14.000,62.000,0.000,0.000,0.000,2.000,0.000,0.000
33294,33KV,31.749,32.675,36.806,39.344,33.951,39.058,37.004,37.004,37.851,42.227,38.276,32.766,88.570,84.120,84.333,81.563,59.047,56.802,37.004,37.004,49.450,55.380,49.360,54.250,8.000,3.000,5.000,4.000,1.000,1.000,0.000,0.000,1.000,0.000,0.000,0.000,84.000,30.000,28.000,4.000,0.000,0.000,0.000,0.000,0.000,0.000,0.000,0.000
33295,33KV,42.212,43.076,48.899,52.224,56.985,57.588,54.600,54.600,48.505,52.984,56.932,39.731,101.330,174.350,172.710,76.257,78.880,92.263,54.600,54.600,63.660,75.680,110.600,94.260,2.000,3.000,3.000,0.000,0.000,0.000,0.000,0.000,0.000,0.000,1.000,0.000,2.000,182.000,10.000,0.000,0.000,0.000,0.000,0.000,0.000,0.000,0.000,6.000
33298,33KV,153.621,154.484,155.886,166.249,167.425,161.346,144.404,144.404,156.880,158.698,164.093,151.350,184.733,200.658,195.990,249.657,230.247,193.153,144.404,144.404,180.870,231.970,317.740,186.960,0.000,1.000,0.000,3.000,0.000,0.000,0.000,0.000,1.000,0.000,2.000,0.000,0.000,0.000,0.000,0.000,0.000,0.000,0.000,0.000,0.000,0.000,0.000,0.000
33299,33KV,54.226,56.087,67.058,76.194,89.328,112.820,42.733,42.733,76.297,85.594,68.497,57.347,124.600,98.970,112.580,125.610,242.123,287.742,42.733,42.733,105.740,138.130,188.210,91.310,4.000,3.000,1.000,1.000,0.000,2.000,0.000,0.000,1.000,0.000,0.000,1.000,2.000,0.000,0.000,0.000,80.000,410.000,0.000,0.000,0.000,0.000,18.000,0.000
33300,33KV,99.469,105.859,126.484,144.488,160.427,130.017,154.028,154.028,139.066,130.376,110.311,97.987,213.260,195.830,221.520,255.805,267.175,227.416,154.028,154.028,210.820,232.090,204.490,209.000,3.000,2.000,1.000,0.000,0.000,2.000,0.000,0.000,0.000,0.000,0.000,1.000,44.000,0.000,0.000,0.000,0.000,0.000,0.000,0.000,0.000,0.000,0.000,52.000
33301,33KV,46.309,50.484,57.662,86.653,85.180,87.697,90.184,90.184,82.273,83.571,51.806,58.258,117.250,98.190,144.736,1803.122,125.125,214.756,90.184,90.184,124.020,146.670,111.870,186.310,0.000,1.000,3.000,2.000,0.000,2.000,0.000,0.000,1.000,2.000,2.000,3.000,60.000,0.000,12.000,64.000,0.000,69.000,0.000,0.000,0.000,0.000,26.000,40.000
33302,33KV,62.378,68.323,80.192,102.525,111.026,100.450,100.266,100.266,77.144,84.049,70.398,58.852,99.161,110.350,168.490,459.343,184.787,215.999,100.266,100.266,114.770,124.710,109.790,163.100,0.000,0.000,0.000,0.000,0.000,0.000,0.000,0.000,0.000,0.000,1.000,0.000,0.000,0.000,2.000,6.000,0.000,14.000,0.000,0.000,0.000,0.000,0.000,16.000
33303,22KV,4.032,4.173,4.204,4.426,4.462,4.462,4.462,4.462,4.290,4.290,4.290,4.290,7.088,7.605,7.668,4.462,4.462,4.462,4.462,4.462,4.290,4.290,4.290,4.290,2.000,0.000,1.000,0.000,0.000,0.000,0.000,0.000,0.000,0.000,0.000,0.000,0.000,0.000,0.000,0.000,0.000,0.000,0.000,0.000,0.000,0.000,0.000,0.000
33304,22KV,3.297,3.361,3.308,3.317,3.333,3.333,3.333,3.333,3.260,3.260,3.260,3.260,6.342,6.882,6.721,3.333,3.333,3.333,3.333,3.333,3.260,3.260,3.260,3.260,2.000,1.000,0.000,0.000,0.000,0.000,0.000,0.000,0.000,0.000,0.000,0.000,0.000,2.000,2.000,0.000,0.000,0.000,0.000,0.000,0.000,0.000,0.000,0.000
33305,33KV,73.489,92.761,84.636,84.067,85.652,79.565,83.417,83.417,71.325,81.212,66.153,58.684,162.830,192.380,238.790,1499.011,156.751,122.363,83.417,83.417,132.720,172.500,163.660,91.010,4.000,0.000,0.000,4.000,1.000,0.000,0.000,0.000,0.000,0.000,0.000,0.000,126.000,30.000,348.000,4.000,0.000,0.000,0.000,0.000,0.000,2.000,20.000,0.000
33306,33KV,102.826,85.127,102.330,115.141,110.765,118.125,107.447,107.447,108.333,95.847,77.030,90.052,626.729,148.050,190.860,206.608,824.497,190.035,107.447,107.447,162.140,143.910,169.040,202.190,5.000,2.000,5.000,3.000,1.000,1.000,0.000,0.000,1.000,1.000,0.000,4.000,8.000,0.000,0.000,0.000,4.000,0.000,0.000,0.000,0.000,0.000,18.000,102.000
33316,33KV,71.958,83.409,110.146,107.827,229.188,,,,75.299,81.440,81.440,81.440,133.980,218.420,209.090,226.450,229.188,,,,130.690,81.440,81.440,81.440,2.000,0.000,3.000,1.000,0.000,,,,0.000,0.000,0.000,0.000,0.000,70.000,0.000,2.000,0.000,,,,0.000,0.000,0.000,0.000
33317,33KV,55.776,83.646,110.430,108.168,,,,,,,60.666,62.665,133.720,217.300,209.880,226.770,,,,,,,136.950,168.010,2.000,0.000,3.000,1.000,,,,,,,0.000,2.000,28.000,70.000,0.000,2.000,,,,,,,2.000,32.000
33318,33KV,45.099,51.400,80.952,71.832,37.454,33.578,31.027,31.027,63.912,66.332,54.853,39.487,114.400,99.980,105.910,85.470,81.059,74.457,31.027,31.027,121.590,119.490,104.920,78.800,1.000,3.000,2.000,0.000,1.000,1.000,0.000,0.000,1.000,3.000,1.000,3.000,134.000,0.000,0.000,0.000,8.000,21.000,0.000,0.000,0.000,0.000,0.000,0.000
33319,33KV,24.780,24.780,63.035,114.645,,,,,,,24.780,24.780,24.780,24.780,151.910,204.950,,,,,,,24.780,24.780,0.000,0.000,1.000,1.000,,,,,,,0.000,0.000,0.000,0.000,192.000,0.000,,,,,,,0.000,0.000
33320,22KV,,21.826,20.229,22.963,,,,,,,,,,99.510,55.170,53.170,,,,,,,,,,0.000,0.000,0.000,,,,,,,,,,123.000,136.000,3.000,,,,,,,,
33320,33KV,15.214,12.108,12.931,52.892,30.179,13.370,5.179,5.179,17.752,19.637,16.454,17.027,50.340,347.822,73.058,161.585,127.611,43.780,5.179,5.179,55.170,64.910,52.960,53.590,5.000,4.000,3.000,4.000,3.000,4.000,0.000,0.000,1.000,0.000,0.000,0.000,886.000,102.000,158.000,598.000,494.000,359.000,0.000,0.000,200.000,548.000,554.000,648.000
33321,22KV,,54.140,58.421,64.655,,,,,,,,,,127.680,151.500,119.810,,,,,,,,,,3.000,5.000,0.000,,,,,,,,,,37.000,139.000,0.000,,,,,,,,
33321,33KV,48.456,44.325,51.467,54.611,51.899,58.092,28.312,28.312,41.951,45.726,44.027,59.327,160.760,106.204,180.229,100.335,121.189,177.882,28.312,28.312,92.120,101.850,149.360,134.590,10.000,4.000,4.000,2.000,3.000,4.000,0.000,0.000,3.000,4.000,4.000,3.000,314.000,160.000,88.000,0.000,2.000,219.000,0.000,0.000,84.000,106.000,328.000,202.000
33322,22KV,83.118,87.954,91.197,100.618,110.200,113.274,153.802,153.802,88.743,100.288,93.222,96.258,933.067,158.720,212.000,163.896,255.212,181.736,153.802,153.802,163.880,185.010,159.420,190.880,0.000,0.000,1.000,0.000,1.000,0.000,0.000,0.000,0.000,0.000,0.000,0.000,1.000,0.000,1.000,0.000,5.000,0.000,0.000,0.000,0.000,0.000,0.000,0.000
33323,22KV,94.855,96.862,99.667,127.130,133.435,130.316,152.393,152.393,114.108,131.524,113.230,112.138,158.480,884.944,197.450,192.300,257.559,188.544,152.393,152.393,182.190,177.260,170.450,166.460,1.000,1.000,1.000,0.000,0.000,0.000,0.000,0.000,0.000,0.000,0.000,0.000,0.000,2.000,0.000,0.000,0.000,0.000,0.000,0.000,0.000,0.000,0.000,0.000
33324,33KV,120.744,128.663,137.605,163.926,194.022,176.997,185.638,185.638,142.318,156.770,142.326,116.781,218.800,292.830,214.670,268.460,280.750,268.356,185.638,185.638,195.000,226.470,208.220,190.970,2.000,1.000,2.000,2.000,0.000,2.000,0.000,0.000,0.000,0.000,0.000,0.000,0.000,40.000,0.000,0.000,0.000,0.000,0.000,0.000,0.000,0.000,0.000,0.000
33325,33KV,123.091,126.117,139.892,164.901,,,,,142.181,156.640,142.262,116.672,216.140,265.170,214.030,268.790,,,,,195.150,226.840,208.370,191.800,1.000,0.000,2.000,1.000,,,,,0.000,0.000,0.000,0.000,0.000,54.000,0.000,0.000,,,,,0.000,0.000,0.000,0.000
33326,33KV,99.862,108.021,119.347,145.997,163.994,149.247,137.583,137.583,122.832,137.945,115.402,112.419,240.800,244.741,225.330,268.455,272.388,345.050,137.583,137.583,214.260,264.090,198.100,257.980,0.000,1.000,5.000,2.000,0.000,2.000,0.000,0.000,0.000,0.000,0.000,1.000,12.000,55.000,0.000,0.000,0.000,2.000,0.000,0.000,0.000,0.000,0.000,108.000
33327,33KV,103.542,114.079,130.615,143.158,,,,,,,112.706,113.046,272.760,293.950,225.700,218.390,,,,,,,181.710,257.920,0.000,0.000,0.000,1.000,,,,,,,0.000,1.000,14.000,2.000,0.000,0.000,,,,,,,0.000,108.000
33328,33KV,124.548,134.223,147.496,179.635,191.224,178.629,185.906,185.906,132.055,150.128,154.641,126.505,225.959,241.230,260.200,282.300,313.944,290.625,185.906,185.906,254.050,265.430,246.600,212.870,0.000,4.000,3.000,4.000,1.000,2.000,0.000,0.000,0.000,1.000,0.000,1.000,0.000,0.000,0.000,0.000,0.000,0.000,0.000,0.000,0.000,0.000,0.000,0.000
33329,33KV,119.540,132.749,150.444,183.284,,,,,,,147.485,126.568,210.410,241.170,276.580,281.570,,,,,,,227.660,213.480,0.000,3.000,1.000,0.000,,,,,,,0.000,0.000,0.000,0.000,0.000,0.000,,,,,,,0.000,0.000
33339,33KV,105.459,111.521,125.086,138.209,150.499,154.320,173.048,173.048,125.305,146.101,126.520,102.024,159.513,177.191,205.500,2021.883,259.226,1022.819,173.048,173.048,256.050,223.460,205.360,268.890,0.000,0.000,1.000,0.000,0.000,0.000,0.000,0.000,0.000,0.000,1.000,0.000,0.000,0.000,0.000,4.000,0.000,2.000,0.000,0.000,2.000,0.000,0.000,102.000
33340,33KV,110.753,103.104,125.831,154.294,162.927,167.935,193.211,193.211,127.826,157.207,130.656,119.682,2154.604,183.680,206.880,249.007,265.441,1146.286,193.211,193.211,223.460,218.900,191.690,197.350,0.000,0.000,2.000,1.000,1.000,0.000,0.000,0.000,0.000,0.000,0.000,0.000,8.000,0.000,0.000,0.000,0.000,2.000,0.000,0.000,0.000,0.000,0.000,0.000
33342,33KV,19.347,19.388,21.258,25.633,,,,,23.570,25.408,20.461,19.159,124.849,60.210,55.800,41.710,,,,,48.480,45.300,37.150,112.830,4.000,2.000,2.000,2.000,,,,,2.000,3.000,3.000,4.000,14.000,2.000,20.000,0.000,,,,,2.000,0.000,0.000,4.000
33343,33KV,19.305,19.358,21.283,25.646,,,,,,,19.302,19.141,112.280,60.350,55.930,40.880,,,,,,,31.760,113.660,5.000,1.000,4.000,2.000,,,,,,,1.000,4.000,12.000,2.000,24.000,0.000,,,,,,,0.000,4.000
33344,33KV,36.794,32.169,41.641,54.221,49.513,49.726,39.084,39.084,,,29.933,44.077,248.730,251.080,250.940,243.340,221.109,240.858,39.084,39.084,,,238.230,284.640,8.000,1.000,7.000,0.000,3.000,5.000,0.000,0.000,,,0.000,5.000,440.000,52.000,16.000,1.000,2.000,18.000,0.000,0.000,,,20.000,496.000
33345,33KV,36.697,32.209,41.660,54.267,49.533,49.895,38.670,38.670,,,33.744,43.993,251.220,250.940,324.970,247.630,221.938,236.163,38.670,38.670,,,242.520,283.810,8.000,3.000,6.000,0.000,3.000,5.000,0.000,0.000,,,0.000,4.000,436.000,54.000,14.000,3.000,2.000,18.000,0.000,0.000,,,22.000,494.000
33346,33KV,88.344,89.731,97.482,99.838,120.484,120.695,135.483,135.483,,,104.269,89.515,273.310,282.290,310.600,285.050,288.781,164.761,135.483,135.483,,,279.250,321.650,3.000,4.000,2.000,1.000,3.000,1.000,0.000,0.000,,,1.000,2.000,64.000,16.000,26.000,5.000,4.000,0.000,0.000,0.000,,,6.000,48.000
33347,33KV,88.279,89.742,97.357,99.796,120.220,120.515,135.483,135.483,,,102.047,89.574,273.040,280.910,310.460,284.910,277.733,164.761,135.483,135.483,,,265.170,319.720,1.000,5.000,3.000,2.000,2.000,1.000,0.000,0.000,,,0.000,2.000,60.000,18.000,24.000,8.000,4.000,0.000,0.000,0.000,,,4.000,50.000
33348,33KV,82.169,83.229,85.592,88.629,87.207,87.676,92.117,92.117,,,87.246,90.866,193.350,106.620,113.660,155.784,114.767,261.989,92.117,92.117,,,105.380,159.650,1.000,0.000,0.000,0.000,0.000,0.000,0.000,0.000,,,0.000,0.000,2.000,0.000,0.000,0.000,0.000,2.000,0.000,0.000,,,0.000,0.000
33349,33KV,82.162,83.174,85.537,88.560,87.292,87.590,91.979,91.979,,,87.169,90.829,159.510,107.030,113.800,155.232,114.629,246.797,91.979,91.979,,,105.650,179.260,1.000,0.000,0.000,0.000,0.000,0.000,0.000,0.000,,,0.000,0.000,0.000,0.000,0.000,0.000,0.000,2.000,0.000,0.000,,,0.000,0.000
33350,33KV,47.392,45.995,53.260,46.183,28.795,26.953,26.655,26.655,23.409,32.249,29.905,27.334,144.050,125.820,126.640,179.260,40.603,83.417,26.655,26.655,33.700,95.160,87.010,144.460,3.000,7.000,1.000,0.000,0.000,0.000,0.000,0.000,0.000,3.000,0.000,0.000,42.000,214.000,2.000,181.000,0.000,2.000,0.000,0.000,0.000,2.000,58.000,156.000
33351,33KV,37.902,40.058,48.844,63.319,69.390,66.871,72.092,72.092,55.227,61.406,49.830,41.565,92.120,60.210,72.780,107.033,100.266,99.989,72.092,72.092,70.160,82.860,76.100,85.350,3.000,1.000,1.000,0.000,0.000,0.000,0.000,0.000,0.000,0.000,1.000,0.000,2.000,0.000,0.000,0.000,0.000,0.000,0.000,0.000,0.000,0.000,0.000,2.000
33353,33KV,,,66.345,,,,,,,,,,,,78.390,,,,,,,,,,,,0.000,,,,,,,,,,,,0.000,,,,,,,,,
33354,33KV,131.156,138.648,157.629,159.108,197.937,190.957,202.036,202.036,157.708,177.871,169.559,150.568,261.360,377.728,262.240,313.641,327.544,280.261,202.036,202.036,222.050,266.030,233.390,262.020,6.000,6.000,2.000,4.000,3.000,1.000,0.000,0.000,0.000,0.000,1.000,0.000,0.000,10.000,0.000,0.000,0.000,0.000,0.000,0.000,0.000,0.000,0.000,0.000
33355,22KV,102.068,106.079,133.434,133.859,150.280,142.692,162.581,162.581,131.992,145.129,126.825,103.324,1109.547,286.467,258.720,259.613,879.397,253.435,162.581,162.581,198.870,302.340,179.380,205.870,0.000,0.000,3.000,0.000,2.000,1.000,0.000,0.000,0.000,0.000,0.000,0.000,3.000,47.000,0.000,0.000,3.000,0.000,0.000,0.000,0.000,1.000,0.000,0.000
33356,33KV,41.423,35.864,20.101,40.952,45.366,50.369,48.884,48.884,,,33.563,35.203,163.162,108.880,186.990,172.587,55.420,61.210,48.884,48.884,,,39.640,47.390,11.000,5.000,3.000,0.000,0.000,0.000,0.000,0.000,,,0.000,0.000,696.000,32.000,152.000,430.000,0.000,0.000,0.000,0.000,,,0.000,0.000
33358,33KV,27.102,12.358,15.165,27.954,20.982,23.800,23.893,23.893,,,,,121.703,28.319,21.939,146.350,29.669,35.374,23.893,23.893,,,,,7.000,2.000,0.000,7.000,0.000,0.000,0.000,0.000,,,,,620.000,4.000,0.000,406.000,0.000,0.000,0.000,0.000,,,,
33360,33KV,23.443,20.785,19.621,24.007,24.668,26.659,26.654,26.654,,,,,74.799,56.553,24.815,52.774,29.040,31.486,26.654,26.654,,,,,5.000,4.000,1.000,2.000,0.000,0.000,0.000,0.000,,,,,172.000,58.000,0.000,10.000,0.000,0.000,0.000,0.000,,,,
33370,33KV,13.118,13.007,12.528,15.708,,,,,,,10.439,11.910,31.190,122.570,40.240,47.460,,,,,,,18.850,23.700,0.000,3.000,2.000,0.000,,,,,,,0.000,0.000,2.000,34.000,44.000,21.000,,,,,,,0.000,0.000
33376,33KV,,55.465,16.291,16.503,,,,,,,,,,56.090,20.250,21.190,,,,,,,,,,0.000,0.000,0.000,,,,,,,,,,0.000,0.000,0.000,,,,,,,,
33388,33KV,,310.033,237.052,34.595,,,,,,,,,,400.100,493.940,53.450,,,,,,,,,,0.000,0.000,0.000,,,,,,,,,,0.000,4.000,0.000,,,,,,,,
33389,33KV,,,405.043,35.425,,,,,,,,,,,415.630,53.930,,,,,,,,,,,0.000,0.000,,,,,,,,,,,0.000,0.000,,,,,,,,
33390,33KV,,,297.705,,,,,,,,,,,,439.590,,,,,,,,,,,,0.000,,,,,,,,,,,,0.000,,,,,,,,,
33391,33KV,,,303.927,,,,,,,,,,,,415.910,,,,,,,,,,,,0.000,,,,,,,,,,,,0.000,,,,,,,,,
33392,33KV,,,289.703,,,,,,,,,,,,407.830,,,,,,,,,,,,0.000,,,,,,,,,,,,0.000,,,,,,,,,
33393,33KV,,,306.433,,,,,,,,,,,,423.570,,,,,,,,,,,,0.000,,,,,,,,,,,,0.000,,,,,,,,,
33394,33KV,,,427.270,,,,,,,,,,,,439.180,,,,,,,,,,,,0.000,,,,,,,,,,,,0.000,,,,,,,,,
33395,33KV,,,240.755,,,,,,,,,,,,401.550,,,,,,,,,,,,0.000,,,,,,,,,,,,0.000,,,,,,,,,
33409,22KV,9.000,,,,,,,,,253.250,,,11.000,,,,,,,,,367.000,,,1.000,,,,,,,,,0.000,,,0.000,,,,,,,,,0.000,,
33410,33KV,,,,76.501,,,,,,,,,,,,101.380,,,,,,,,,,,,0.000,,,,,,,,,,,,0.000,,,,,,,,
33411,33KV,,0.196,15.847,200.524,,,,,,,,,,0.420,208.430,287.950,,,,,,,,,,0.000,1.000,0.000,,,,,,,,,,18.000,244.000,0.000,,,,,,,,
33424,33KV,,142.560,,,,,,,,,,,,142.560,,,,,,,,,,,,0.000,,,,,,,,,,,,0.000,,,,,,,,,,
33425,33KV,,142.560,,,,,,,,,,,,142.560,,,,,,,,,,,,0.000,,,,,,,,,,,,0.000,,,,,,,,,,
33426,33KV,,142.560,,,,,,,,,,,,142.560,,,,,,,,,,,,0.000,,,,,,,,,,,,0.000,,,,,,,,,,
33427,33KV,,142.560,,,,,,,,,,,,142.560,,,,,,,,,,,,0.000,,,,,,,,,,,,0.000,,,,,,,,,,
33428,33KV,,142.560,,,,,,,,,,,,142.560,,,,,,,,,,,,0.000,,,,,,,,,,,,0.000,,,,,,,,,,
33429,33KV,,135.100,,,,,,,,,,,,135.100,,,,,,,,,,,,0.000,,,,,,,,,,,,0.000,,,,,,,,,,
33430,33KV,,145.370,,,,,,,,,,,,145.370,,,,,,,,,,,,0.000,,,,,,,,,,,,0.000,,,,,,,,,,
33432,33KV,,145.370,,,,,,,,,,,,145.370,,,,,,,,,,,,0.000,,,,,,,,,,,,0.000,,,,,,,,,,
33433,33KV,,145.370,,,,,,,,,,,,145.370,,,,,,,,,,,,0.000,,,,,,,,,,,,0.000,,,,,,,,,,
33434,33KV,,145.370,,,,,,,,,,,,145.370,,,,,,,,,,,,0.000,,,,,,,,,,,,0.000,,,,,,,,,,
33436,33KV,,,838.416,,,,,,,,,,,,2403.370,,,,,,,,,,,,0.000,,,,,,,,,,,,2.000,,,,,,,,,
33442,33KV,,,2122.880,,,,,,,,,,,,3205.750,,,,,,,,,,,,0.000,,,,,,,,,,,,0.000,,,,,,,,,
