SWITCH_ID,YEAR,ACTUAL_COVERED,PRED_COVERED,PRED_FULL
1103,2019,2.0,0.8993504643440247,0.8993504643440247
1129,2019,1.0,0.7754831314086914,0.7754831314086914
1133,2019,3.0,0.829759418964386,0.829759418964386
1135,2019,2.0,0.8353145718574524,0.8353145718574524
1143,2019,0.0,0.7378343939781189,0.7378343939781189
1159,2019,0.0,0.7683139443397522,0.7683139443397522
1163,2019,0.0,0.9235575795173645,0.9235575795173645
1172,2019,0.0,0.7714493870735168,0.7714493870735168
1192,2019,0.0,0.835576057434082,0.835576057434082
1196,2019,1.0,0.7735623717308044,0.7735623717308044
1285,2019,3.0,0.9122047424316406,0.9122047424316406
1289,2019,1.0,0.9094743728637695,0.9094743728637695
22001,2019,0.0,0.750569224357605,0.750569224357605
22004,2019,0.0,0.9006832242012024,0.9006832242012024
22030,2019,4.0,0.7407438158988953,0.7407438158988953
22043,2019,1.0,0.861752450466156,0.861752450466156
22090,2019,1.0,0.8376296162605286,0.8376296162605286
33010,2019,0.0,0.9316827654838562,0.9316827654838562
33011,2019,0.0,0.8238562345504761,0.8238562345504761
33015,2019,1.0,0.8503581881523132,0.8503581881523132
33017,2019,0.0,0.8555375337600708,0.8555375337600708
33018,2019,0.0,0.8403831124305725,0.8403831124305725
33021,2019,0.0,0.8807860016822815,0.8807860016822815
33022,2019,1.0,0.8455905914306641,0.8455905914306641
33024,2019,0.0,0.8729977607727051,0.8729977607727051
33025,2019,0.0,0.908757209777832,0.908757209777832
33026,2019,1.0,0.8831760883331299,0.8831760883331299
33027,2019,2.0,0.8763363361358643,0.8763363361358643
33028,2019,0.0,0.7477779388427734,0.7477779388427734
33029,2019,0.0,0.771058976650238,0.771058976650238
33030,2019,0.0,0.8809850215911865,0.8809850215911865
33032,2019,0.0,0.8145700693130493,0.8145700693130493
33036,2019,1.0,0.7734535336494446,0.7734535336494446
33037,2019,0.0,0.7901939749717712,0.7901939749717712
33039,2019,0.0,0.8067928552627563,0.8067928552627563
33050,2019,0.0,0.844789445400238,0.844789445400238
33052,2019,0.0,0.8690308928489685,0.8690308928489685
33053,2019,1.0,0.8001120686531067,0.8001120686531067
33054,2019,1.0,0.887841522693634,0.887841522693634
33055,2019,1.0,0.8401142358779907,0.8401142358779907
33056,2019,0.0,0.8193870782852173,0.8193870782852173
33061,2019,0.0,0.8008622527122498,0.8008622527122498
33062,2019,0.0,0.7919472455978394,0.7919472455978394
33063,2019,2.0,0.7821582555770874,0.7821582555770874
33064,2019,0.0,0.8687074780464172,0.8687074780464172
33065,2019,2.0,0.7124689817428589,0.7124689817428589
33069,2019,0.0,0.764754056930542,0.764754056930542
33070,2019,0.0,0.8279570937156677,0.8279570937156677
33075,2019,0.0,0.8238996267318726,0.8238996267318726
33081,2019,0.0,0.8208602666854858,0.8208602666854858
33082,2019,1.0,0.7195706963539124,0.7195706963539124
33084,2019,1.0,0.9088693857192993,0.9088693857192993
33085,2019,0.0,0.8144663572311401,0.8144663572311401
33087,2019,1.0,0.6936684846878052,0.6936684846878052
33088,2019,0.0,0.8906769156455994,0.8906769156455994
33089,2019,0.0,0.7715798020362854,0.7715798020362854
33094,2019,0.0,0.7449938058853149,0.7449938058853149
33096,2019,1.0,0.8112640976905823,0.8112640976905823
33098,2019,1.0,0.8765300512313843,0.8765300512313843
33100,2019,0.0,0.7898867726325989,0.7898867726325989
33101,2019,2.0,0.7879019975662231,0.7879019975662231
33104,2019,2.0,0.8776476383209229,0.8776476383209229
33105,2019,0.0,0.8544523119926453,0.8544523119926453
33109,2019,3.0,0.8471671342849731,0.8471671342849731
33118,2019,0.0,0.7968451380729675,0.7968451380729675
33119,2019,0.0,0.9403800964355469,0.9403800964355469
33120,2019,2.0,0.826890230178833,0.826890230178833
33121,2019,0.0,0.9191200137138367,0.9191200137138367
33124,2019,0.0,0.8589938282966614,0.8589938282966614
33125,2019,0.0,0.820266842842102,0.820266842842102
33128,2019,2.0,0.8335888385772705,0.8335888385772705
33129,2019,0.0,0.8510025143623352,0.8510025143623352
33130,2019,2.0,0.8808811902999878,0.8808811902999878
33131,2019,0.0,0.7345966696739197,0.7345966696739197
33134,2019,0.0,0.8714102506637573,0.8714102506637573
33137,2019,0.0,0.8704943656921387,0.8704943656921387
33138,2019,0.0,0.8033443093299866,0.8033443093299866
33139,2019,1.0,0.7777880430221558,0.7777880430221558
33148,2019,1.0,0.8542377352714539,0.8542377352714539
33149,2019,4.0,0.9262595176696777,0.9262595176696777
33151,2019,2.0,0.8885620832443237,0.8885620832443237
33154,2019,11.0,0.8753105401992798,0.8753105401992798
33159,2019,1.0,0.7468562722206116,0.7468562722206116
33166,2019,0.0,0.8765645027160645,0.8765645027160645
33167,2019,0.0,0.8104234337806702,0.8104234337806702
33170,2019,0.0,0.7671687006950378,0.7671687006950378
33172,2019,0.0,0.749330461025238,0.749330461025238
33178,2019,0.0,0.9175726175308228,0.9175726175308228
33180,2019,0.0,0.7893516421318054,0.7893516421318054
33181,2019,3.0,0.790388822555542,0.790388822555542
33184,2019,0.0,0.8523069620132446,0.8523069620132446
33190,2019,1.0,0.8826613426208496,0.8826613426208496
33191,2019,2.0,0.8500500321388245,0.8500500321388245
33192,2019,0.0,0.8439390659332275,0.8439390659332275
33205,2019,0.0,0.8262221813201904,0.8262221813201904
33206,2019,1.0,0.8637365698814392,0.8637365698814392
33208,2019,1.0,0.7908493876457214,0.7908493876457214
33214,2019,2.0,0.8091619610786438,0.8091619610786438
33215,2019,1.0,0.7973154187202454,0.7973154187202454
33216,2019,0.0,0.7694908380508423,0.7694908380508423
33217,2019,0.0,0.8160985708236694,0.8160985708236694
33224,2019,0.0,0.8570861220359802,0.8570861220359802
33226,2019,2.0,0.7636345624923706,0.7636345624923706
33229,2019,0.0,0.727350115776062,0.727350115776062
33230,2019,0.0,0.6473197937011719,0.6473197937011719
33235,2019,0.0,0.8322678208351135,0.8322678208351135
33236,2019,1.0,0.7878279685974121,0.7878279685974121
33238,2019,0.0,0.8214424848556519,0.8214424848556519
33243,2019,2.0,0.8738165497779846,0.8738165497779846
33245,2019,0.0,0.8242717981338501,0.8242717981338501
33246,2019,1.0,0.8942141532897949,0.8942141532897949
220814,2019,0.0,0.9089890122413635,0.9089890122413635
1103,2020,2.0,0.7644444108009338,0.7644444108009338
1129,2020,2.0,0.6727942228317261,0.6727942228317261
1133,2020,5.0,0.8440020084381104,0.8440020084381104
1135,2020,1.0,0.8767879605293274,0.8767879605293274
1143,2020,0.0,0.8237694501876831,0.8237694501876831
1151,2020,1.0,0.7576468586921692,0.7576468586921692
1171,2020,1.0,0.7132285237312317,0.7132285237312317
1172,2020,0.0,0.7686607241630554,0.7686607241630554
1193,2020,2.0,0.7224336862564087,0.7224336862564087
1196,2020,1.0,0.991808295249939,0.991808295249939
1285,2020,0.0,0.8227282762527466,0.8227282762527466
1289,2020,0.0,0.761358380317688,0.761358380317688
22001,2020,2.0,0.782355785369873,0.782355785369873
22002,2020,0.0,0.6601083278656006,0.6601083278656006
22026,2020,0.0,0.8454613089561462,0.8454613089561462
22030,2020,2.0,0.683521032333374,0.683521032333374
22043,2020,0.0,0.7321779727935791,0.7321779727935791
22090,2020,1.0,0.7761447429656982,0.7761447429656982
33010,2020,0.0,0.8095542192459106,0.8095542192459106
33011,2020,0.0,0.6463565230369568,0.6463565230369568
33015,2020,1.0,0.8008216619491577,0.8008216619491577
33017,2020,0.0,0.6445351839065552,0.6445351839065552
33018,2020,0.0,0.8434852361679077,0.8434852361679077
33020,2020,2.0,0.8402706384658813,0.8402706384658813
33021,2020,1.0,0.9349572062492371,0.9349572062492371
33022,2020,1.0,0.7393080592155457,0.7393080592155457
33024,2020,0.0,0.9238642454147339,0.9238642454147339
33026,2020,0.0,0.8699421286582947,0.8699421286582947
33027,2020,1.0,0.7223135232925415,0.7223135232925415
33028,2020,2.0,0.8480125665664673,0.8480125665664673
33029,2020,0.0,0.7716081738471985,0.7716081738471985
33032,2020,0.0,0.7924076914787292,0.7924076914787292
33036,2020,1.0,0.71745765209198,0.71745765209198
33037,2020,2.0,0.7672392725944519,0.7672392725944519
33045,2020,1.0,0.7816882133483887,0.7816882133483887
33050,2020,0.0,0.8913138508796692,0.8913138508796692
33053,2020,2.0,0.9080361127853394,0.9080361127853394
33054,2020,2.0,0.6936911940574646,0.6936911940574646
33055,2020,3.0,0.7539735436439514,0.7539735436439514
33056,2020,0.0,0.797810971736908,0.797810971736908
33059,2020,0.0,0.7852619886398315,0.7852619886398315
33061,2020,0.0,0.7766554355621338,0.7766554355621338
33063,2020,0.0,0.8557020425796509,0.8557020425796509
33064,2020,0.0,0.7543392181396484,0.7543392181396484
33065,2020,0.0,0.8024104833602905,0.8024104833602905
33069,2020,1.0,0.8297245502471924,0.8297245502471924
33070,2020,2.0,0.8264570832252502,0.8264570832252502
33081,2020,2.0,0.8065956234931946,0.8065956234931946
33082,2020,0.0,0.6911327838897705,0.6911327838897705
33084,2020,0.0,0.7951480150222778,0.7951480150222778
33085,2020,0.0,0.7001587152481079,0.7001587152481079
33087,2020,2.0,0.79502934217453,0.79502934217453
33096,2020,0.0,0.7703493237495422,0.7703493237495422
33097,2020,2.0,0.79289311170578,0.79289311170578
33098,2020,0.0,0.6530031561851501,0.6530031561851501
33099,2020,0.0,0.769156277179718,0.769156277179718
33101,2020,2.0,0.7239885330200195,0.7239885330200195
33104,2020,0.0,0.7680431008338928,0.7680431008338928
33105,2020,2.0,0.7287352085113525,0.7287352085113525
33109,2020,1.0,0.8053798079490662,0.8053798079490662
33120,2020,0.0,0.9374391436576843,0.9374391436576843
33121,2020,0.0,0.7666972875595093,0.7666972875595093
33125,2020,0.0,0.7483882904052734,0.7483882904052734
33128,2020,0.0,0.8504212498664856,0.8504212498664856
33130,2020,4.0,0.7919561266899109,0.7919561266899109
33134,2020,0.0,0.7784637212753296,0.7784637212753296
33138,2020,0.0,0.8993361592292786,0.8993361592292786
33139,2020,2.0,0.7028669118881226,0.7028669118881226
33140,2020,1.0,0.8884415030479431,0.8884415030479431
33148,2020,1.0,0.8837865591049194,0.8837865591049194
33149,2020,2.0,0.7918906211853027,0.7918906211853027
33151,2020,1.0,0.7486425638198853,0.7486425638198853
33154,2020,3.0,0.898576557636261,0.898576557636261
33159,2020,1.0,0.737847089767456,0.737847089767456
33163,2020,0.0,0.7081758379936218,0.7081758379936218
33166,2020,1.0,0.753328800201416,0.753328800201416
33167,2020,1.0,0.6883794069290161,0.6883794069290161
33172,2020,0.0,0.6566205620765686,0.6566205620765686
33178,2020,0.0,0.7986394166946411,0.7986394166946411
33181,2020,0.0,0.8558849096298218,0.8558849096298218
33182,2020,1.0,0.8958225846290588,0.8958225846290588
33184,2020,0.0,0.7750378251075745,0.7750378251075745
33190,2020,0.0,0.7592664957046509,0.7592664957046509
33191,2020,1.0,0.7737055420875549,0.7737055420875549
33192,2020,0.0,0.6674770712852478,0.6674770712852478
33205,2020,0.0,0.7998406291007996,0.7998406291007996
33206,2020,0.0,0.8781502842903137,0.8781502842903137
33208,2020,2.0,0.8347651362419128,0.8347651362419128
33214,2020,0.0,0.8082700371742249,0.8082700371742249
33215,2020,0.0,0.7122387886047363,0.7122387886047363
33217,2020,0.0,0.6739175319671631,0.6739175319671631
33222,2020,0.0,0.7588490843772888,0.7588490843772888
33224,2020,0.0,0.922254204750061,0.922254204750061
33226,2020,0.0,0.6554698944091797,0.6554698944091797
33228,2020,2.0,0.864843487739563,0.864843487739563
33235,2020,0.0,0.8072977066040039,0.8072977066040039
33236,2020,2.0,0.8533532023429871,0.8533532023429871
33237,2020,0.0,0.7251371145248413,0.7251371145248413
33238,2020,4.0,0.8191118240356445,0.8191118240356445
33243,2020,0.0,0.8852299451828003,0.8852299451828003
33244,2020,1.0,0.7996936440467834,0.7996936440467834
33245,2020,0.0,0.9601585268974304,0.9601585268974304
33246,2020,0.0,0.7754426002502441,0.7754426002502441
1103,2021,2.0,0.8614373207092285,0.8614373207092285
1129,2021,2.0,1.1282423734664917,1.1282423734664917
1133,2021,2.0,1.035298228263855,1.035298228263855
1135,2021,0.0,0.8878886699676514,0.8878886699676514
1151,2021,0.0,1.029784083366394,1.029784083366394
1171,2021,0.0,0.9713178277015686,0.9713178277015686
1193,2021,0.0,0.958113431930542,0.958113431930542
1196,2021,0.0,0.9987455010414124,0.9987455010414124
1285,2021,0.0,0.9751741290092468,0.9751741290092468
1289,2021,0.0,1.1102080345153809,1.1102080345153809
22001,2021,2.0,1.0269795656204224,1.0269795656204224
22002,2021,0.0,0.9806944727897644,0.9806944727897644
22004,2021,0.0,0.9817430973052979,0.9817430973052979
22026,2021,0.0,0.8158946633338928,0.8158946633338928
22030,2021,1.0,1.0224195718765259,1.0224195718765259
22043,2021,0.0,0.8906195163726807,0.8906195163726807
22090,2021,0.0,0.973321259021759,0.973321259021759
33001,2021,2.0,0.9518681764602661,0.9518681764602661
33002,2021,2.0,0.9137725830078125,0.9137725830078125
33015,2021,1.0,1.106252908706665,1.106252908706665
33019,2021,0.0,1.0842077732086182,1.0842077732086182
33020,2021,0.0,1.1388747692108154,1.1388747692108154
33021,2021,0.0,0.9284887909889221,0.9284887909889221
33022,2021,0.0,0.9953860640525818,0.9953860640525818
33026,2021,2.0,0.9178282022476196,0.9178282022476196
33027,2021,1.0,0.9489840269088745,0.9489840269088745
33028,2021,1.0,0.8829675912857056,0.8829675912857056
33036,2021,3.0,1.0444235801696777,1.0444235801696777
33037,2021,3.0,0.9402430057525635,0.9402430057525635
33045,2021,0.0,1.0450165271759033,1.0450165271759033
33052,2021,2.0,0.9295734763145447,0.9295734763145447
33053,2021,3.0,0.9533519744873047,0.9533519744873047
33054,2021,3.0,1.1163116693496704,1.1163116693496704
33055,2021,1.0,1.1608467102050781,1.1608467102050781
33059,2021,1.0,0.891390323638916,0.891390323638916
33062,2021,0.0,0.9862446188926697,0.9862446188926697
33063,2021,0.0,0.9467512369155884,0.9467512369155884
33065,2021,0.0,0.9219212532043457,0.9219212532043457
33069,2021,0.0,0.963195264339447,0.963195264339447
33070,2021,0.0,1.0049850940704346,1.0049850940704346
33081,2021,1.0,0.9268432259559631,0.9268432259559631
33082,2021,2.0,0.8370127081871033,0.8370127081871033
33084,2021,2.0,0.8408718705177307,0.8408718705177307
33087,2021,0.0,1.0451511144638062,1.0451511144638062
33093,2021,0.0,0.9896032810211182,0.9896032810211182
33096,2021,1.0,0.9969651699066162,0.9969651699066162
33097,2021,1.0,0.9914314150810242,0.9914314150810242
33098,2021,0.0,0.9737555980682373,0.9737555980682373
33099,2021,0.0,1.1098880767822266,1.1098880767822266
33101,2021,1.0,1.056411623954773,1.056411623954773
33104,2021,2.0,0.9539774060249329,0.9539774060249329
33105,2021,3.0,0.931432843208313,0.931432843208313
33106,2021,1.0,0.9147622585296631,0.9147622585296631
33109,2021,0.0,0.8312678337097168,0.8312678337097168
33111,2021,0.0,0.8192945718765259,0.8192945718765259
33119,2021,1.0,1.0104807615280151,1.0104807615280151
33120,2021,1.0,0.9026652574539185,0.9026652574539185
33128,2021,5.0,1.012648344039917,1.012648344039917
33129,2021,4.0,0.916671633720398,0.916671633720398
33130,2021,0.0,1.089571237564087,1.089571237564087
33139,2021,0.0,0.914918065071106,0.914918065071106
33140,2021,0.0,0.8567657470703125,0.8567657470703125
33148,2021,3.0,0.9072511792182922,0.9072511792182922
33149,2021,4.0,1.168209433555603,1.168209433555603
33150,2021,0.0,0.9104374051094055,0.9104374051094055
33151,2021,0.0,1.0203731060028076,1.0203731060028076
33154,2021,0.0,1.0510196685791016,1.0510196685791016
33155,2021,0.0,0.9341060519218445,0.9341060519218445
33159,2021,0.0,1.0896384716033936,1.0896384716033936
33163,2021,0.0,1.0919733047485352,1.0919733047485352
33166,2021,0.0,1.0196177959442139,1.0196177959442139
33167,2021,0.0,1.0525717735290527,1.0525717735290527
33177,2021,2.0,1.0216187238693237,1.0216187238693237
33181,2021,1.0,0.9563726186752319,0.9563726186752319
33182,2021,0.0,1.0279252529144287,1.0279252529144287
33186,2021,1.0,0.9961388111114502,0.9961388111114502
33190,2021,1.0,0.9899088740348816,0.9899088740348816
33191,2021,3.0,1.1769880056381226,1.1769880056381226
33206,2021,0.0,1.118708848953247,1.118708848953247
33208,2021,1.0,0.8382112383842468,0.8382112383842468
33209,2021,0.0,0.9333677291870117,0.9333677291870117
33214,2021,0.0,0.929160475730896,0.929160475730896
33215,2021,0.0,1.048830509185791,1.048830509185791
33222,2021,2.0,0.9972058534622192,0.9972058534622192
33226,2021,0.0,1.0008046627044678,1.0008046627044678
33228,2021,0.0,0.9377890825271606,0.9377890825271606
33230,2021,1.0,1.0675727128982544,1.0675727128982544
33234,2021,0.0,0.8467139005661011,0.8467139005661011
33236,2021,0.0,0.9391605854034424,0.9391605854034424
33237,2021,0.0,0.9742696285247803,0.9742696285247803
33238,2021,2.0,0.9714938402175903,0.9714938402175903
33240,2021,2.0,1.1173821687698364,1.1173821687698364
33243,2021,1.0,0.9767696857452393,0.9767696857452393
33244,2021,1.0,0.9322958588600159,0.9322958588600159
33246,2021,0.0,1.0238293409347534,1.0238293409347534
33248,2021,0.0,0.9863227009773254,0.9863227009773254
33273,2021,0.0,0.9605878591537476,0.9605878591537476
33276,2021,1.0,0.9791163802146912,0.9791163802146912
33289,2021,0.0,1.1324225664138794,1.1324225664138794
33294,2021,3.0,1.0593576431274414,1.0593576431274414
1103,2022,2.0,0.8973458409309387,0.8973458409309387
1129,2022,0.0,0.8189836740493774,0.8189836740493774
1133,2022,4.0,1.0591686964035034,1.0591686964035034
1135,2022,0.0,0.8651270866394043,0.8651270866394043
1151,2022,1.0,0.8952491283416748,0.8952491283416748
1163,2022,0.0,0.8647943735122681,0.8647943735122681
1171,2022,1.0,0.9749816656112671,0.9749816656112671
1192,2022,2.0,0.9714005589485168,0.9714005589485168
1193,2022,1.0,0.8385029435157776,0.8385029435157776
1196,2022,0.0,0.7558824419975281,0.7558824419975281
22001,2022,2.0,1.0000793933868408,1.0000793933868408
22004,2022,0.0,0.6653401255607605,0.6653401255607605
22030,2022,0.0,0.9221130609512329,0.9221130609512329
22090,2022,0.0,0.8122671842575073,0.8122671842575073
33001,2022,0.0,0.6511074304580688,0.6511074304580688
33002,2022,1.0,0.8993926048278809,0.8993926048278809
33008,2022,0.0,1.121457576751709,1.121457576751709
33012,2022,0.0,1.0236479043960571,1.0236479043960571
33015,2022,2.0,0.8636071085929871,0.8636071085929871
33019,2022,0.0,0.6678044199943542,0.6678044199943542
33020,2022,2.0,0.8127121329307556,0.8127121329307556
33021,2022,0.0,0.7549420595169067,0.7549420595169067
33022,2022,0.0,0.777458906173706,0.777458906173706
33025,2022,0.0,0.7198907136917114,0.7198907136917114
33026,2022,1.0,0.9795092344284058,0.9795092344284058
33027,2022,0.0,0.9601317048072815,0.9601317048072815
33028,2022,0.0,0.813784122467041,0.813784122467041
33032,2022,1.0,0.7257044315338135,0.7257044315338135
33036,2022,0.0,0.7918038368225098,0.7918038368225098
33037,2022,0.0,1.0435048341751099,1.0435048341751099
33045,2022,0.0,0.732877254486084,0.732877254486084
33052,2022,0.0,0.8028000593185425,0.8028000593185425
33053,2022,2.0,0.7679224014282227,0.7679224014282227
33054,2022,7.0,0.962130069732666,0.962130069732666
33055,2022,0.0,0.9399420022964478,0.9399420022964478
33056,2022,1.0,0.7393792867660522,0.7393792867660522
33059,2022,0.0,0.8535169959068298,0.8535169959068298
33062,2022,0.0,0.8577117323875427,0.8577117323875427
33069,2022,0.0,0.7414685487747192,0.7414685487747192
33070,2022,2.0,0.7545484304428101,0.7545484304428101
33075,2022,1.0,0.8449417352676392,0.8449417352676392
33081,2022,3.0,0.8869857788085938,0.8869857788085938
33082,2022,0.0,0.7260240316390991,0.7260240316390991
33084,2022,1.0,0.8439663052558899,0.8439663052558899
33086,2022,0.0,0.9041687250137329,0.9041687250137329
33087,2022,2.0,1.0154180526733398,1.0154180526733398
33093,2022,1.0,0.8038520812988281,0.8038520812988281
33094,2022,0.0,0.7426770329475403,0.7426770329475403
33096,2022,0.0,0.9048851728439331,0.9048851728439331
33097,2022,0.0,0.7721744179725647,0.7721744179725647
33100,2022,0.0,0.7854707837104797,0.7854707837104797
33101,2022,1.0,0.7136901617050171,0.7136901617050171
33102,2022,1.0,0.9324122667312622,0.9324122667312622
33104,2022,1.0,0.7120612263679504,0.7120612263679504
33105,2022,2.0,0.9176395535469055,0.9176395535469055
33106,2022,1.0,0.7227673530578613,0.7227673530578613
33107,2022,0.0,0.8914485573768616,0.8914485573768616
33109,2022,2.0,0.8488161563873291,0.8488161563873291
33111,2022,0.0,0.8176169395446777,0.8176169395446777
33119,2022,1.0,0.9114010334014893,0.9114010334014893
33120,2022,0.0,0.7834852337837219,0.7834852337837219
33124,2022,1.0,0.931302011013031,0.931302011013031
33125,2022,0.0,0.8611205816268921,0.8611205816268921
33128,2022,2.0,0.9059397578239441,0.9059397578239441
33129,2022,2.0,0.9937731027603149,0.9937731027603149
33130,2022,2.0,0.9870778322219849,0.9870778322219849
33137,2022,1.0,0.8008689880371094,0.8008689880371094
33139,2022,1.0,0.9566624164581299,0.9566624164581299
33140,2022,0.0,0.972190260887146,0.972190260887146
33148,2022,2.0,0.9882023334503174,0.9882023334503174
33149,2022,3.0,0.8598871231079102,0.8598871231079102
33150,2022,1.0,0.9980427026748657,0.9980427026748657
33151,2022,0.0,0.7358198165893555,0.7358198165893555
33154,2022,1.0,0.9440993666648865,0.9440993666648865
33155,2022,1.0,0.951410710811615,0.951410710811615
33159,2022,0.0,0.9425055980682373,0.9425055980682373
33166,2022,0.0,0.6363369226455688,0.6363369226455688
33167,2022,1.0,0.8601542711257935,0.8601542711257935
33175,2022,0.0,0.8442680239677429,0.8442680239677429
33177,2022,0.0,0.8932915329933167,0.8932915329933167
33179,2022,1.0,0.7786141633987427,0.7786141633987427
33180,2022,0.0,0.9018601775169373,0.9018601775169373
33181,2022,0.0,0.7185454964637756,0.7185454964637756
33182,2022,0.0,0.8340902328491211,0.8340902328491211
33184,2022,1.0,0.9302797913551331,0.9302797913551331
33186,2022,0.0,0.6156636476516724,0.6156636476516724
33190,2022,2.0,0.8446080684661865,0.8446080684661865
33191,2022,0.0,0.924301266670227,0.924301266670227
33197,2022,2.0,0.8496088981628418,0.8496088981628418
33199,2022,1.0,0.7837128639221191,0.7837128639221191
33205,2022,1.0,0.8360628485679626,0.8360628485679626
33208,2022,7.0,0.815963864326477,0.815963864326477
33209,2022,2.0,0.7847710847854614,0.7847710847854614
33222,2022,0.0,0.795490026473999,0.795490026473999
33228,2022,2.0,0.7088510990142822,0.7088510990142822
33230,2022,2.0,1.0172934532165527,1.0172934532165527
33234,2022,0.0,0.7699939608573914,0.7699939608573914
33236,2022,1.0,0.9057250022888184,0.9057250022888184
33238,2022,3.0,0.9833515286445618,0.9833515286445618
33239,2022,0.0,1.1066728830337524,1.1066728830337524
33240,2022,0.0,0.9271402359008789,0.9271402359008789
33243,2022,1.0,0.8255653381347656,0.8255653381347656
33244,2022,1.0,0.8524217009544373,0.8524217009544373
33248,2022,1.0,0.8765848278999329,0.8765848278999329
33256,2022,0.0,0.9155133366584778,0.9155133366584778
33273,2022,2.0,0.9603748321533203,0.9603748321533203
33276,2022,0.0,1.0205225944519043,1.0205225944519043
33287,2022,0.0,1.1491963863372803,1.1491963863372803
33289,2022,0.0,1.0152827501296997,1.0152827501296997
33290,2022,0.0,0.7722733020782471,0.7722733020782471
33294,2022,0.0,0.689895749092102,0.689895749092102
33299,2022,0.0,0.9676833748817444,0.9676833748817444
33300,2022,1.0,0.8507313132286072,0.8507313132286072
33329,2022,2.0,0.8422720432281494,0.8422720432281494
1103,2023,1.0,1.2231210470199585,1.2231210470199585
1129,2023,0.0,0.9156637787818909,0.9156637787818909
1133,2023,2.0,1.435698390007019,1.435698390007019
1151,2023,1.0,0.3109607994556427,0.3109607994556427
1159,2023,1.0,0.34718093276023865,0.34718093276023865
1163,2023,0.0,0.7820613980293274,0.7820613980293274
1171,2023,0.0,1.2444504499435425,1.2444504499435425
1192,2023,0.0,0.6840788722038269,0.6840788722038269
1193,2023,0.0,0.6204854846000671,0.6204854846000671
1289,2023,1.0,0.8961042761802673,0.8961042761802673
22001,2023,1.0,2.2440531253814697,2.2440531253814697
22026,2023,0.0,0.8230871558189392,0.8230871558189392
22030,2023,0.0,1.1324806213378906,1.1324806213378906
33001,2023,0.0,0.4808777868747711,0.4808777868747711
33002,2023,0.0,0.8061597943305969,0.8061597943305969
33006,2023,0.0,0.6015290021896362,0.6015290021896362
33008,2023,0.0,0.860087513923645,0.860087513923645
33012,2023,0.0,1.015075445175171,1.015075445175171
33015,2023,0.0,0.9124795198440552,0.9124795198440552
33020,2023,1.0,1.3294124603271484,1.3294124603271484
33025,2023,0.0,0.39892151951789856,0.39892151951789856
33026,2023,6.0,1.7650818824768066,1.7650818824768066
33027,2023,2.0,1.1029607057571411,1.1029607057571411
33028,2023,0.0,0.6205075979232788,0.6205075979232788
33030,2023,2.0,0.3458245098590851,0.3458245098590851
33031,2023,0.0,0.7360507845878601,0.7360507845878601
33032,2023,2.0,0.43819838762283325,0.43819838762283325
33036,2023,0.0,0.7222875356674194,0.7222875356674194
33037,2023,1.0,1.3129910230636597,1.3129910230636597
33038,2023,0.0,0.8176677227020264,0.8176677227020264
33039,2023,0.0,0.38929134607315063,0.38929134607315063
33041,2023,0.0,1.4718998670578003,1.4718998670578003
33043,2023,1.0,0.5575385093688965,0.5575385093688965
33049,2023,0.0,0.5427327156066895,0.5427327156066895
33052,2023,0.0,1.0996724367141724,1.0996724367141724
33053,2023,1.0,1.2595338821411133,1.2595338821411133
33054,2023,1.0,1.3151533603668213,1.3151533603668213
33055,2023,0.0,0.6875442266464233,0.6875442266464233
33056,2023,1.0,0.6874285340309143,0.6874285340309143
33059,2023,3.0,0.6761090755462646,0.6761090755462646
33063,2023,1.0,0.5218791365623474,0.5218791365623474
33070,2023,0.0,1.2042404413223267,1.2042404413223267
33075,2023,0.0,0.33099669218063354,0.33099669218063354
33081,2023,1.0,0.6843987703323364,0.6843987703323364
33082,2023,1.0,0.7838720679283142,0.7838720679283142
33084,2023,0.0,1.0951558351516724,1.0951558351516724
33086,2023,0.0,0.722281813621521,0.722281813621521
33087,2023,1.0,0.7994385957717896,0.7994385957717896
33088,2023,2.0,0.30694955587387085,0.30694955587387085
33093,2023,0.0,1.0460697412490845,1.0460697412490845
33094,2023,2.0,0.3407805860042572,0.3407805860042572
33096,2023,0.0,0.3548559546470642,0.3548559546470642
33097,2023,3.0,1.448138952255249,1.448138952255249
33100,2023,0.0,0.38324394822120667,0.38324394822120667
33101,2023,3.0,0.78656005859375,0.78656005859375
33102,2023,2.0,0.7874076962471008,0.7874076962471008
33104,2023,1.0,0.6032233834266663,0.6032233834266663
33105,2023,1.0,0.7541025280952454,0.7541025280952454
33106,2023,0.0,1.3655654191970825,1.3655654191970825
33107,2023,1.0,0.3095734119415283,0.3095734119415283
33109,2023,2.0,1.5420050621032715,1.5420050621032715
33112,2023,0.0,0.6677082777023315,0.6677082777023315
33118,2023,1.0,0.6751060485839844,0.6751060485839844
33119,2023,0.0,0.3076785206794739,0.3076785206794739
33120,2023,0.0,1.4433218240737915,1.4433218240737915
33124,2023,2.0,0.49946129322052,0.49946129322052
33125,2023,0.0,0.3190058171749115,0.3190058171749115
33126,2023,0.0,0.7767308950424194,0.7767308950424194
33127,2023,0.0,0.7333230972290039,0.7333230972290039
33128,2023,2.0,0.6300029754638672,0.6300029754638672
33129,2023,2.0,1.0144226551055908,1.0144226551055908
33130,2023,3.0,1.8368455171585083,1.8368455171585083
33131,2023,2.0,0.26677218079566956,0.26677218079566956
33137,2023,0.0,0.3080826699733734,0.3080826699733734
33138,2023,0.0,0.5379371047019958,0.5379371047019958
33139,2023,0.0,0.6800920963287354,0.6800920963287354
33148,2023,0.0,1.7241671085357666,1.7241671085357666
33149,2023,0.0,1.6934384107589722,1.6934384107589722
33150,2023,0.0,0.4133898913860321,0.4133898913860321
33154,2023,3.0,1.7846903800964355,1.7846903800964355
33155,2023,0.0,0.2493124157190323,0.2493124157190323
33156,2023,0.0,0.48991847038269043,0.48991847038269043
33163,2023,6.0,0.3003205358982086,0.3003205358982086
33167,2023,2.0,0.5774630904197693,0.5774630904197693
33170,2023,0.0,0.5597192645072937,0.5597192645072937
33175,2023,0.0,0.5279561877250671,0.5279561877250671
33176,2023,0.0,0.46963682770729065,0.46963682770729065
33177,2023,1.0,0.39326000213623047,0.39326000213623047
33179,2023,1.0,0.5072618126869202,0.5072618126869202
33180,2023,0.0,0.19422869384288788,0.19422869384288788
33181,2023,2.0,0.3806091248989105,0.3806091248989105
33184,2023,1.0,0.6977421641349792,0.6977421641349792
33186,2023,0.0,0.7353428602218628,0.7353428602218628
33190,2023,0.0,0.9430041909217834,0.9430041909217834
33191,2023,0.0,1.0696786642074585,1.0696786642074585
33197,2023,0.0,0.7364663481712341,0.7364663481712341
33199,2023,1.0,1.0396212339401245,1.0396212339401245
33205,2023,0.0,0.46006548404693604,0.46006548404693604
33208,2023,3.0,1.3783832788467407,1.3783832788467407
33209,2023,1.0,1.2436184883117676,1.2436184883117676
33210,2023,1.0,1.0075125694274902,1.0075125694274902
33218,2023,0.0,1.1543171405792236,1.1543171405792236
33222,2023,1.0,0.870062530040741,0.870062530040741
33228,2023,0.0,1.3354679346084595,1.3354679346084595
33230,2023,4.0,0.574152410030365,0.574152410030365
33236,2023,5.0,1.0707753896713257,1.0707753896713257
33237,2023,1.0,0.6678079962730408,0.6678079962730408
33238,2023,1.0,0.8530001640319824,0.8530001640319824
33239,2023,0.0,0.6134675145149231,0.6134675145149231
33240,2023,1.0,1.299354910850525,1.299354910850525
33243,2023,2.0,1.1456512212753296,1.1456512212753296
33244,2023,1.0,0.6736044883728027,0.6736044883728027
33246,2023,1.0,0.2967412769794464,0.2967412769794464
33248,2023,1.0,0.5262004137039185,0.5262004137039185
33250,2023,3.0,0.4841867983341217,0.4841867983341217
33252,2023,0.0,0.5531024932861328,0.5531024932861328
33256,2023,0.0,0.7869539856910706,0.7869539856910706
33259,2023,4.0,0.6676129698753357,0.6676129698753357
33269,2023,1.0,0.5312047600746155,0.5312047600746155
33273,2023,2.0,0.6735055446624756,0.6735055446624756
33276,2023,0.0,0.5792650580406189,0.5792650580406189
33286,2023,0.0,0.8942093849182129,0.8942093849182129
33287,2023,0.0,0.44376030564308167,0.44376030564308167
33288,2023,0.0,0.9031601548194885,0.9031601548194885
33290,2023,0.0,0.37213730812072754,0.37213730812072754
33294,2023,0.0,1.1106120347976685,1.1106120347976685
33299,2023,1.0,0.5312016606330872,0.5312016606330872
33300,2023,1.0,0.679783046245575,0.679783046245575
33301,2023,0.0,0.552911102771759,0.552911102771759
33302,2023,0.0,1.2207705974578857,1.2207705974578857
33303,2023,0.0,0.5894833207130432,0.5894833207130432
33305,2023,0.0,1.026488184928894,1.026488184928894
33323,2023,1.0,0.47530147433280945,0.47530147433280945
33329,2023,0.0,1.9980320930480957,1.9980320930480957
33348,2023,0.0,1.0629239082336426,1.0629239082336426
39655,2023,0.0,0.7966559529304504,0.7966559529304504
1103,2024,0.0,0.58690345287323,0.58690345287323
1133,2024,2.0,1.2153676748275757,1.2153676748275757
1143,2024,0.0,0.6065900325775146,0.6065900325775146
1151,2024,2.0,0.7370663285255432,0.7370663285255432
1159,2024,0.0,0.7447661757469177,0.7447661757469177
1171,2024,0.0,0.7279173731803894,0.7279173731803894
1192,2024,0.0,0.7220131158828735,0.7220131158828735
1193,2024,0.0,0.6659839749336243,0.6659839749336243
1289,2024,2.0,0.8850361704826355,0.8850361704826355
2202,2024,1.0,0.981946587562561,0.981946587562561
2205,2024,0.0,0.8492072224617004,0.8492072224617004
22001,2024,0.0,0.9379558563232422,0.9379558563232422
22026,2024,0.0,0.9565198421478271,0.9565198421478271
33002,2024,0.0,0.5041264891624451,0.5041264891624451
33006,2024,0.0,0.9596871733665466,0.9596871733665466
33011,2024,0.0,1.0966873168945312,1.0966873168945312
33015,2024,1.0,0.5963016748428345,0.5963016748428345
33020,2024,0.0,1.0088295936584473,1.0088295936584473
33024,2024,0.0,0.7680290937423706,0.7680290937423706
33026,2024,3.0,0.7088871002197266,0.7088871002197266
33027,2024,0.0,0.8871761560440063,0.8871761560440063
33030,2024,2.0,1.075020432472229,1.075020432472229
33031,2024,2.0,0.8074243068695068,0.8074243068695068
33032,2024,2.0,0.8058545589447021,0.8058545589447021
33037,2024,0.0,0.8206751942634583,0.8206751942634583
33038,2024,0.0,0.8942748308181763,0.8942748308181763
33039,2024,0.0,0.538567841053009,0.538567841053009
33041,2024,0.0,0.5795583128929138,0.5795583128929138
33043,2024,0.0,0.8582457304000854,0.8582457304000854
33045,2024,1.0,0.6620504856109619,0.6620504856109619
33049,2024,0.0,1.4821127653121948,1.4821127653121948
33053,2024,1.0,0.8082088828086853,0.8082088828086853
33054,2024,4.0,0.8901387453079224,0.8901387453079224
33056,2024,1.0,1.0398871898651123,1.0398871898651123
33059,2024,3.0,0.8790487051010132,0.8790487051010132
33063,2024,2.0,1.0345091819763184,1.0345091819763184
33069,2024,1.0,0.700000524520874,0.700000524520874
33070,2024,0.0,0.9238157868385315,0.9238157868385315
33074,2024,3.0,0.7508079409599304,0.7508079409599304
33075,2024,0.0,0.7110275030136108,0.7110275030136108
33081,2024,1.0,0.7265905141830444,0.7265905141830444
33082,2024,1.0,0.8667319416999817,0.8667319416999817
33084,2024,0.0,0.5527461767196655,0.5527461767196655
33087,2024,0.0,1.0017573833465576,1.0017573833465576
33088,2024,0.0,0.8213463425636292,0.8213463425636292
33093,2024,0.0,0.8877758979797363,0.8877758979797363
33094,2024,0.0,1.0794825553894043,1.0794825553894043
33097,2024,0.0,0.8983441591262817,0.8983441591262817
33098,2024,0.0,0.6923715472221375,0.6923715472221375
33099,2024,1.0,0.9889277815818787,0.9889277815818787
33101,2024,0.0,0.9695877432823181,0.9695877432823181
33102,2024,0.0,0.9831221103668213,0.9831221103668213
33104,2024,1.0,0.9492025375366211,0.9492025375366211
33105,2024,1.0,0.8171107172966003,0.8171107172966003
33106,2024,1.0,0.777403712272644,0.777403712272644
33107,2024,2.0,0.8591662645339966,0.8591662645339966
33109,2024,0.0,1.300323247909546,1.300323247909546
33111,2024,1.0,0.9149478077888489,0.9149478077888489
33112,2024,0.0,0.6939982175827026,0.6939982175827026
33118,2024,0.0,1.0534428358078003,1.0534428358078003
33119,2024,0.0,0.6766341328620911,0.6766341328620911
33121,2024,0.0,0.9276987314224243,0.9276987314224243
33124,2024,3.0,0.6011791229248047,0.6011791229248047
33126,2024,0.0,0.6954535841941833,0.6954535841941833
33127,2024,0.0,1.0839067697525024,1.0839067697525024
33128,2024,2.0,0.5423480272293091,0.5423480272293091
33129,2024,1.0,1.0242323875427246,1.0242323875427246
33130,2024,2.0,0.7076548933982849,0.7076548933982849
33131,2024,0.0,0.7530834078788757,0.7530834078788757
33137,2024,0.0,0.8022124171257019,0.8022124171257019
33138,2024,3.0,0.6608425378799438,0.6608425378799438
33139,2024,0.0,0.713862955570221,0.713862955570221
33140,2024,0.0,0.7127748131752014,0.7127748131752014
33148,2024,0.0,0.77959144115448,0.77959144115448
33149,2024,0.0,1.1490669250488281,1.1490669250488281
33150,2024,0.0,0.6833921074867249,0.6833921074867249
33151,2024,1.0,0.5575436353683472,0.5575436353683472
33154,2024,5.0,1.3201115131378174,1.3201115131378174
33155,2024,0.0,0.5622465014457703,0.5622465014457703
33156,2024,0.0,0.659376323223114,0.659376323223114
33162,2024,0.0,0.9583728909492493,0.9583728909492493
33163,2024,0.0,0.5356628894805908,0.5356628894805908
33167,2024,0.0,0.5248693823814392,0.5248693823814392
33170,2024,1.0,0.6591389179229736,0.6591389179229736
33172,2024,1.0,0.7265623807907104,0.7265623807907104
33176,2024,2.0,0.975766122341156,0.975766122341156
33177,2024,0.0,0.8384926915168762,0.8384926915168762
33179,2024,0.0,0.9450438618659973,0.9450438618659973
33181,2024,0.0,1.245498776435852,1.245498776435852
33184,2024,2.0,0.9104214906692505,0.9104214906692505
33190,2024,0.0,0.513103187084198,0.513103187084198
33197,2024,0.0,0.9484620094299316,0.9484620094299316
33199,2024,0.0,0.8422746062278748,0.8422746062278748
33205,2024,0.0,0.9640624523162842,0.9640624523162842
33206,2024,1.0,0.7543174028396606,0.7543174028396606
33207,2024,2.0,1.0058528184890747,1.0058528184890747
33208,2024,0.0,1.2354711294174194,1.2354711294174194
33209,2024,1.0,0.7566632032394409,0.7566632032394409
33210,2024,0.0,0.6609857082366943,0.6609857082366943
33213,2024,0.0,1.116020917892456,1.116020917892456
33214,2024,0.0,0.6125203371047974,0.6125203371047974
33218,2024,0.0,0.8164131045341492,0.8164131045341492
33222,2024,1.0,0.9389042258262634,0.9389042258262634
33224,2024,0.0,0.7245523929595947,0.7245523929595947
33228,2024,0.0,0.6725884675979614,0.6725884675979614
33230,2024,1.0,0.8142019510269165,0.8142019510269165
33236,2024,6.0,0.7213179469108582,0.7213179469108582
33237,2024,1.0,0.7178516983985901,0.7178516983985901
33238,2024,2.0,1.3112155199050903,1.3112155199050903
33240,2024,1.0,0.900290846824646,0.900290846824646
33243,2024,0.0,0.9261823296546936,0.9261823296546936
33244,2024,1.0,0.8467233180999756,0.8467233180999756
33245,2024,1.0,0.9247593879699707,0.9247593879699707
33246,2024,0.0,0.5938007831573486,0.5938007831573486
33248,2024,2.0,0.6819064617156982,0.6819064617156982
33250,2024,0.0,0.9039170145988464,0.9039170145988464
33252,2024,0.0,0.5043920874595642,0.5043920874595642
33259,2024,1.0,0.7349268198013306,0.7349268198013306
33269,2024,0.0,0.9031444191932678,0.9031444191932678
33273,2024,3.0,0.9138936996459961,0.9138936996459961
33286,2024,0.0,0.8451609015464783,0.8451609015464783
33288,2024,1.0,0.5233263373374939,0.5233263373374939
33289,2024,1.0,1.1314352750778198,1.1314352750778198
33293,2024,0.0,0.9320390820503235,0.9320390820503235
33299,2024,0.0,0.7337841987609863,0.7337841987609863
33300,2024,0.0,0.4200577139854431,0.4200577139854431
33301,2024,0.0,0.8056791424751282,0.8056791424751282
33302,2024,0.0,0.8305178284645081,0.8305178284645081
33303,2024,0.0,0.6955417990684509,0.6955417990684509
33305,2024,1.0,0.7469603419303894,0.7469603419303894
33317,2024,1.0,0.9379528164863586,0.9379528164863586
33319,2024,0.0,1.007067322731018,1.007067322731018
33320,2024,1.0,0.6202714443206787,0.6202714443206787
33321,2024,0.0,1.5527504682540894,1.5527504682540894
33323,2024,0.0,0.8829368352890015,0.8829368352890015
33325,2024,4.0,0.5716091394424438,0.5716091394424438
33327,2024,1.0,0.6822288036346436,0.6822288036346436
33329,2024,2.0,0.6343143582344055,0.6343143582344055
33340,2024,0.0,0.9397377371788025,0.9397377371788025
33344,2024,0.0,0.9028229117393494,0.9028229117393494
33346,2024,0.0,0.9276849627494812,0.9276849627494812
33348,2024,2.0,0.6333918571472168,0.6333918571472168
33351,2024,0.0,0.864386796951294,0.864386796951294
33355,2024,4.0,0.8997783660888672,0.8997783660888672
39655,2024,0.0,0.778261125087738,0.778261125087738
220101,2024,0.0,1.0137122869491577,1.0137122869491577
1102,2025,0.0,0.19640527665615082,0.7453453540802002
1103,2025,1.0,0.19210921227931976,0.8130139112472534
1133,2025,1.0,0.21545878052711487,0.8884892463684082
1143,2025,1.0,0.1529616415500641,0.6383436322212219
1151,2025,0.0,0.22299730777740479,1.0112743377685547
1159,2025,0.0,0.11916093528270721,0.4705207645893097
1289,2025,0.0,0.21288201212882996,0.8913260698318481
2202,2025,2.0,0.14029699563980103,0.6104736328125
2205,2025,0.0,0.2275238335132599,0.9347389340400696
11540,2025,0.0,0.21171802282333374,0.8722139596939087
22001,2025,0.0,0.19648543000221252,0.8060337901115417
33001,2025,0.0,0.1604350507259369,0.6579095721244812
33011,2025,0.0,0.16807371377944946,0.7046704292297363
33015,2025,0.0,0.16466090083122253,0.6735554337501526
33020,2025,0.0,0.14400139451026917,0.5729708671569824
33024,2025,0.0,0.20078755915164948,0.7829965353012085
33026,2025,0.0,0.1888553649187088,0.8062770962715149
33027,2025,0.0,0.16844341158866882,0.7829572558403015
33030,2025,0.0,0.2078762948513031,0.7722280621528625
33031,2025,0.0,0.20433932542800903,0.870837926864624
33032,2025,0.0,0.20542755722999573,0.8783423900604248
33036,2025,0.0,0.13330744206905365,0.5378615260124207
33037,2025,0.0,0.18428927659988403,0.7028053402900696
33043,2025,0.0,0.1947619915008545,0.797789990901947
33045,2025,0.0,0.22095581889152527,0.8884998559951782
33053,2025,0.0,0.23341840505599976,1.0028854608535767
33054,2025,0.0,0.20540526509284973,0.8344728946685791
33056,2025,0.0,0.2720571458339691,1.0674629211425781
33059,2025,0.0,0.1310449242591858,0.5439530611038208
33062,2025,0.0,0.17178750038146973,0.7242105603218079
33063,2025,0.0,0.17809613049030304,0.7315424084663391
33069,2025,0.0,0.23946058750152588,1.033512830734253
33074,2025,0.0,0.30513840913772583,1.216692328453064
33081,2025,0.0,0.1917964220046997,0.7652375102043152
33082,2025,0.0,0.1788402497768402,0.7231441140174866
33085,2025,0.0,0.2798553705215454,1.1666358709335327
33087,2025,0.0,0.1622525006532669,0.6788634657859802
33088,2025,0.0,0.22565731406211853,0.9406023621559143
33094,2025,0.0,0.16097494959831238,0.66814124584198
33097,2025,1.0,0.20769067108631134,0.8337104916572571
33098,2025,0.0,0.14396058022975922,0.6091014742851257
33099,2025,0.0,0.18876498937606812,0.7959619164466858
33101,2025,0.0,0.14408981800079346,0.6047711968421936
33102,2025,1.0,0.17362363636493683,0.6769100427627563
33104,2025,2.0,0.19150367379188538,0.7808048725128174
33105,2025,0.0,0.2039637267589569,0.8775947690010071
33106,2025,0.0,0.18726986646652222,0.7029944658279419
33107,2025,0.0,0.23161926865577698,0.9910786151885986
33109,2025,0.0,0.2099970579147339,0.8350449800491333
33111,2025,0.0,0.24773888289928436,0.9008882641792297
33118,2025,0.0,0.22302508354187012,0.9112136960029602
33120,2025,0.0,0.1974371373653412,0.8260266780853271
33121,2025,0.0,0.15676100552082062,0.6811325550079346
33124,2025,1.0,0.1837235689163208,0.7937591075897217
33128,2025,0.0,0.22144344449043274,0.8771345019340515
33129,2025,0.0,0.16568352282047272,0.6753398180007935
33130,2025,1.0,0.2270646095275879,0.932665228843689
33131,2025,0.0,0.25878986716270447,1.0122510194778442
33138,2025,0.0,0.21873176097869873,0.9184594750404358
33140,2025,0.0,0.12948128581047058,0.5385910868644714
33151,2025,0.0,0.21505138278007507,0.8514738082885742
33154,2025,1.0,0.3707949221134186,1.3629339933395386
33160,2025,0.0,0.21625661849975586,0.8675064444541931
33162,2025,0.0,0.18636751174926758,0.8177157640457153
33163,2025,1.0,0.18231910467147827,0.7310214638710022
33164,2025,0.0,0.1327734738588333,0.5176630020141602
33167,2025,0.0,0.21774110198020935,0.8633399605751038
33170,2025,0.0,0.16849026083946228,0.6748580932617188
33172,2025,0.0,0.269691526889801,1.053338885307312
33176,2025,0.0,0.12472331523895264,0.5257123112678528
33177,2025,0.0,0.16268636286258698,0.7687150835990906
33179,2025,0.0,0.1271035373210907,0.526037335395813
33180,2025,0.0,0.172178715467453,0.6651194095611572
33181,2025,0.0,0.17369022965431213,0.7404996156692505
33184,2025,0.0,0.13052916526794434,0.5927881598472595
33199,2025,0.0,0.16725784540176392,0.6168111562728882
33206,2025,0.0,0.27436399459838867,1.1245458126068115
33207,2025,0.0,0.19848009943962097,0.7618377208709717
33208,2025,0.0,0.2602127194404602,0.9825781583786011
33209,2025,0.0,0.16415956616401672,0.663567841053009
33210,2025,0.0,0.16403938829898834,0.6723648309707642
33213,2025,0.0,0.156113862991333,0.6471496224403381
33214,2025,1.0,0.17761942744255066,0.6621986627578735
33220,2025,0.0,0.16917625069618225,0.6882385015487671
33222,2025,0.0,0.16304409503936768,0.6800408959388733
33224,2025,0.0,0.18593594431877136,0.7660450339317322
33230,2025,0.0,0.24505671858787537,0.9449763894081116
33236,2025,0.0,0.2073211967945099,0.8653401136398315
33237,2025,0.0,0.19788870215415955,0.7562651038169861
33238,2025,0.0,0.22903577983379364,0.9077021479606628
33240,2025,0.0,0.27309754490852356,1.0826045274734497
33243,2025,0.0,0.16570809483528137,0.6350111365318298
33244,2025,0.0,0.18457981944084167,0.726987361907959
33245,2025,0.0,0.1657281517982483,0.6832398176193237
33246,2025,0.0,0.23904216289520264,0.8461910486221313
33248,2025,0.0,0.24475324153900146,0.9949230551719666
33250,2025,0.0,0.28387725353240967,1.2187049388885498
33259,2025,0.0,0.23491108417510986,0.9240073561668396
33269,2025,0.0,0.21229714155197144,0.8436574339866638
33273,2025,0.0,0.2274949848651886,0.9312363862991333
33287,2025,0.0,0.22277089953422546,0.888373613357544
33288,2025,0.0,0.1730147898197174,0.6725304126739502
33289,2025,1.0,0.23073402047157288,0.983542263507843
33293,2025,0.0,0.1771448254585266,0.6897286176681519
33294,2025,0.0,0.2144213318824768,0.8427940607070923
33299,2025,0.0,0.1985594779253006,0.7606383562088013
33300,2025,0.0,0.20410099625587463,0.79678875207901
33305,2025,0.0,0.21093043684959412,0.8173580765724182
33317,2025,1.0,0.22323575615882874,0.8560357093811035
33319,2025,0.0,0.20416617393493652,0.8616711497306824
33320,2025,0.0,0.18687185645103455,0.7406430244445801
33321,2025,0.0,0.1809219866991043,0.7386466860771179
33322,2025,0.0,0.16110007464885712,0.6375097632408142
33323,2025,1.0,0.16481010615825653,0.6677480936050415
33325,2025,0.0,0.33104202151298523,1.3104718923568726
33327,2025,1.0,0.1375657021999359,0.5324357151985168
33329,2025,0.0,0.22379061579704285,0.8842864036560059
33340,2025,0.0,0.27207809686660767,1.1785110235214233
33344,2025,0.0,0.1770424246788025,0.7182442545890808
33346,2025,0.0,0.24347847700119019,0.9562201499938965
33348,2025,0.0,0.19163212180137634,0.7844663858413696
33351,2025,0.0,0.2558360993862152,1.0209424495697021
33353,2025,0.0,0.22784306108951569,0.8357180953025818
33355,2025,0.0,0.29099780321121216,1.244124412536621
33362,2025,0.0,0.20421189069747925,0.7710465788841248
220101,2025,0.0,0.18056482076644897,0.7590075731277466
